0.000000000000000000e+00,-3.600781250000000266e-01
2.000500125031257970e-05,-3.600781250000000266e-01
4.001000250062515941e-05,-5.200781250000000577e-01
6.001500375093773911e-05,-8.000781249999999734e-01
8.002000500125031881e-05,-7.800781250000000666e-01
1.000250062515628985e-04,-1.020078124999999947e+00
1.200300075018754782e-04,-1.020078124999999947e+00
1.400350087521880444e-04,-1.020078124999999947e+00
1.600400100025006376e-04,-1.160078125000000071e+00
1.800450112528132309e-04,-1.160078125000000071e+00
2.000500125031257970e-04,-1.220078125000000124e+00
2.200550137534383632e-04,-1.220078125000000124e+00
2.400600150037509564e-04,-1.300078124999999973e+00
2.600650162540635497e-04,-1.300078124999999973e+00
2.800700175043760887e-04,-1.320078124999999991e+00
3.000750187546886820e-04,-1.320078124999999991e+00
3.200800200050012752e-04,-1.280078124999999956e+00
3.400850212553138685e-04,-1.280078124999999956e+00
3.600900225056264618e-04,-1.220078125000000124e+00
3.800950237559390008e-04,-1.220078125000000124e+00
4.001000250062515941e-04,-1.060078124999999982e+00
4.201050262565641873e-04,-1.060078124999999982e+00
4.401100275068767264e-04,-9.400781249999999867e-01
4.601150287571893196e-04,-6.400781250000000533e-01
4.801200300075019129e-04,-6.600781249999999600e-01
5.001250312578145061e-04,-4.200781250000000244e-01
5.201300325081270994e-04,-4.200781250000000244e-01
5.401350337584396926e-04,-1.600781250000000155e-01
5.601400350087521775e-04,-1.800781250000000056e-01
5.801450362590647707e-04,5.999999999999999778e-02
6.001500375093773640e-04,2.000000000000000042e-02
6.201550387596899572e-04,2.600000000000000089e-01
6.401600400100025505e-04,2.600000000000000089e-01
6.601650412603151438e-04,5.600000000000000533e-01
6.801700425106277370e-04,5.400000000000000355e-01
7.001750437609403303e-04,5.400000000000000355e-01
7.201800450112529235e-04,6.800000000000000488e-01
7.401850462615654084e-04,9.200000000000000400e-01
7.601900475118780016e-04,9.200000000000000400e-01
7.801950487621905949e-04,9.200000000000000400e-01
8.002000500125031881e-04,1.020000000000000018e+00
8.202050512628157814e-04,1.020000000000000018e+00
8.402100525131283746e-04,1.100000000000000089e+00
8.602150537634409679e-04,1.100000000000000089e+00
8.802200550137534527e-04,1.179999999999999938e+00
9.002250562640660460e-04,1.179999999999999938e+00
9.202300575143786392e-04,1.159999999999999920e+00
9.402350587646912325e-04,1.159999999999999920e+00
9.602400600150038257e-04,1.080000000000000071e+00
9.802450612653164190e-04,1.080000000000000071e+00
1.000250062515629012e-03,9.599999999999999645e-01
1.020255063765941606e-03,9.599999999999999645e-01
1.040260065016254199e-03,8.599999999999999867e-01
1.060265066266566792e-03,6.400000000000000133e-01
1.080270067516879385e-03,6.400000000000000133e-01
1.100275068767191979e-03,4.199999999999999845e-01
1.120280070017504355e-03,4.400000000000000022e-01
1.140285071267816948e-03,2.200000000000000011e-01
1.160290072518129541e-03,2.399999999999999911e-01
1.180295073768442135e-03,-4.007812499999999917e-02
1.200300075018754728e-03,-4.007812499999999917e-02
1.220305076269067321e-03,-3.400781250000000089e-01
1.240310077519379914e-03,-3.000781250000000289e-01
1.260315078769692508e-03,-6.200781250000000355e-01
1.280320080020005101e-03,-6.200781250000000355e-01
1.300325081270317694e-03,-6.200781250000000355e-01
1.320330082520630288e-03,-8.000781249999999734e-01
1.340335083770942881e-03,-8.000781249999999734e-01
1.360340085021255474e-03,-9.800781250000000222e-01
1.380345086271568067e-03,-1.220078125000000124e+00
1.400350087521880661e-03,-1.200078125000000107e+00
1.420355088772193254e-03,-1.200078125000000107e+00
1.440360090022505847e-03,-1.300078124999999973e+00
1.460365091272818223e-03,-1.300078124999999973e+00
1.480370092523130817e-03,-1.360078125000000027e+00
1.500375093773443410e-03,-1.360078125000000027e+00
1.520380095023756003e-03,-1.360078125000000027e+00
1.540385096274068596e-03,-1.360078125000000027e+00
1.560390097524381190e-03,-1.340078125000000009e+00
1.580395098774693783e-03,-1.340078125000000009e+00
1.600400100025006376e-03,-1.300078124999999973e+00
1.620405101275318970e-03,-1.300078124999999973e+00
1.640410102525631563e-03,-1.140078125000000053e+00
1.660415103775944156e-03,-1.140078125000000053e+00
1.680420105026256749e-03,-9.800781250000000222e-01
1.700425106276569343e-03,-9.800781250000000222e-01
1.720430107526881936e-03,-8.000781249999999734e-01
1.740435108777194529e-03,-5.200781250000000577e-01
1.760440110027506905e-03,-5.400781249999999645e-01
1.780445111277819499e-03,-3.200781249999999911e-01
1.800450112528132092e-03,-3.400781250000000089e-01
1.820455113778444685e-03,0.000000000000000000e+00
1.840460115028757278e-03,-7.812500000000000163e-05
1.860465116279069872e-03,2.999999999999999889e-01
1.880470117529382465e-03,2.999999999999999889e-01
1.900475118779695058e-03,5.400000000000000355e-01
1.920480120030007651e-03,5.200000000000000178e-01
1.940485121280320245e-03,5.200000000000000178e-01
1.960490122530632838e-03,7.000000000000000666e-01
1.980495123780945214e-03,9.400000000000000577e-01
2.000500125031258025e-03,9.400000000000000577e-01
2.020505126281570401e-03,9.400000000000000577e-01
2.040510127531883211e-03,1.060000000000000053e+00
2.060515128782195587e-03,1.060000000000000053e+00
2.080520130032508398e-03,1.179999999999999938e+00
2.100525131282820774e-03,1.179999999999999938e+00
2.120530132533133584e-03,1.260000000000000009e+00
2.140535133783445960e-03,1.260000000000000009e+00
2.160540135033758771e-03,1.260000000000000009e+00
2.180545136284071147e-03,1.260000000000000009e+00
2.200550137534383957e-03,1.199999999999999956e+00
2.220555138784696333e-03,1.199999999999999956e+00
2.240560140035008710e-03,1.120000000000000107e+00
2.260565141285321520e-03,1.120000000000000107e+00
2.280570142535633896e-03,9.400000000000000577e-01
2.300575143785946707e-03,7.199999999999999734e-01
2.320580145036259083e-03,7.600000000000000089e-01
2.340585146286571893e-03,5.000000000000000000e-01
2.360590147536884269e-03,5.000000000000000000e-01
2.380595148787197080e-03,2.600000000000000089e-01
2.400600150037509456e-03,2.800000000000000266e-01
2.420605151287822266e-03,-6.007812500000000305e-02
2.440610152538134642e-03,-4.007812499999999917e-02
2.460615153788447453e-03,-3.000781250000000289e-01
2.480620155038759829e-03,-2.600781249999999933e-01
2.500625156289072639e-03,-6.400781250000000533e-01
2.520630157539385015e-03,-6.000781250000000178e-01
2.540635158789697826e-03,-8.800781250000000444e-01
2.560640160040010202e-03,-8.800781250000000444e-01
2.580645161290322578e-03,-1.160078125000000071e+00
2.600650162540635389e-03,-1.140078125000000053e+00
2.620655163790947765e-03,-1.140078125000000053e+00
2.640660165041260575e-03,-1.300078124999999973e+00
2.660665166291572951e-03,-1.300078124999999973e+00
2.680670167541885762e-03,-1.400078125000000062e+00
2.700675168792198138e-03,-1.400078125000000062e+00
2.720680170042510948e-03,-1.480078125000000133e+00
2.740685171292823324e-03,-1.480078125000000133e+00
2.760690172543136135e-03,-1.500078124999999929e+00
2.780695173793448511e-03,-1.500078124999999929e+00
2.800700175043761321e-03,-1.520078124999999947e+00
2.820705176294073697e-03,-1.520078124999999947e+00
2.840710177544386508e-03,-1.440078125000000098e+00
2.860715178794698884e-03,-1.440078125000000098e+00
2.880720180045011694e-03,-1.320078124999999991e+00
2.900725181295324070e-03,-1.080078125000000000e+00
2.920730182545636447e-03,-1.100078125000000018e+00
2.940735183795949257e-03,-8.400781250000000089e-01
2.960740185046261633e-03,-8.600781250000000266e-01
2.980745186296574444e-03,-5.600781249999999822e-01
3.000750187546886820e-03,-5.800781250000000000e-01
3.020755188797199630e-03,-2.600781249999999933e-01
3.040760190047512006e-03,-2.600781249999999933e-01
3.060765191297824817e-03,5.999999999999999778e-02
3.080770192548137193e-03,5.999999999999999778e-02
3.100775193798450003e-03,3.599999999999999867e-01
3.120780195048762379e-03,3.599999999999999867e-01
3.140785196299075190e-03,6.199999999999999956e-01
3.160790197549387566e-03,6.199999999999999956e-01
3.180795198799700376e-03,8.399999999999999689e-01
3.200800200050012752e-03,8.000000000000000444e-01
3.220805201300325129e-03,1.060000000000000053e+00
3.240810202550637939e-03,1.040000000000000036e+00
3.260815203800950315e-03,1.260000000000000009e+00
3.280820205051263126e-03,1.239999999999999991e+00
3.300825206301575502e-03,1.239999999999999991e+00
3.320830207551888312e-03,1.340000000000000080e+00
3.340835208802200688e-03,1.340000000000000080e+00
3.360840210052513499e-03,1.380000000000000115e+00
3.380845211302825875e-03,1.380000000000000115e+00
3.400850212553138685e-03,1.419999999999999929e+00
3.420855213803451061e-03,1.419999999999999929e+00
3.440860215053763872e-03,1.380000000000000115e+00
3.460865216304076248e-03,1.380000000000000115e+00
3.480870217554389058e-03,1.239999999999999991e+00
3.500875218804701434e-03,1.239999999999999991e+00
3.520880220055013811e-03,1.080000000000000071e+00
3.540885221305326621e-03,1.080000000000000071e+00
3.560890222555638997e-03,9.000000000000000222e-01
3.580895223805951808e-03,5.799999999999999600e-01
3.600900225056264184e-03,5.799999999999999600e-01
3.620905226306576994e-03,3.400000000000000244e-01
3.640910227556889370e-03,3.400000000000000244e-01
3.660915228807202181e-03,-8.007812500000000000e-02
3.680920230057514557e-03,-6.007812500000000305e-02
3.700925231307827367e-03,-4.000781250000000067e-01
3.720930232558139743e-03,-4.000781250000000067e-01
3.740935233808452554e-03,-7.000781249999999956e-01
3.760940235058764930e-03,-6.800781249999999778e-01
3.780945236309077740e-03,-6.800781249999999778e-01
3.800950237559390116e-03,-8.600781250000000266e-01
3.820955238809702927e-03,-1.180078125000000089e+00
3.840960240060015303e-03,-1.160078125000000071e+00
3.860965241310327679e-03,-1.400078125000000062e+00
3.880970242560640489e-03,-1.400078125000000062e+00
3.900975243810952866e-03,-1.400078125000000062e+00
3.920980245061265676e-03,-1.520078124999999947e+00
3.940985246311578052e-03,-1.520078124999999947e+00
3.960990247561890429e-03,-1.640078125000000053e+00
3.980995248812203673e-03,-1.640078125000000053e+00
4.001000250062516049e-03,-1.720078125000000124e+00
4.021005251312828425e-03,-1.720078125000000124e+00
4.041010252563140802e-03,-1.680078125000000089e+00
4.061015253813454046e-03,-1.680078125000000089e+00
4.081020255063766422e-03,-1.580078125000000000e+00
4.101025256314078798e-03,-1.580078125000000000e+00
4.121030257564391175e-03,-1.460078125000000115e+00
4.141035258814704419e-03,-1.240078124999999920e+00
4.161040260065016795e-03,-1.240078124999999920e+00
4.181045261315329171e-03,-1.000078124999999929e+00
4.201050262565641548e-03,-1.040078124999999964e+00
4.221055263815953924e-03,-7.400781250000000311e-01
4.241060265066267168e-03,-7.400781250000000311e-01
4.261065266316579545e-03,-4.000781250000000067e-01
4.281070267566891921e-03,-4.000781250000000067e-01
4.301075268817204297e-03,-4.007812499999999917e-02
4.321080270067517541e-03,-6.007812500000000305e-02
4.341085271317829918e-03,2.999999999999999889e-01
4.361090272568142294e-03,2.999999999999999889e-01
4.381095273818454670e-03,6.800000000000000488e-01
4.401100275068767914e-03,6.600000000000000311e-01
4.421105276319080291e-03,9.000000000000000222e-01
4.441110277569392667e-03,9.000000000000000222e-01
4.461115278819705043e-03,1.179999999999999938e+00
4.481120280070017420e-03,1.140000000000000124e+00
4.501125281320330664e-03,1.400000000000000133e+00
4.521130282570643040e-03,1.380000000000000115e+00
4.541135283820955416e-03,1.380000000000000115e+00
4.561140285071267793e-03,1.500000000000000000e+00
4.581145286321581037e-03,1.500000000000000000e+00
4.601150287571893413e-03,1.540000000000000036e+00
4.621155288822205789e-03,1.540000000000000036e+00
4.641160290072518166e-03,1.560000000000000053e+00
4.661165291322831410e-03,1.560000000000000053e+00
4.681170292573143786e-03,1.500000000000000000e+00
4.701175293823456162e-03,1.500000000000000000e+00
4.721180295073768539e-03,1.380000000000000115e+00
4.741185296324081783e-03,1.159999999999999920e+00
4.761190297574394159e-03,1.159999999999999920e+00
4.781195298824706535e-03,9.400000000000000577e-01
4.801200300075018912e-03,9.599999999999999645e-01
4.821205301325331288e-03,6.800000000000000488e-01
4.841210302575644532e-03,6.800000000000000488e-01
4.861215303825956909e-03,4.199999999999999845e-01
4.881220305076269285e-03,4.400000000000000022e-01
4.901225306326581661e-03,4.000000000000000083e-02
4.921230307576894905e-03,5.999999999999999778e-02
4.941235308827207282e-03,-2.600781249999999933e-01
4.961240310077519658e-03,-2.400781250000000033e-01
4.981245311327832034e-03,-6.800781249999999778e-01
5.001250312578145278e-03,-6.800781249999999778e-01
5.021255313828457655e-03,-9.800781250000000222e-01
5.041260315078770031e-03,-9.400781249999999867e-01
5.061265316329082407e-03,-1.300078124999999973e+00
5.081270317579395651e-03,-1.280078124999999956e+00
5.101275318829708028e-03,-1.280078124999999956e+00
5.121280320080020404e-03,-1.460078125000000115e+00
5.141285321330332780e-03,-1.680078125000000089e+00
5.161290322580645157e-03,-1.660078125000000071e+00
5.181295323830958401e-03,-1.660078125000000071e+00
5.201300325081270777e-03,-1.780078124999999956e+00
5.221305326331583153e-03,-1.780078124999999956e+00
5.241310327581895530e-03,-1.800078124999999973e+00
5.261315328832208774e-03,-1.800078124999999973e+00
5.281320330082521150e-03,-1.780078124999999956e+00
5.301325331332833526e-03,-1.780078124999999956e+00
5.321330332583145903e-03,-1.720078125000000124e+00
5.341335333833459147e-03,-1.720078125000000124e+00
5.361340335083771523e-03,-1.580078125000000000e+00
5.381345336334083899e-03,-1.340078125000000009e+00
5.401350337584396276e-03,-1.340078125000000009e+00
5.421355338834709520e-03,-1.000078124999999929e+00
5.441360340085021896e-03,-1.040078124999999964e+00
5.461365341335334272e-03,-7.400781250000000311e-01
5.481370342585646649e-03,-7.600781250000000488e-01
5.501375343835959025e-03,-4.000781250000000067e-01
5.521380345086272269e-03,-4.400781249999999867e-01
5.541385346336584646e-03,-4.007812499999999917e-02
5.561390347586897022e-03,-8.007812500000000000e-02
5.581395348837209398e-03,2.200000000000000011e-01
5.601400350087522642e-03,1.799999999999999933e-01
5.621405351337835019e-03,5.999999999999999778e-01
5.641410352588147395e-03,5.999999999999999778e-01
5.661415353838459771e-03,1.020000000000000018e+00
5.681420355088773015e-03,1.000000000000000000e+00
5.701425356339085392e-03,1.260000000000000009e+00
5.721430357589397768e-03,1.219999999999999973e+00
5.741435358839710144e-03,1.219999999999999973e+00
5.761440360090023388e-03,1.400000000000000133e+00
5.781445361340335765e-03,1.400000000000000133e+00
5.801450362590648141e-03,1.520000000000000018e+00
5.821455363840960517e-03,1.520000000000000018e+00
5.841460365091272894e-03,1.640000000000000124e+00
5.861465366341586138e-03,1.640000000000000124e+00
5.881470367591898514e-03,1.640000000000000124e+00
5.901475368842210890e-03,1.640000000000000124e+00
5.921480370092523267e-03,1.600000000000000089e+00
5.941485371342836511e-03,1.600000000000000089e+00
5.961490372593148887e-03,1.479999999999999982e+00
5.981495373843461263e-03,1.239999999999999991e+00
6.001500375093773640e-03,1.260000000000000009e+00
6.021505376344086884e-03,1.260000000000000009e+00
6.041510377594399260e-03,1.080000000000000071e+00
6.061515378844711636e-03,7.800000000000000266e-01
6.081520380095024013e-03,8.000000000000000444e-01
6.101525381345336389e-03,4.199999999999999845e-01
6.121530382595649633e-03,4.400000000000000022e-01
6.141535383845962009e-03,2.000000000000000042e-02
6.161540385096274386e-03,5.999999999999999778e-02
6.181545386346586762e-03,-3.000781250000000289e-01
6.201550387596900006e-03,-2.800781250000000111e-01
6.221555388847212383e-03,-7.000781249999999956e-01
6.241560390097524759e-03,-7.000781249999999956e-01
6.261565391347837135e-03,-1.040078124999999964e+00
6.281570392598150379e-03,-1.040078124999999964e+00
6.301575393848462756e-03,-1.340078125000000009e+00
6.321580395098775132e-03,-1.320078124999999991e+00
6.341585396349087508e-03,-1.320078124999999991e+00
6.361590397599400752e-03,-1.520078124999999947e+00
6.381595398849713129e-03,-1.520078124999999947e+00
6.401600400100025505e-03,-1.680078125000000089e+00
6.421605401350337881e-03,-1.680078125000000089e+00
6.441610402600650258e-03,-1.800078124999999973e+00
6.461615403850963502e-03,-1.800078124999999973e+00
6.481620405101275878e-03,-1.840078125000000009e+00
6.501625406351588254e-03,-1.840078125000000009e+00
6.521630407601900631e-03,-1.800078124999999973e+00
6.541635408852213875e-03,-1.800078124999999973e+00
6.561640410102526251e-03,-1.760078124999999938e+00
6.581645411352838627e-03,-1.540078124999999964e+00
6.601650412603151004e-03,-1.580078125000000000e+00
6.621655413853464248e-03,-1.580078125000000000e+00
6.641660415103776624e-03,-1.400078125000000062e+00
6.661665416354089000e-03,-1.100078125000000018e+00
6.681670417604401377e-03,-1.120078125000000036e+00
6.701675418854714621e-03,-7.200781250000000133e-01
6.721680420105026997e-03,-7.600781250000000488e-01
6.741685421355339373e-03,-5.200781250000000577e-01
6.761690422605651750e-03,-5.400781249999999645e-01
6.781695423855964126e-03,-1.400781249999999978e-01
6.801700425106277370e-03,-1.400781249999999978e-01
6.821705426356589747e-03,2.999999999999999889e-01
6.841710427606902123e-03,2.999999999999999889e-01
6.861715428857214499e-03,5.999999999999999778e-01
6.881720430107527743e-03,5.799999999999999600e-01
6.901725431357840120e-03,8.599999999999999867e-01
6.921730432608152496e-03,8.399999999999999689e-01
6.941735433858464872e-03,1.179999999999999938e+00
6.961740435108778116e-03,1.140000000000000124e+00
6.981745436359090493e-03,1.400000000000000133e+00
7.001750437609402869e-03,1.380000000000000115e+00
7.021755438859715245e-03,1.380000000000000115e+00
7.041760440110027622e-03,1.500000000000000000e+00
7.061765441360340866e-03,1.500000000000000000e+00
7.081770442610653242e-03,1.600000000000000089e+00
7.101775443860965618e-03,1.600000000000000089e+00
7.121780445111277995e-03,1.640000000000000124e+00
7.141785446361591239e-03,1.640000000000000124e+00
7.161790447611903615e-03,1.580000000000000071e+00
7.181795448862215991e-03,1.580000000000000071e+00
7.201800450112528368e-03,1.439999999999999947e+00
7.221805451362841612e-03,1.439999999999999947e+00
7.241810452613153988e-03,1.260000000000000009e+00
7.261815453863466364e-03,9.799999999999999822e-01
7.281820455113778741e-03,9.799999999999999822e-01
7.301825456364091985e-03,7.600000000000000089e-01
7.321830457614404361e-03,7.600000000000000089e-01
7.341835458864716737e-03,3.800000000000000044e-01
7.361840460115029114e-03,3.800000000000000044e-01
7.381845461365341490e-03,1.400000000000000133e-01
7.401850462615654734e-03,1.400000000000000133e-01
7.421855463865967110e-03,-2.400781250000000033e-01
7.441860465116279487e-03,-2.400781250000000033e-01
7.461865466366591863e-03,-6.800781249999999778e-01
7.481870467616905107e-03,-6.400781250000000533e-01
7.501875468867217484e-03,-8.800781250000000444e-01
7.521880470117529860e-03,-8.800781250000000444e-01
7.541885471367842236e-03,-1.220078125000000124e+00
7.561890472618155480e-03,-1.220078125000000124e+00
7.581895473868467857e-03,-1.440078125000000098e+00
7.601900475118780233e-03,-1.440078125000000098e+00
7.621905476369092609e-03,-1.440078125000000098e+00
7.641910477619405853e-03,-1.600078125000000018e+00
7.661915478869718230e-03,-1.600078125000000018e+00
7.681920480120030606e-03,-1.700078125000000107e+00
7.701925481370342982e-03,-1.700078125000000107e+00
7.721930482620655359e-03,-1.760078124999999938e+00
7.741935483870968603e-03,-1.760078124999999938e+00
7.761940485121280979e-03,-1.760078124999999938e+00
7.781945486371593355e-03,-1.760078124999999938e+00
7.801950487621905732e-03,-1.680078125000000089e+00
7.821955488872218976e-03,-1.680078125000000089e+00
7.841960490122531352e-03,-1.560078124999999982e+00
7.861965491372843728e-03,-1.320078124999999991e+00
7.881970492623156105e-03,-1.340078125000000009e+00
7.901975493873468481e-03,-1.080078125000000000e+00
7.921980495123780858e-03,-1.080078125000000000e+00
7.941985496374094969e-03,-7.200781250000000133e-01
7.961990497624407345e-03,-7.600781250000000488e-01
7.981995498874719722e-03,-4.600781250000000044e-01
8.002000500125032098e-03,-4.800781250000000222e-01
8.022005501375344474e-03,-4.007812499999999917e-02
8.042010502625656851e-03,-6.007812500000000305e-02
8.062015503875969227e-03,2.200000000000000011e-01
8.082020505126281604e-03,2.200000000000000011e-01
8.102025506376593980e-03,6.199999999999999956e-01
8.122030507626908091e-03,5.799999999999999600e-01
8.142035508877220468e-03,9.000000000000000222e-01
8.162040510127532844e-03,9.000000000000000222e-01
8.182045511377845221e-03,1.140000000000000124e+00
8.202050512628157597e-03,1.120000000000000107e+00
8.222055513878469973e-03,1.340000000000000080e+00
8.242060515128782350e-03,1.280000000000000027e+00
8.262065516379094726e-03,1.280000000000000027e+00
8.282070517629408837e-03,1.439999999999999947e+00
8.302075518879721214e-03,1.439999999999999947e+00
8.322080520130033590e-03,1.500000000000000000e+00
8.342085521380345967e-03,1.500000000000000000e+00
8.362090522630658343e-03,1.520000000000000018e+00
8.382095523880970719e-03,1.520000000000000018e+00
8.402100525131283096e-03,1.459999999999999964e+00
8.422105526381595472e-03,1.459999999999999964e+00
8.442110527631907849e-03,1.360000000000000098e+00
8.462115528882221960e-03,1.140000000000000124e+00
8.482120530132534336e-03,1.140000000000000124e+00
8.502125531382846713e-03,9.200000000000000400e-01
8.522130532633159089e-03,9.400000000000000577e-01
8.542135533883471465e-03,7.199999999999999734e-01
8.562140535133783842e-03,7.399999999999999911e-01
8.582145536384096218e-03,4.000000000000000222e-01
8.602150537634408595e-03,4.400000000000000022e-01
8.622155538884722706e-03,1.400000000000000133e-01
8.642160540135035082e-03,1.600000000000000033e-01
8.662165541385347459e-03,-2.800781250000000111e-01
8.682170542635659835e-03,-2.800781250000000111e-01
8.702175543885972211e-03,-5.200781250000000577e-01
8.722180545136284588e-03,-5.000781250000000400e-01
8.742185546386596964e-03,-8.200781249999999911e-01
8.762190547636909341e-03,-8.200781249999999911e-01
8.782195548887221717e-03,-1.080078125000000000e+00
8.802200550137535828e-03,-1.080078125000000000e+00
8.822205551387848205e-03,-1.300078124999999973e+00
8.842210552638160581e-03,-1.260078124999999938e+00
8.862215553888472958e-03,-1.520078124999999947e+00
8.882220555138785334e-03,-1.520078124999999947e+00
8.902225556389097710e-03,-1.520078124999999947e+00
8.922230557639410087e-03,-1.580078125000000000e+00
8.942235558889722463e-03,-1.580078125000000000e+00
8.962240560140034840e-03,-1.620078125000000036e+00
8.982245561390348951e-03,-1.620078125000000036e+00
9.002250562640661327e-03,-1.620078125000000036e+00
9.022255563890973704e-03,-1.620078125000000036e+00
9.042260565141286080e-03,-1.580078125000000000e+00
9.062265566391598456e-03,-1.580078125000000000e+00
9.082270567641910833e-03,-1.440078125000000098e+00
9.102275568892223209e-03,-1.440078125000000098e+00
9.122280570142535586e-03,-1.260078124999999938e+00
9.142285571392849697e-03,-1.000078124999999929e+00
9.162290572643162073e-03,-1.020078124999999947e+00
9.182295573893474450e-03,-7.800781250000000666e-01
9.202300575143786826e-03,-8.000781249999999734e-01
9.222305576394099202e-03,-5.200781250000000577e-01
9.242310577644411579e-03,-5.400781249999999645e-01
9.262315578894723955e-03,-1.400781249999999978e-01
9.282320580145036332e-03,-1.600781250000000155e-01
9.302325581395348708e-03,2.000000000000000111e-01
9.322330582645662819e-03,1.799999999999999933e-01
9.342335583895975196e-03,5.000000000000000000e-01
9.362340585146287572e-03,5.000000000000000000e-01
9.382345586396599948e-03,7.600000000000000089e-01
9.402350587646912325e-03,7.399999999999999911e-01
9.422355588897224701e-03,9.799999999999999822e-01
9.442360590147537078e-03,9.799999999999999822e-01
9.462365591397849454e-03,9.799999999999999822e-01
9.482370592648163565e-03,1.140000000000000124e+00
9.502375593898475942e-03,1.140000000000000124e+00
9.522380595148788318e-03,1.320000000000000062e+00
9.542385596399100695e-03,1.320000000000000062e+00
9.562390597649413071e-03,1.360000000000000098e+00
9.582395598899725447e-03,1.360000000000000098e+00
9.602400600150037824e-03,1.340000000000000080e+00
9.622405601400350200e-03,1.340000000000000080e+00
9.642410602650662577e-03,1.340000000000000080e+00
9.662415603900976688e-03,1.340000000000000080e+00
9.682420605151289064e-03,1.219999999999999973e+00
9.702425606401601441e-03,1.219999999999999973e+00
9.722430607651913817e-03,1.080000000000000071e+00
9.742435608902226193e-03,1.080000000000000071e+00
9.762440610152538570e-03,9.000000000000000222e-01
9.782445611402850946e-03,9.000000000000000222e-01
9.802450612653163323e-03,7.199999999999999734e-01
9.822455613903477434e-03,4.400000000000000022e-01
9.842460615153789810e-03,4.400000000000000022e-01
9.862465616404102187e-03,8.000000000000000167e-02
9.882470617654414563e-03,1.000000000000000056e-01
9.902475618904726939e-03,-1.800781250000000056e-01
9.922480620155039316e-03,-1.600781250000000155e-01
9.942485621405351692e-03,-5.000781250000000400e-01
9.962490622655664069e-03,-5.000781250000000400e-01
9.982495623905976445e-03,-8.000781249999999734e-01
1.000250062515629056e-02,-7.600781250000000488e-01
1.002250562640660293e-02,-9.800781250000000222e-01
1.004251062765691531e-02,-9.400781249999999867e-01
1.006251562890722769e-02,-1.200078125000000107e+00
1.008252063015754006e-02,-1.200078125000000107e+00
1.010252563140785244e-02,-1.200078125000000107e+00
1.012253063265816481e-02,-1.320078124999999991e+00
1.014253563390847719e-02,-1.320078124999999991e+00
1.016254063515879130e-02,-1.400078125000000062e+00
1.018254563640910368e-02,-1.400078125000000062e+00
1.020255063765941606e-02,-1.460078125000000115e+00
1.022255563890972843e-02,-1.460078125000000115e+00
1.024256064016004081e-02,-1.460078125000000115e+00
1.026256564141035318e-02,-1.460078125000000115e+00
1.028257064266066556e-02,-1.420078125000000080e+00
1.030257564391097794e-02,-1.420078125000000080e+00
1.032258064516129031e-02,-1.280078124999999956e+00
1.034258564641160442e-02,-1.280078124999999956e+00
1.036259064766191680e-02,-1.160078125000000071e+00
1.038259564891222918e-02,-9.200781249999999689e-01
1.040260065016254155e-02,-9.200781249999999689e-01
1.042260565141285393e-02,-9.200781249999999689e-01
1.044261065266316631e-02,-7.400781250000000311e-01
1.046261565391347868e-02,-4.600781250000000044e-01
1.048262065516379106e-02,-4.600781250000000044e-01
1.050262565641410517e-02,-1.600781250000000155e-01
1.052263065766441755e-02,-1.800781250000000056e-01
1.054263565891472992e-02,1.199999999999999956e-01
1.056264066016504230e-02,1.000000000000000056e-01
1.058264566141535468e-02,3.800000000000000044e-01
1.060265066266566705e-02,3.599999999999999867e-01
1.062265566391597943e-02,6.400000000000000133e-01
1.064266066516629181e-02,6.199999999999999956e-01
1.066266566641660418e-02,8.399999999999999689e-01
1.068267066766691829e-02,8.200000000000000622e-01
1.070267566891723067e-02,1.040000000000000036e+00
1.072268067016754305e-02,1.020000000000000018e+00
1.074268567141785542e-02,1.020000000000000018e+00
1.076269067266816780e-02,1.140000000000000124e+00
1.078269567391848018e-02,1.140000000000000124e+00
1.080270067516879255e-02,1.179999999999999938e+00
1.082270567641910493e-02,1.179999999999999938e+00
1.084271067766941904e-02,1.219999999999999973e+00
1.086271567891973142e-02,1.219999999999999973e+00
1.088272068017004379e-02,1.179999999999999938e+00
1.090272568142035617e-02,1.179999999999999938e+00
1.092273068267066854e-02,1.100000000000000089e+00
1.094273568392098092e-02,1.100000000000000089e+00
1.096274068517129330e-02,1.000000000000000000e+00
1.098274568642160567e-02,7.800000000000000266e-01
1.100275068767191805e-02,7.800000000000000266e-01
1.102275568892223216e-02,7.800000000000000266e-01
1.104276069017254454e-02,5.799999999999999600e-01
1.106276569142285691e-02,3.200000000000000067e-01
1.108277069267316929e-02,3.400000000000000244e-01
1.110277569392348167e-02,1.000000000000000056e-01
1.112278069517379404e-02,1.199999999999999956e-01
1.114278569642410642e-02,-1.200781250000000078e-01
1.116279069767441880e-02,-8.007812500000000000e-02
1.118279569892473291e-02,-4.000781250000000067e-01
1.120280070017504528e-02,-4.000781250000000067e-01
1.122280570142535766e-02,-6.800781249999999778e-01
1.124281070267567004e-02,-6.600781249999999600e-01
1.126281570392598241e-02,-8.800781250000000444e-01
1.128282070517629479e-02,-8.600781250000000266e-01
1.130282570642660717e-02,-1.080078125000000000e+00
1.132283070767691954e-02,-1.040078124999999964e+00
1.134283570892723192e-02,-1.040078124999999964e+00
1.136284071017754603e-02,-1.160078125000000071e+00
1.138284571142785841e-02,-1.160078125000000071e+00
1.140285071267817078e-02,-1.280078124999999956e+00
1.142285571392848316e-02,-1.280078124999999956e+00
1.144286071517879554e-02,-1.360078125000000027e+00
1.146286571642910791e-02,-1.360078125000000027e+00
1.148287071767942029e-02,-1.320078124999999991e+00
1.150287571892973267e-02,-1.320078124999999991e+00
1.152288072018004678e-02,-1.280078124999999956e+00
1.154288572143035915e-02,-1.280078124999999956e+00
1.156289072268067153e-02,-1.220078125000000124e+00
1.158289572393098391e-02,-1.220078125000000124e+00
1.160290072518129628e-02,-1.080078125000000000e+00
1.162290572643160866e-02,-8.600781250000000266e-01
1.164291072768192103e-02,-8.800781250000000444e-01
1.166291572893223341e-02,-8.800781250000000444e-01
1.168292073018254579e-02,-7.000781249999999956e-01
1.170292573143285990e-02,-4.600781250000000044e-01
1.172293073268317228e-02,-4.800781250000000222e-01
1.174293573393348465e-02,-2.000781249999999956e-01
1.176294073518379703e-02,-2.000781249999999956e-01
1.178294573643410940e-02,5.999999999999999778e-02
1.180295073768442178e-02,0.000000000000000000e+00
1.182295573893473416e-02,3.800000000000000044e-01
1.184296074018504653e-02,3.400000000000000244e-01
1.186296574143535891e-02,3.400000000000000244e-01
1.188297074268567302e-02,5.000000000000000000e-01
1.190297574393598540e-02,7.399999999999999911e-01
1.192298074518629777e-02,7.199999999999999734e-01
1.194298574643661015e-02,9.400000000000000577e-01
1.196299074768692253e-02,9.400000000000000577e-01
1.198299574893723490e-02,9.400000000000000577e-01
1.200300075018754728e-02,1.020000000000000018e+00
1.202300575143785966e-02,1.020000000000000018e+00
1.204301075268817377e-02,1.100000000000000089e+00
1.206301575393848614e-02,1.100000000000000089e+00
1.208302075518879852e-02,1.140000000000000124e+00
1.210302575643911090e-02,1.140000000000000124e+00
1.212303075768942327e-02,1.140000000000000124e+00
1.214303575893973565e-02,1.140000000000000124e+00
1.216304076019004803e-02,1.080000000000000071e+00
1.218304576144036040e-02,1.080000000000000071e+00
1.220305076269067278e-02,9.799999999999999822e-01
1.222305576394098689e-02,9.799999999999999822e-01
1.224306076519129927e-02,7.800000000000000266e-01
1.226306576644161164e-02,7.800000000000000266e-01
1.228307076769192402e-02,6.400000000000000133e-01
1.230307576894223640e-02,3.200000000000000067e-01
1.232308077019254877e-02,3.400000000000000244e-01
1.234308577144286115e-02,5.999999999999999778e-02
1.236309077269317352e-02,8.000000000000000167e-02
1.238309577394348764e-02,-1.800781250000000056e-01
1.240310077519380001e-02,-1.800781250000000056e-01
1.242310577644411239e-02,-1.800781250000000056e-01
1.244311077769442477e-02,-3.600781250000000266e-01
1.246311577894473714e-02,-6.000781250000000178e-01
1.248312078019504952e-02,-5.800781250000000000e-01
1.250312578144536189e-02,-8.200781249999999911e-01
1.252313078269567427e-02,-8.000781249999999734e-01
1.254313578394598665e-02,-8.000781249999999734e-01
1.256314078519630076e-02,-9.600781250000000044e-01
1.258314578644661313e-02,-9.600781250000000044e-01
1.260315078769692551e-02,-1.160078125000000071e+00
1.262315578894723789e-02,-1.160078125000000071e+00
1.264316079019755026e-02,-1.260078124999999938e+00
1.266316579144786264e-02,-1.260078124999999938e+00
1.268317079269817502e-02,-1.280078124999999956e+00
1.270317579394848739e-02,-1.280078124999999956e+00
1.272318079519880150e-02,-1.300078124999999973e+00
1.274318579644911388e-02,-1.300078124999999973e+00
1.276319079769942626e-02,-1.280078124999999956e+00
1.278319579894973863e-02,-1.280078124999999956e+00
1.280320080020005101e-02,-1.160078125000000071e+00
1.282320580145036339e-02,-1.160078125000000071e+00
1.284321080270067576e-02,-1.040078124999999964e+00
1.286321580395098814e-02,-1.040078124999999964e+00
1.288322080520130052e-02,-8.800781250000000444e-01
1.290322580645161463e-02,-8.800781250000000444e-01
1.292323080770192700e-02,-6.800781249999999778e-01
1.294323580895223938e-02,-4.600781250000000044e-01
1.296324081020255176e-02,-4.800781250000000222e-01
1.298324581145286413e-02,-2.200781250000000133e-01
1.300325081270317651e-02,-2.400781250000000033e-01
1.302325581395348889e-02,5.999999999999999778e-02
1.304326081520380126e-02,2.000000000000000042e-02
1.306326581645411537e-02,2.600000000000000089e-01
1.308327081770442775e-02,2.399999999999999911e-01
1.310327581895474013e-02,5.200000000000000178e-01
1.312328082020505250e-02,5.200000000000000178e-01
1.314328582145536488e-02,7.399999999999999911e-01
1.316329082270567725e-02,7.199999999999999734e-01
1.318329582395598963e-02,7.199999999999999734e-01
1.320330082520630201e-02,8.800000000000000044e-01
1.322330582645661438e-02,8.800000000000000044e-01
1.324331082770692850e-02,1.020000000000000018e+00
1.326331582895724087e-02,1.020000000000000018e+00
1.328332083020755325e-02,1.120000000000000107e+00
1.330332583145786562e-02,1.120000000000000107e+00
1.332333083270817800e-02,1.159999999999999920e+00
1.334333583395849038e-02,1.159999999999999920e+00
1.336334083520880275e-02,1.140000000000000124e+00
1.338334583645911513e-02,1.140000000000000124e+00
1.340335083770942924e-02,1.080000000000000071e+00
1.342335583895974162e-02,1.080000000000000071e+00
1.344336084021005399e-02,9.799999999999999822e-01
1.346336584146036637e-02,9.799999999999999822e-01
1.348337084271067875e-02,8.000000000000000444e-01
1.350337584396099112e-02,8.000000000000000444e-01
1.352338084521130350e-02,6.400000000000000133e-01
1.354338584646161588e-02,4.199999999999999845e-01
1.356339084771192825e-02,4.400000000000000022e-01
1.358339584896224236e-02,2.000000000000000111e-01
1.360340085021255474e-02,2.000000000000000111e-01
1.362340585146286712e-02,-6.007812500000000305e-02
1.364341085271317949e-02,-4.007812499999999917e-02
1.366341585396349187e-02,-4.000781250000000067e-01
1.368342085521380425e-02,-3.800781249999999889e-01
1.370342585646411662e-02,-6.000781250000000178e-01
1.372343085771442900e-02,-5.800781250000000000e-01
1.374343585896474311e-02,-8.000781249999999734e-01
1.376344086021505549e-02,-7.800781250000000666e-01
1.378344586146536786e-02,-1.020078124999999947e+00
1.380345086271568024e-02,-1.020078124999999947e+00
1.382345586396599262e-02,-1.020078124999999947e+00
1.384346086521630499e-02,-1.160078125000000071e+00
1.386346586646661737e-02,-1.160078125000000071e+00
1.388347086771692974e-02,-1.320078124999999991e+00
1.390347586896724212e-02,-1.320078124999999991e+00
1.392348087021755623e-02,-1.360078125000000027e+00
1.394348587146786861e-02,-1.360078125000000027e+00
1.396349087271818099e-02,-1.380078125000000044e+00
1.398349587396849336e-02,-1.380078125000000044e+00
1.400350087521880574e-02,-1.360078125000000027e+00
1.402350587646911811e-02,-1.360078125000000027e+00
1.404351087771943049e-02,-1.280078124999999956e+00
1.406351587896974287e-02,-1.280078124999999956e+00
1.408352088022005524e-02,-1.120078125000000036e+00
1.410352588147036935e-02,-1.120078125000000036e+00
1.412353088272068173e-02,-1.020078124999999947e+00
1.414353588397099411e-02,-7.600781250000000488e-01
1.416354088522130648e-02,-7.600781250000000488e-01
1.418354588647161886e-02,-5.200781250000000577e-01
1.420355088772193124e-02,-5.200781250000000577e-01
1.422355588897224361e-02,-2.000781249999999956e-01
1.424356089022255599e-02,-2.200781250000000133e-01
1.426356589147287010e-02,5.999999999999999778e-02
1.428357089272318248e-02,5.999999999999999778e-02
1.430357589397349485e-02,5.999999999999999778e-02
1.432358089522380723e-02,2.399999999999999911e-01
1.434358589647411961e-02,5.200000000000000178e-01
1.436359089772443198e-02,5.000000000000000000e-01
1.438359589897474436e-02,8.000000000000000444e-01
1.440360090022505674e-02,7.800000000000000266e-01
1.442360590147536911e-02,1.000000000000000000e+00
1.444361090272568322e-02,9.599999999999999645e-01
1.446361590397599560e-02,9.599999999999999645e-01
1.448362090522630798e-02,1.080000000000000071e+00
1.450362590647662035e-02,1.080000000000000071e+00
1.452363090772693273e-02,1.219999999999999973e+00
1.454363590897724511e-02,1.219999999999999973e+00
1.456364091022755748e-02,1.280000000000000027e+00
1.458364591147786986e-02,1.280000000000000027e+00
1.460365091272818397e-02,1.260000000000000009e+00
1.462365591397849635e-02,1.260000000000000009e+00
1.464366091522880872e-02,1.199999999999999956e+00
1.466366591647912110e-02,1.199999999999999956e+00
1.468367091772943347e-02,1.060000000000000053e+00
1.470367591897974585e-02,1.060000000000000053e+00
1.472368092023005823e-02,9.400000000000000577e-01
1.474368592148037060e-02,6.600000000000000311e-01
1.476369092273068298e-02,6.800000000000000488e-01
1.478369592398099709e-02,4.600000000000000200e-01
1.480370092523130947e-02,4.799999999999999822e-01
1.482370592648162184e-02,2.200000000000000011e-01
1.484371092773193422e-02,2.200000000000000011e-01
1.486371592898224660e-02,-8.007812500000000000e-02
1.488372093023255897e-02,-8.007812500000000000e-02
1.490372593148287135e-02,-3.400781250000000089e-01
1.492373093273318373e-02,-3.200781249999999911e-01
1.494373593398349784e-02,-7.200781250000000133e-01
1.496374093523381021e-02,-6.800781249999999778e-01
1.498374593648412259e-02,-9.600781250000000044e-01
1.500375093773443497e-02,-9.600781250000000044e-01
1.502375593898474734e-02,-9.600781250000000044e-01
1.504376094023505972e-02,-1.100078125000000018e+00
1.506376594148537210e-02,-1.100078125000000018e+00
1.508377094273568447e-02,-1.260078124999999938e+00
1.510377594398599685e-02,-1.260078124999999938e+00
1.512378094523631096e-02,-1.420078125000000080e+00
1.514378594648662334e-02,-1.420078125000000080e+00
1.516379094773693571e-02,-1.520078124999999947e+00
1.518379594898724809e-02,-1.520078124999999947e+00
1.520380095023756047e-02,-1.560078124999999982e+00
1.522380595148787284e-02,-1.560078124999999982e+00
1.524381095273818522e-02,-1.520078124999999947e+00
1.526381595398849760e-02,-1.520078124999999947e+00
1.528382095523881171e-02,-1.420078125000000080e+00
1.530382595648912408e-02,-1.420078125000000080e+00
1.532383095773943646e-02,-1.320078124999999991e+00
1.534383595898974884e-02,-1.040078124999999964e+00
1.536384096024006121e-02,-1.060078124999999982e+00
1.538384596149037359e-02,-7.800781250000000666e-01
1.540385096274068596e-02,-8.000781249999999734e-01
1.542385596399099834e-02,-5.200781250000000577e-01
1.544386096524131072e-02,-5.400781249999999645e-01
1.546386596649162483e-02,-5.400781249999999645e-01
1.548387096774193721e-02,-3.400781250000000089e-01
1.550387596899224958e-02,-2.007812499999999875e-02
1.552388097024256196e-02,-2.007812499999999875e-02
1.554388597149287433e-02,2.399999999999999911e-01
1.556389097274318671e-02,2.399999999999999911e-01
1.558389597399349909e-02,5.600000000000000533e-01
1.560390097524381146e-02,5.600000000000000533e-01
1.562390597649412557e-02,9.200000000000000400e-01
1.564391097774443795e-02,9.000000000000000222e-01
1.566391597899475033e-02,1.120000000000000107e+00
1.568392098024506270e-02,1.100000000000000089e+00
1.570392598149537508e-02,1.100000000000000089e+00
1.572393098274568746e-02,1.239999999999999991e+00
1.574393598399599983e-02,1.239999999999999991e+00
1.576394098524631221e-02,1.360000000000000098e+00
1.578394598649662459e-02,1.360000000000000098e+00
1.580395098774693696e-02,1.400000000000000133e+00
1.582395598899724934e-02,1.400000000000000133e+00
1.584396099024756172e-02,1.439999999999999947e+00
1.586396599149787409e-02,1.439999999999999947e+00
1.588397099274818994e-02,1.380000000000000115e+00
1.590397599399850231e-02,1.380000000000000115e+00
1.592398099524881469e-02,1.199999999999999956e+00
1.594398599649912707e-02,1.199999999999999956e+00
1.596399099774943944e-02,1.060000000000000053e+00
1.598399599899975182e-02,1.060000000000000053e+00
1.600400100025006420e-02,9.200000000000000400e-01
1.602400600150037657e-02,6.199999999999999956e-01
1.604401100275068895e-02,6.400000000000000133e-01
1.606401600400100133e-02,2.600000000000000089e-01
1.608402100525131370e-02,2.600000000000000089e-01
1.610402600650162608e-02,2.000000000000000042e-02
1.612403100775193845e-02,2.000000000000000042e-02
1.614403600900225083e-02,-3.200781249999999911e-01
1.616404101025256321e-02,-3.200781249999999911e-01
1.618404601150287558e-02,-7.600781250000000488e-01
1.620405101275318796e-02,-7.400781250000000311e-01
1.622405601400350381e-02,-1.000078124999999929e+00
1.624406101525381618e-02,-1.000078124999999929e+00
1.626406601650412856e-02,-1.240078124999999920e+00
1.628407101775444094e-02,-1.220078125000000124e+00
1.630407601900475331e-02,-1.220078125000000124e+00
1.632408102025506569e-02,-1.380078125000000044e+00
1.634408602150537806e-02,-1.600078125000000018e+00
1.636409102275569044e-02,-1.560078124999999982e+00
1.638409602400600282e-02,-1.560078124999999982e+00
1.640410102525631519e-02,-1.640078125000000053e+00
1.642410602650662757e-02,-1.640078125000000053e+00
1.644411102775693995e-02,-1.700078125000000107e+00
1.646411602900725232e-02,-1.700078125000000107e+00
1.648412103025756470e-02,-1.680078125000000089e+00
1.650412603150787708e-02,-1.680078125000000089e+00
1.652413103275818945e-02,-1.560078124999999982e+00
1.654413603400850183e-02,-1.560078124999999982e+00
1.656414103525881767e-02,-1.400078125000000062e+00
1.658414603650913005e-02,-1.400078125000000062e+00
1.660415103775944243e-02,-1.260078124999999938e+00
1.662415603900975480e-02,-9.400781249999999867e-01
1.664416104026006718e-02,-9.600781250000000044e-01
1.666416604151037956e-02,-6.200781250000000355e-01
1.668417104276069193e-02,-6.400781250000000533e-01
1.670417604401100431e-02,-2.800781250000000111e-01
1.672418104526131669e-02,-3.200781249999999911e-01
1.674418604651162906e-02,-6.007812500000000305e-02
1.676419104776194144e-02,-8.007812500000000000e-02
1.678419604901225382e-02,2.999999999999999889e-01
1.680420105026256619e-02,2.800000000000000266e-01
1.682420605151287857e-02,5.999999999999999778e-01
1.684421105276319094e-02,5.799999999999999600e-01
1.686421605401350332e-02,9.799999999999999822e-01
1.688422105526381570e-02,9.599999999999999645e-01
1.690422605651413154e-02,1.219999999999999973e+00
1.692423105776444392e-02,1.219999999999999973e+00
1.694423605901475630e-02,1.219999999999999973e+00
1.696424106026506867e-02,1.360000000000000098e+00
1.698424606151538105e-02,1.360000000000000098e+00
1.700425106276569343e-02,1.459999999999999964e+00
1.702425606401600580e-02,1.459999999999999964e+00
1.704426106526631818e-02,1.540000000000000036e+00
1.706426606651663055e-02,1.540000000000000036e+00
1.708427106776694293e-02,1.560000000000000053e+00
1.710427606901725531e-02,1.560000000000000053e+00
1.712428107026756768e-02,1.520000000000000018e+00
1.714428607151788006e-02,1.520000000000000018e+00
1.716429107276819244e-02,1.400000000000000133e+00
1.718429607401850481e-02,1.140000000000000124e+00
1.720430107526881719e-02,1.179999999999999938e+00
1.722430607651912957e-02,1.179999999999999938e+00
1.724431107776944541e-02,1.020000000000000018e+00
1.726431607901975779e-02,6.199999999999999956e-01
1.728432108027007016e-02,6.400000000000000133e-01
1.730432608152038254e-02,3.400000000000000244e-01
1.732433108277069492e-02,3.400000000000000244e-01
1.734433608402100729e-02,-6.007812500000000305e-02
1.736434108527131967e-02,-6.007812500000000305e-02
1.738434608652163205e-02,-3.400781250000000089e-01
1.740435108777194442e-02,-3.200781249999999911e-01
1.742435608902225680e-02,-6.800781249999999778e-01
1.744436109027256918e-02,-6.600781249999999600e-01
1.746436609152288155e-02,-1.020078124999999947e+00
1.748437109277319393e-02,-1.000078124999999929e+00
1.750437609402350631e-02,-1.320078124999999991e+00
1.752438109527381868e-02,-1.300078124999999973e+00
1.754438609652413106e-02,-1.560078124999999982e+00
1.756439109777444343e-02,-1.520078124999999947e+00
1.758439609902475928e-02,-1.520078124999999947e+00
1.760440110027507166e-02,-1.680078125000000089e+00
1.762440610152538403e-02,-1.680078125000000089e+00
1.764441110277569641e-02,-1.780078124999999956e+00
1.766441610402600879e-02,-1.780078124999999956e+00
1.768442110527632116e-02,-1.800078124999999973e+00
1.770442610652663354e-02,-1.800078124999999973e+00
1.772443110777694592e-02,-1.780078124999999956e+00
1.774443610902725829e-02,-1.780078124999999956e+00
1.776444111027757067e-02,-1.720078125000000124e+00
1.778444611152788304e-02,-1.720078125000000124e+00
1.780445111277819542e-02,-1.560078124999999982e+00
1.782445611402850780e-02,-1.300078124999999973e+00
1.784446111527882017e-02,-1.300078124999999973e+00
1.786446611652913255e-02,-1.020078124999999947e+00
1.788447111777944493e-02,-1.040078124999999964e+00
1.790447611902975730e-02,-7.200781250000000133e-01
1.792448112028006968e-02,-7.200781250000000133e-01
1.794448612153038553e-02,-4.200781250000000244e-01
1.796449112278069790e-02,-4.600781250000000044e-01
1.798449612403101028e-02,5.999999999999999778e-02
1.800450112528132265e-02,4.000000000000000083e-02
1.802450612653163503e-02,3.800000000000000044e-01
1.804451112778194741e-02,3.599999999999999867e-01
1.806451612903225978e-02,7.199999999999999734e-01
1.808452113028257216e-02,7.000000000000000666e-01
1.810452613153288454e-02,9.400000000000000577e-01
1.812453113278319691e-02,9.000000000000000222e-01
1.814453613403350929e-02,1.280000000000000027e+00
1.816454113528382167e-02,1.260000000000000009e+00
1.818454613653413404e-02,1.260000000000000009e+00
1.820455113778444642e-02,1.419999999999999929e+00
1.822455613903475879e-02,1.419999999999999929e+00
1.824456114028507117e-02,1.560000000000000053e+00
1.826456614153538355e-02,1.560000000000000053e+00
1.828457114278569939e-02,1.620000000000000107e+00
1.830457614403601177e-02,1.620000000000000107e+00
1.832458114528632415e-02,1.620000000000000107e+00
1.834458614653663652e-02,1.620000000000000107e+00
1.836459114778694890e-02,1.540000000000000036e+00
1.838459614903726128e-02,1.540000000000000036e+00
1.840460115028757365e-02,1.419999999999999929e+00
1.842460615153788603e-02,1.199999999999999956e+00
1.844461115278819840e-02,1.219999999999999973e+00
1.846461615403851078e-02,1.000000000000000000e+00
1.848462115528882316e-02,1.020000000000000018e+00
1.850462615653913553e-02,6.199999999999999956e-01
1.852463115778944791e-02,6.400000000000000133e-01
1.854463615903976029e-02,3.200000000000000067e-01
1.856464116029007266e-02,3.200000000000000067e-01
1.858464616154038504e-02,-4.007812499999999917e-02
1.860465116279069742e-02,-4.007812499999999917e-02
1.862465616404101326e-02,-3.600781250000000266e-01
1.864466116529132564e-02,-3.600781250000000266e-01
1.866466616654163801e-02,-6.800781249999999778e-01
1.868467116779195039e-02,-6.800781249999999778e-01
1.870467616904226277e-02,-1.080078125000000000e+00
1.872468117029257514e-02,-1.060078124999999982e+00
1.874468617154288752e-02,-1.340078125000000009e+00
1.876469117279319990e-02,-1.320078124999999991e+00
1.878469617404351227e-02,-1.560078124999999982e+00
1.880470117529382465e-02,-1.560078124999999982e+00
1.882470617654413703e-02,-1.560078124999999982e+00
1.884471117779444940e-02,-1.680078125000000089e+00
1.886471617904476178e-02,-1.680078125000000089e+00
1.888472118029507416e-02,-1.800078124999999973e+00
1.890472618154538653e-02,-1.800078124999999973e+00
1.892473118279569891e-02,-1.840078125000000009e+00
1.894473618404601128e-02,-1.840078125000000009e+00
1.896474118529632713e-02,-1.800078124999999973e+00
1.898474618654663951e-02,-1.800078124999999973e+00
1.900475118779695188e-02,-1.720078125000000124e+00
1.902475618904726426e-02,-1.720078125000000124e+00
1.904476119029757664e-02,-1.560078124999999982e+00
1.906476619154788901e-02,-1.340078125000000009e+00
1.908477119279820139e-02,-1.340078125000000009e+00
1.910477619404851377e-02,-1.000078124999999929e+00
1.912478119529882614e-02,-1.000078124999999929e+00
1.914478619654913852e-02,-7.400781250000000311e-01
1.916479119779945089e-02,-7.400781250000000311e-01
1.918479619904976327e-02,-4.600781250000000044e-01
1.920480120030007565e-02,-4.800781250000000222e-01
1.922480620155038802e-02,-1.200781250000000078e-01
1.924481120280070040e-02,-1.400781249999999978e-01
1.926481620405101278e-02,2.399999999999999911e-01
1.928482120530132515e-02,2.200000000000000011e-01
1.930482620655164100e-02,6.800000000000000488e-01
1.932483120780195338e-02,6.600000000000000311e-01
1.934483620905226575e-02,9.799999999999999822e-01
1.936484121030257813e-02,9.799999999999999822e-01
1.938484621155289050e-02,9.799999999999999822e-01
1.940485121280320288e-02,1.140000000000000124e+00
1.942485621405351526e-02,1.419999999999999929e+00
1.944486121530382763e-02,1.419999999999999929e+00
1.946486621655414001e-02,1.419999999999999929e+00
1.948487121780445239e-02,1.520000000000000018e+00
1.950487621905476476e-02,1.520000000000000018e+00
1.952488122030507714e-02,1.600000000000000089e+00
1.954488622155538952e-02,1.600000000000000089e+00
1.956489122280570189e-02,1.620000000000000107e+00
1.958489622405601427e-02,1.620000000000000107e+00
1.960490122530632665e-02,1.540000000000000036e+00
1.962490622655663902e-02,1.540000000000000036e+00
1.964491122780695487e-02,1.479999999999999982e+00
1.966491622905726724e-02,1.239999999999999991e+00
1.968492123030757962e-02,1.239999999999999991e+00
1.970492623155789200e-02,9.599999999999999645e-01
1.972493123280820437e-02,9.599999999999999645e-01
1.974493623405851675e-02,7.000000000000000666e-01
1.976494123530882913e-02,7.199999999999999734e-01
1.978494623655914150e-02,3.599999999999999867e-01
1.980495123780945388e-02,3.800000000000000044e-01
1.982495623905976626e-02,2.000000000000000042e-02
1.984496124031007863e-02,4.000000000000000083e-02
1.986496624156039101e-02,-2.800781250000000111e-01
1.988497124281070338e-02,-2.400781250000000033e-01
1.990497624406101576e-02,-6.200781250000000355e-01
1.992498124531132814e-02,-6.000781250000000178e-01
1.994498624656164051e-02,-9.600781250000000044e-01
1.996499124781195289e-02,-9.400781249999999867e-01
1.998499624906226874e-02,-1.240078124999999920e+00
2.000500125031258111e-02,-1.240078124999999920e+00
2.002500625156289349e-02,-1.240078124999999920e+00
2.004501125281320587e-02,-1.400078125000000062e+00
2.006501625406351824e-02,-1.620078125000000036e+00
2.008502125531383062e-02,-1.620078125000000036e+00
2.010502625656414299e-02,-1.620078125000000036e+00
2.012503125781445537e-02,-1.720078125000000124e+00
2.014503625906476775e-02,-1.720078125000000124e+00
2.016504126031508012e-02,-1.740078125000000142e+00
2.018504626156539250e-02,-1.740078125000000142e+00
2.020505126281570488e-02,-1.740078125000000142e+00
2.022505626406601725e-02,-1.740078125000000142e+00
2.024506126531632963e-02,-1.660078125000000071e+00
2.026506626656664201e-02,-1.660078125000000071e+00
2.028507126781695438e-02,-1.480078125000000133e+00
2.030507626906726676e-02,-1.480078125000000133e+00
2.032508127031758260e-02,-1.340078125000000009e+00
2.034508627156789498e-02,-1.080078125000000000e+00
2.036509127281820736e-02,-1.140078125000000053e+00
2.038509627406851973e-02,-7.600781250000000488e-01
2.040510127531883211e-02,-7.600781250000000488e-01
2.042510627656914449e-02,-4.400781249999999867e-01
2.044511127781945686e-02,-4.400781249999999867e-01
2.046511627906976924e-02,-1.600781250000000155e-01
2.048512128032008162e-02,-1.800781250000000056e-01
2.050512628157039399e-02,2.399999999999999911e-01
2.052513128282070637e-02,2.200000000000000011e-01
2.054513628407101875e-02,5.999999999999999778e-01
2.056514128532133112e-02,5.999999999999999778e-01
2.058514628657164350e-02,9.000000000000000222e-01
2.060515128782195587e-02,8.800000000000000044e-01
2.062515628907226825e-02,8.800000000000000044e-01
2.064516129032258063e-02,1.060000000000000053e+00
2.066516629157289647e-02,1.340000000000000080e+00
2.068517129282320885e-02,1.300000000000000044e+00
2.070517629407352123e-02,1.300000000000000044e+00
2.072518129532383360e-02,1.439999999999999947e+00
2.074518629657414598e-02,1.439999999999999947e+00
2.076519129782445836e-02,1.500000000000000000e+00
2.078519629907477073e-02,1.500000000000000000e+00
2.080520130032508311e-02,1.500000000000000000e+00
2.082520630157539548e-02,1.500000000000000000e+00
2.084521130282570786e-02,1.439999999999999947e+00
2.086521630407602024e-02,1.439999999999999947e+00
2.088522130532633261e-02,1.360000000000000098e+00
2.090522630657664499e-02,1.100000000000000089e+00
2.092523130782695737e-02,1.120000000000000107e+00
2.094523630907726974e-02,8.800000000000000044e-01
2.096524131032758212e-02,9.000000000000000222e-01
2.098524631157789450e-02,6.199999999999999956e-01
2.100525131282821034e-02,6.400000000000000133e-01
2.102525631407852272e-02,3.400000000000000244e-01
2.104526131532883509e-02,3.599999999999999867e-01
2.106526631657914747e-02,5.999999999999999778e-02
2.108527131782945985e-02,8.000000000000000167e-02
2.110527631907977222e-02,-3.200781249999999911e-01
2.112528132033008460e-02,-2.800781250000000111e-01
2.114528632158039698e-02,-5.200781250000000577e-01
2.116529132283070935e-02,-5.000781250000000400e-01
2.118529632408102173e-02,-9.200781249999999689e-01
2.120530132533133411e-02,-8.800781250000000444e-01
2.122530632658164648e-02,-1.100078125000000018e+00
2.124531132783195886e-02,-1.100078125000000018e+00
2.126531632908227124e-02,-1.340078125000000009e+00
2.128532133033258361e-02,-1.320078124999999991e+00
2.130532633158289599e-02,-1.320078124999999991e+00
2.132533133283320836e-02,-1.500078124999999929e+00
2.134533633408352421e-02,-1.500078124999999929e+00
2.136534133533383659e-02,-1.560078124999999982e+00
2.138534633658414896e-02,-1.560078124999999982e+00
2.140535133783446134e-02,-1.620078125000000036e+00
2.142535633908477372e-02,-1.620078125000000036e+00
2.144536134033508609e-02,-1.600078125000000018e+00
2.146536634158539847e-02,-1.600078125000000018e+00
2.148537134283571085e-02,-1.540078124999999964e+00
2.150537634408602322e-02,-1.540078124999999964e+00
2.152538134533633560e-02,-1.400078125000000062e+00
2.154538634658664797e-02,-1.400078125000000062e+00
2.156539134783696035e-02,-1.240078124999999920e+00
2.158539634908727273e-02,-1.240078124999999920e+00
2.160540135033758510e-02,-1.040078124999999964e+00
2.162540635158789748e-02,-7.200781250000000133e-01
2.164541135283820986e-02,-7.600781250000000488e-01
2.166541635408852223e-02,-4.400781249999999867e-01
2.168542135533883808e-02,-4.400781249999999867e-01
2.170542635658915046e-02,-4.007812499999999917e-02
2.172543135783946283e-02,-8.007812500000000000e-02
2.174543635908977521e-02,1.600000000000000033e-01
2.176544136034008758e-02,1.400000000000000133e-01
2.178544636159039996e-02,4.400000000000000022e-01
2.180545136284071234e-02,4.000000000000000222e-01
2.182545636409102471e-02,8.000000000000000444e-01
2.184546136534133709e-02,7.800000000000000266e-01
2.186546636659164947e-02,7.800000000000000266e-01
2.188547136784196184e-02,9.799999999999999822e-01
2.190547636909227422e-02,9.799999999999999822e-01
2.192548137034258660e-02,1.120000000000000107e+00
2.194548637159289897e-02,1.120000000000000107e+00
2.196549137284321135e-02,1.260000000000000009e+00
2.198549637409352372e-02,1.260000000000000009e+00
2.200550137534383610e-02,1.340000000000000080e+00
2.202550637659415195e-02,1.340000000000000080e+00
2.204551137784446432e-02,1.380000000000000115e+00
2.206551637909477670e-02,1.380000000000000115e+00
2.208552138034508908e-02,1.340000000000000080e+00
2.210552638159540145e-02,1.340000000000000080e+00
2.212553138284571383e-02,1.199999999999999956e+00
2.214553638409602621e-02,1.199999999999999956e+00
2.216554138534633858e-02,1.080000000000000071e+00
2.218554638659665096e-02,8.599999999999999867e-01
2.220555138784696333e-02,8.599999999999999867e-01
2.222555638909727571e-02,8.599999999999999867e-01
2.224556139034758809e-02,7.000000000000000666e-01
2.226556639159790046e-02,3.599999999999999867e-01
2.228557139284821284e-02,3.800000000000000044e-01
2.230557639409852522e-02,2.000000000000000042e-02
2.232558139534883759e-02,5.999999999999999778e-02
2.234558639659914997e-02,-2.000781249999999956e-01
2.236559139784946582e-02,-2.000781249999999956e-01
2.238559639909977819e-02,-4.400781249999999867e-01
2.240560140035009057e-02,-4.200781250000000244e-01
2.242560640160040294e-02,-7.200781250000000133e-01
2.244561140285071532e-02,-7.200781250000000133e-01
2.246561640410102770e-02,-9.400781249999999867e-01
2.248562140535134007e-02,-9.400781249999999867e-01
2.250562640660165245e-02,-1.180078125000000089e+00
2.252563140785196483e-02,-1.160078125000000071e+00
2.254563640910227720e-02,-1.160078125000000071e+00
2.256564141035258958e-02,-1.320078124999999991e+00
2.258564641160290196e-02,-1.320078124999999991e+00
2.260565141285321433e-02,-1.420078125000000080e+00
2.262565641410352671e-02,-1.420078125000000080e+00
2.264566141535383909e-02,-1.460078125000000115e+00
2.266566641660415146e-02,-1.460078125000000115e+00
2.268567141785446384e-02,-1.440078125000000098e+00
2.270567641910477968e-02,-1.440078125000000098e+00
2.272568142035509206e-02,-1.380078125000000044e+00
2.274568642160540444e-02,-1.380078125000000044e+00
2.276569142285571681e-02,-1.280078124999999956e+00
2.278569642410602919e-02,-1.280078124999999956e+00
2.280570142535634157e-02,-1.120078125000000036e+00
2.282570642660665394e-02,-1.120078125000000036e+00
2.284571142785696632e-02,-9.800781250000000222e-01
2.286571642910727870e-02,-6.600781249999999600e-01
2.288572143035759107e-02,-6.800781249999999778e-01
2.290572643160790345e-02,-4.600781250000000044e-01
2.292573143285821582e-02,-4.800781250000000222e-01
2.294573643410852820e-02,-1.200781250000000078e-01
2.296574143535884058e-02,-1.200781250000000078e-01
2.298574643660915295e-02,1.400000000000000133e-01
2.300575143785946533e-02,1.199999999999999956e-01
2.302575643910977771e-02,4.600000000000000200e-01
2.304576144036009355e-02,4.600000000000000200e-01
2.306576644161040593e-02,7.000000000000000666e-01
2.308577144286071831e-02,6.800000000000000488e-01
2.310577644411103068e-02,6.800000000000000488e-01
2.312578144536134306e-02,8.000000000000000444e-01
2.314578644661165543e-02,8.000000000000000444e-01
2.316579144786196781e-02,9.799999999999999822e-01
2.318579644911228019e-02,9.799999999999999822e-01
2.320580145036259256e-02,1.120000000000000107e+00
2.322580645161290494e-02,1.120000000000000107e+00
2.324581145286321732e-02,1.179999999999999938e+00
2.326581645411352969e-02,1.179999999999999938e+00
2.328582145536384207e-02,1.199999999999999956e+00
2.330582645661415445e-02,1.199999999999999956e+00
2.332583145786446682e-02,1.179999999999999938e+00
2.334583645911477920e-02,1.179999999999999938e+00
2.336584146036509158e-02,1.080000000000000071e+00
2.338584646161540395e-02,1.080000000000000071e+00
2.340585146286571980e-02,9.400000000000000577e-01
2.342585646411603217e-02,9.400000000000000577e-01
2.344586146536634455e-02,7.800000000000000266e-01
2.346586646661665693e-02,5.400000000000000355e-01
2.348587146786696930e-02,5.600000000000000533e-01
2.350587646911728168e-02,2.399999999999999911e-01
2.352588147036759406e-02,2.999999999999999889e-01
2.354588647161790643e-02,0.000000000000000000e+00
2.356589147286821881e-02,2.000000000000000042e-02
2.358589647411853119e-02,-2.200781250000000133e-01
2.360590147536884356e-02,-2.000781249999999956e-01
2.362590647661915594e-02,-4.400781249999999867e-01
2.364591147786946831e-02,-4.000781250000000067e-01
2.366591647911978069e-02,-6.800781249999999778e-01
2.368592148037009307e-02,-6.600781249999999600e-01
2.370592648162040544e-02,-9.200781249999999689e-01
2.372593148287071782e-02,-8.800781250000000444e-01
2.374593648412103367e-02,-1.100078125000000018e+00
2.376594148537134604e-02,-1.080078125000000000e+00
2.378594648662165842e-02,-1.080078125000000000e+00
2.380595148787197080e-02,-1.220078125000000124e+00
2.382595648912228317e-02,-1.220078125000000124e+00
2.384596149037259555e-02,-1.280078124999999956e+00
2.386596649162290792e-02,-1.280078124999999956e+00
2.388597149287322030e-02,-1.360078125000000027e+00
2.390597649412353268e-02,-1.360078125000000027e+00
2.392598149537384505e-02,-1.340078125000000009e+00
2.394598649662415743e-02,-1.340078125000000009e+00
2.396599149787446981e-02,-1.300078124999999973e+00
2.398599649912478218e-02,-1.300078124999999973e+00
2.400600150037509456e-02,-1.220078125000000124e+00
2.402600650162540694e-02,-1.220078125000000124e+00
2.404601150287571931e-02,-1.040078124999999964e+00
2.406601650412603169e-02,-1.040078124999999964e+00
2.408602150537634753e-02,-9.000781250000000622e-01
2.410602650662665991e-02,-5.800781250000000000e-01
2.412603150787697229e-02,-6.000781250000000178e-01
2.414603650912728466e-02,-3.400781250000000089e-01
2.416604151037759704e-02,-3.600781250000000266e-01
2.418604651162790942e-02,-1.200781250000000078e-01
2.420605151287822179e-02,-1.200781250000000078e-01
2.422605651412853417e-02,-1.200781250000000078e-01
2.424606151537884655e-02,2.000000000000000042e-02
2.426606651662915892e-02,3.400000000000000244e-01
2.428607151787947130e-02,2.999999999999999889e-01
2.430607651912978368e-02,5.799999999999999600e-01
2.432608152038009605e-02,5.799999999999999600e-01
2.434608652163040843e-02,5.799999999999999600e-01
2.436609152288072080e-02,7.399999999999999911e-01
2.438609652413103318e-02,9.599999999999999645e-01
2.440610152538134556e-02,9.200000000000000400e-01
2.442610652663166140e-02,9.200000000000000400e-01
2.444611152788197378e-02,1.040000000000000036e+00
2.446611652913228616e-02,1.040000000000000036e+00
2.448612153038259853e-02,1.100000000000000089e+00
2.450612653163291091e-02,1.100000000000000089e+00
2.452613153288322329e-02,1.120000000000000107e+00
2.454613653413353566e-02,1.120000000000000107e+00
2.456614153538384804e-02,1.120000000000000107e+00
2.458614653663416041e-02,1.120000000000000107e+00
2.460615153788447279e-02,1.040000000000000036e+00
2.462615653913478517e-02,1.040000000000000036e+00
2.464616154038509754e-02,9.599999999999999645e-01
2.466616654163540992e-02,9.599999999999999645e-01
2.468617154288572230e-02,8.200000000000000622e-01
2.470617654413603467e-02,5.799999999999999600e-01
2.472618154538634705e-02,5.999999999999999778e-01
2.474618654663665943e-02,3.400000000000000244e-01
2.476619154788697527e-02,3.599999999999999867e-01
2.478619654913728765e-02,1.000000000000000056e-01
2.480620155038760002e-02,1.000000000000000056e-01
2.482620655163791240e-02,-2.000781249999999956e-01
2.484621155288822478e-02,-1.800781250000000056e-01
2.486621655413853715e-02,-4.000781250000000067e-01
2.488622155538884953e-02,-3.800781249999999889e-01
2.490622655663916191e-02,-6.800781249999999778e-01
2.492623155788947428e-02,-6.600781249999999600e-01
2.494623655913978666e-02,-9.000781250000000622e-01
2.496624156039009904e-02,-8.800781250000000444e-01
2.498624656164041141e-02,-8.800781250000000444e-01
2.500625156289072379e-02,-1.060078124999999982e+00
2.502625656414103616e-02,-1.060078124999999982e+00
2.504626156539134854e-02,-1.140078125000000053e+00
2.506626656664166092e-02,-1.140078125000000053e+00
2.508627156789197329e-02,-1.260078124999999938e+00
2.510627656914228914e-02,-1.260078124999999938e+00
2.512628157039260152e-02,-1.320078124999999991e+00
2.514628657164291389e-02,-1.320078124999999991e+00
2.516629157289322627e-02,-1.320078124999999991e+00
2.518629657414353865e-02,-1.320078124999999991e+00
2.520630157539385102e-02,-1.280078124999999956e+00
2.522630657664416340e-02,-1.280078124999999956e+00
2.524631157789447577e-02,-1.200078125000000107e+00
2.526631657914478815e-02,-1.200078125000000107e+00
2.528632158039510053e-02,-1.060078124999999982e+00
2.530632658164541290e-02,-1.060078124999999982e+00
2.532633158289572528e-02,-9.400781249999999867e-01
2.534633658414603766e-02,-6.800781249999999778e-01
2.536634158539635003e-02,-7.000781249999999956e-01
2.538634658664666241e-02,-4.600781250000000044e-01
2.540635158789697479e-02,-4.800781250000000222e-01
2.542635658914728716e-02,-1.400781249999999978e-01
2.544636159039760301e-02,-2.000781249999999956e-01
2.546636659164791539e-02,5.999999999999999778e-02
2.548637159289822776e-02,5.999999999999999778e-02
2.550637659414854014e-02,3.400000000000000244e-01
2.552638159539885251e-02,3.200000000000000067e-01
2.554638659664916489e-02,5.400000000000000355e-01
2.556639159789947727e-02,5.400000000000000355e-01
2.558639659914978964e-02,7.600000000000000089e-01
2.560640160040010202e-02,7.399999999999999911e-01
2.562640660165041440e-02,9.599999999999999645e-01
2.564641160290072677e-02,9.599999999999999645e-01
2.566641660415103915e-02,9.599999999999999645e-01
2.568642160540135153e-02,1.060000000000000053e+00
2.570642660665166390e-02,1.060000000000000053e+00
2.572643160790197628e-02,1.100000000000000089e+00
2.574643660915228865e-02,1.100000000000000089e+00
2.576644161040260103e-02,1.179999999999999938e+00
2.578644661165291688e-02,1.179999999999999938e+00
2.580645161290322925e-02,1.159999999999999920e+00
2.582645661415354163e-02,1.159999999999999920e+00
2.584646161540385401e-02,1.080000000000000071e+00
2.586646661665416638e-02,1.080000000000000071e+00
2.588647161790447876e-02,9.400000000000000577e-01
2.590647661915479114e-02,9.400000000000000577e-01
2.592648162040510351e-02,8.200000000000000622e-01
2.594648662165541589e-02,5.999999999999999778e-01
2.596649162290572826e-02,6.199999999999999956e-01
2.598649662415604064e-02,3.800000000000000044e-01
2.600650162540635302e-02,3.800000000000000044e-01
2.602650662665666539e-02,3.800000000000000044e-01
2.604651162790697777e-02,2.000000000000000111e-01
2.606651662915729015e-02,-8.007812500000000000e-02
2.608652163040760252e-02,-6.007812500000000305e-02
2.610652663165791490e-02,-4.600781250000000044e-01
2.612653163290823075e-02,-4.400781249999999867e-01
2.614653663415854312e-02,-6.800781249999999778e-01
2.616654163540885550e-02,-6.800781249999999778e-01
2.618654663665916787e-02,-6.800781249999999778e-01
2.620655163790948025e-02,-8.600781250000000266e-01
2.622655663915979263e-02,-8.600781250000000266e-01
2.624656164041010500e-02,-1.020078124999999947e+00
2.626656664166041738e-02,-1.020078124999999947e+00
2.628657164291072976e-02,-1.200078125000000107e+00
2.630657664416104213e-02,-1.200078125000000107e+00
2.632658164541135451e-02,-1.340078125000000009e+00
2.634658664666166689e-02,-1.340078125000000009e+00
2.636659164791197926e-02,-1.360078125000000027e+00
2.638659664916229164e-02,-1.360078125000000027e+00
2.640660165041260402e-02,-1.420078125000000080e+00
2.642660665166291639e-02,-1.420078125000000080e+00
2.644661165291322877e-02,-1.360078125000000027e+00
2.646661665416354461e-02,-1.360078125000000027e+00
2.648662165541385699e-02,-1.300078124999999973e+00
2.650662665666416937e-02,-1.300078124999999973e+00
2.652663165791448174e-02,-1.180078125000000089e+00
2.654663665916479412e-02,-9.400781249999999867e-01
2.656664166041510650e-02,-9.800781250000000222e-01
2.658664666166541887e-02,-7.000781249999999956e-01
2.660665166291573125e-02,-7.200781250000000133e-01
2.662665666416604363e-02,-4.800781250000000222e-01
2.664666166541635600e-02,-5.200781250000000577e-01
2.666666666666666838e-02,-1.600781250000000155e-01
2.668667166791698075e-02,-1.800781250000000056e-01
2.670667666916729313e-02,1.400000000000000133e-01
2.672668167041760551e-02,1.199999999999999956e-01
2.674668667166791788e-02,4.000000000000000222e-01
2.676669167291823026e-02,3.800000000000000044e-01
2.678669667416854264e-02,6.199999999999999956e-01
2.680670167541885848e-02,5.999999999999999778e-01
2.682670667666917086e-02,8.599999999999999867e-01
2.684671167791948324e-02,8.399999999999999689e-01
2.686671667916979561e-02,8.399999999999999689e-01
2.688672168042010799e-02,9.799999999999999822e-01
2.690672668167042036e-02,9.799999999999999822e-01
2.692673168292073274e-02,1.120000000000000107e+00
2.694673668417104512e-02,1.120000000000000107e+00
2.696674168542135749e-02,1.239999999999999991e+00
2.698674668667166987e-02,1.239999999999999991e+00
2.700675168792198225e-02,1.260000000000000009e+00
2.702675668917229462e-02,1.260000000000000009e+00
2.704676169042260700e-02,1.280000000000000027e+00
2.706676669167291938e-02,1.280000000000000027e+00
2.708677169292323175e-02,1.219999999999999973e+00
2.710677669417354413e-02,1.219999999999999973e+00
2.712678169542385651e-02,1.080000000000000071e+00
2.714678669667417235e-02,1.080000000000000071e+00
2.716679169792448473e-02,9.000000000000000222e-01
2.718679669917479710e-02,9.000000000000000222e-01
2.720680170042510948e-02,7.600000000000000089e-01
2.722680670167542186e-02,5.000000000000000000e-01
2.724681170292573423e-02,5.200000000000000178e-01
2.726681670417604661e-02,1.400000000000000133e-01
2.728682170542635899e-02,1.600000000000000033e-01
2.730682670667667136e-02,-1.000781250000000039e-01
2.732683170792698374e-02,-8.007812500000000000e-02
2.734683670917729612e-02,-3.400781250000000089e-01
2.736684171042760849e-02,-3.200781249999999911e-01
2.738684671167792087e-02,-6.600781249999999600e-01
2.740685171292823324e-02,-6.400781250000000533e-01
2.742685671417854562e-02,-9.400781249999999867e-01
2.744686171542885800e-02,-9.000781250000000622e-01
2.746686671667917037e-02,-1.140078125000000053e+00
2.748687171792948622e-02,-1.120078125000000036e+00
2.750687671917979860e-02,-1.120078125000000036e+00
2.752688172043011097e-02,-1.300078124999999973e+00
2.754688672168042335e-02,-1.300078124999999973e+00
2.756689172293073573e-02,-1.460078125000000115e+00
2.758689672418104810e-02,-1.460078125000000115e+00
2.760690172543136048e-02,-1.520078124999999947e+00
2.762690672668167285e-02,-1.520078124999999947e+00
2.764691172793198523e-02,-1.540078124999999964e+00
2.766691672918229761e-02,-1.540078124999999964e+00
2.768692173043260998e-02,-1.500078124999999929e+00
2.770692673168292236e-02,-1.500078124999999929e+00
2.772693173293323474e-02,-1.400078125000000062e+00
2.774693673418354711e-02,-1.400078125000000062e+00
2.776694173543385949e-02,-1.280078124999999956e+00
2.778694673668417187e-02,-1.040078124999999964e+00
2.780695173793448424e-02,-1.040078124999999964e+00
2.782695673918480009e-02,-1.040078124999999964e+00
2.784696174043511246e-02,-8.800781250000000444e-01
2.786696674168542484e-02,-5.600781249999999822e-01
2.788697174293573722e-02,-5.600781249999999822e-01
2.790697674418604959e-02,-2.000781249999999956e-01
2.792698174543636197e-02,-2.200781250000000133e-01
2.794698674668667435e-02,0.000000000000000000e+00
2.796699174793698672e-02,-7.812500000000000163e-05
2.798699674918729910e-02,3.800000000000000044e-01
2.800700175043761148e-02,3.400000000000000244e-01
2.802700675168792385e-02,6.199999999999999956e-01
2.804701175293823623e-02,5.799999999999999600e-01
2.806701675418854861e-02,8.800000000000000044e-01
2.808702175543886098e-02,8.800000000000000044e-01
2.810702675668917336e-02,1.100000000000000089e+00
2.812703175793948573e-02,1.080000000000000071e+00
2.814703675918979811e-02,1.080000000000000071e+00
2.816704176044011049e-02,1.239999999999999991e+00
2.818704676169042633e-02,1.239999999999999991e+00
2.820705176294073871e-02,1.380000000000000115e+00
2.822705676419105109e-02,1.380000000000000115e+00
2.824706176544136346e-02,1.439999999999999947e+00
2.826706676669167584e-02,1.439999999999999947e+00
2.828707176794198822e-02,1.439999999999999947e+00
2.830707676919230059e-02,1.439999999999999947e+00
2.832708177044261297e-02,1.380000000000000115e+00
2.834708677169292534e-02,1.380000000000000115e+00
2.836709177294323772e-02,1.239999999999999991e+00
2.838709677419355010e-02,1.000000000000000000e+00
2.840710177544386247e-02,1.020000000000000018e+00
2.842710677669417485e-02,1.020000000000000018e+00
2.844711177794448723e-02,8.399999999999999689e-01
2.846711677919479960e-02,4.799999999999999822e-01
2.848712178044511198e-02,5.000000000000000000e-01
2.850712678169542436e-02,2.200000000000000011e-01
2.852713178294574020e-02,2.399999999999999911e-01
2.854713678419605258e-02,-1.600781250000000155e-01
2.856714178544636495e-02,-1.600781250000000155e-01
2.858714678669667733e-02,-5.000781250000000400e-01
2.860715178794698971e-02,-4.600781250000000044e-01
2.862715678919730208e-02,-7.800781250000000666e-01
2.864716179044761446e-02,-7.800781250000000666e-01
2.866716679169792684e-02,-1.040078124999999964e+00
2.868717179294823921e-02,-1.020078124999999947e+00
2.870717679419855159e-02,-1.320078124999999991e+00
2.872718179544886397e-02,-1.300078124999999973e+00
2.874718679669917634e-02,-1.300078124999999973e+00
2.876719179794948872e-02,-1.480078125000000133e+00
2.878719679919980109e-02,-1.480078125000000133e+00
2.880720180045011347e-02,-1.580078125000000000e+00
2.882720680170042585e-02,-1.580078125000000000e+00
2.884721180295073822e-02,-1.680078125000000089e+00
2.886721680420105407e-02,-1.680078125000000089e+00
2.888722180545136645e-02,-1.720078125000000124e+00
2.890722680670167882e-02,-1.720078125000000124e+00
2.892723180795199120e-02,-1.680078125000000089e+00
2.894723680920230358e-02,-1.680078125000000089e+00
2.896724181045261595e-02,-1.560078124999999982e+00
2.898724681170292833e-02,-1.560078124999999982e+00
2.900725181295324070e-02,-1.420078125000000080e+00
2.902725681420355308e-02,-1.200078125000000107e+00
2.904726181545386546e-02,-1.220078125000000124e+00
2.906726681670417783e-02,-9.800781250000000222e-01
2.908727181795449021e-02,-1.000078124999999929e+00
2.910727681920480259e-02,-5.800781250000000000e-01
2.912728182045511496e-02,-6.000781250000000178e-01
2.914728682170542734e-02,-3.400781250000000089e-01
2.916729182295573972e-02,-3.600781250000000266e-01
2.918729682420605209e-02,0.000000000000000000e+00
2.920730182545636794e-02,-7.812500000000000163e-05
2.922730682670668031e-02,3.400000000000000244e-01
2.924731182795699269e-02,3.200000000000000067e-01
2.926731682920730507e-02,6.400000000000000133e-01
2.928732183045761744e-02,5.999999999999999778e-01
2.930732683170792982e-02,1.040000000000000036e+00
2.932733183295824220e-02,1.000000000000000000e+00
2.934733683420855457e-02,1.239999999999999991e+00
2.936734183545886695e-02,1.239999999999999991e+00
2.938734683670917933e-02,1.239999999999999991e+00
2.940735183795949170e-02,1.360000000000000098e+00
2.942735683920980408e-02,1.360000000000000098e+00
2.944736184046011646e-02,1.500000000000000000e+00
2.946736684171042883e-02,1.500000000000000000e+00
2.948737184296074121e-02,1.560000000000000053e+00
2.950737684421105358e-02,1.560000000000000053e+00
2.952738184546136596e-02,1.560000000000000053e+00
2.954738684671168181e-02,1.560000000000000053e+00
2.956739184796199418e-02,1.500000000000000000e+00
2.958739684921230656e-02,1.500000000000000000e+00
2.960740185046261894e-02,1.380000000000000115e+00
2.962740685171293131e-02,1.380000000000000115e+00
2.964741185296324369e-02,1.199999999999999956e+00
2.966741685421355607e-02,9.599999999999999645e-01
2.968742185546386844e-02,9.799999999999999822e-01
2.970742685671418082e-02,6.199999999999999956e-01
2.972743185796449319e-02,6.400000000000000133e-01
2.974743685921480557e-02,2.600000000000000089e-01
2.976744186046511795e-02,2.600000000000000089e-01
2.978744686171543032e-02,-1.200781250000000078e-01
2.980745186296574270e-02,-1.000781250000000039e-01
2.982745686421605508e-02,-4.400781249999999867e-01
2.984746186546636745e-02,-4.200781250000000244e-01
2.986746686671667983e-02,-7.800781250000000666e-01
2.988747186796699568e-02,-7.600781250000000488e-01
2.990747686921730805e-02,-1.120078125000000036e+00
2.992748187046762043e-02,-1.120078125000000036e+00
2.994748687171793280e-02,-1.360078125000000027e+00
2.996749187296824518e-02,-1.340078125000000009e+00
2.998749687421855756e-02,-1.340078125000000009e+00
3.000750187546886993e-02,-1.520078124999999947e+00
3.002750687671918231e-02,-1.520078124999999947e+00
3.004751187796949469e-02,-1.660078125000000071e+00
3.006751687921980706e-02,-1.660078125000000071e+00
3.008752188047011944e-02,-1.780078124999999956e+00
3.010752688172043182e-02,-1.780078124999999956e+00
3.012753188297074419e-02,-1.820078124999999991e+00
3.014753688422105657e-02,-1.820078124999999991e+00
3.016754188547136895e-02,-1.760078124999999938e+00
3.018754688672168132e-02,-1.760078124999999938e+00
3.020755188797199370e-02,-1.680078125000000089e+00
3.022755688922230954e-02,-1.680078125000000089e+00
3.024756189047262192e-02,-1.580078125000000000e+00
3.026756689172293430e-02,-1.320078124999999991e+00
3.028757189297324667e-02,-1.360078125000000027e+00
3.030757689422355905e-02,-1.000078124999999929e+00
3.032758189547387143e-02,-1.000078124999999929e+00
3.034758689672418380e-02,-7.000781249999999956e-01
3.036759189797449618e-02,-7.200781250000000133e-01
3.038759689922480856e-02,-3.000781250000000289e-01
3.040760190047512093e-02,-3.000781250000000289e-01
3.042760690172543331e-02,5.999999999999999778e-02
3.044761190297574568e-02,5.999999999999999778e-02
3.046761690422605806e-02,3.599999999999999867e-01
3.048762190547637044e-02,3.599999999999999867e-01
3.050762690672668281e-02,7.199999999999999734e-01
3.052763190797699519e-02,7.000000000000000666e-01
3.054763690922730757e-02,1.020000000000000018e+00
3.056764191047762341e-02,9.799999999999999822e-01
3.058764691172793579e-02,1.219999999999999973e+00
3.060765191297824817e-02,1.219999999999999973e+00
3.062765691422856054e-02,1.459999999999999964e+00
3.064766191547887292e-02,1.439999999999999947e+00
3.066766691672918529e-02,1.439999999999999947e+00
3.068767191797949767e-02,1.520000000000000018e+00
3.070767691922981005e-02,1.520000000000000018e+00
3.072768192048012242e-02,1.620000000000000107e+00
3.074768692173043480e-02,1.620000000000000107e+00
3.076769192298074718e-02,1.620000000000000107e+00
3.078769692423105955e-02,1.620000000000000107e+00
3.080770192548137193e-02,1.580000000000000071e+00
3.082770692673168431e-02,1.580000000000000071e+00
3.084771192798199668e-02,1.419999999999999929e+00
3.086771692923230906e-02,1.419999999999999929e+00
3.088772193048262144e-02,1.260000000000000009e+00
3.090772693173293728e-02,1.000000000000000000e+00
3.092773193298324966e-02,1.020000000000000018e+00
3.094773693423356203e-02,7.000000000000000666e-01
3.096774193548387441e-02,7.000000000000000666e-01
3.098774693673418679e-02,3.200000000000000067e-01
3.100775193798449916e-02,3.400000000000000244e-01
3.102775693923481154e-02,0.000000000000000000e+00
3.104776194048512392e-02,2.000000000000000042e-02
3.106776694173543629e-02,-4.000781250000000067e-01
3.108777194298574867e-02,-3.800781249999999889e-01
3.110777694423606105e-02,-7.200781250000000133e-01
3.112778194548637342e-02,-7.000781249999999956e-01
3.114778694673668580e-02,-1.120078125000000036e+00
3.116779194798699817e-02,-1.100078125000000018e+00
3.118779694923731055e-02,-1.400078125000000062e+00
3.120780195048762293e-02,-1.360078125000000027e+00
3.122780695173793530e-02,-1.580078125000000000e+00
3.124781195298825115e-02,-1.580078125000000000e+00
3.126781695423856006e-02,-1.580078125000000000e+00
3.128782195548887590e-02,-1.680078125000000089e+00
3.130782695673918481e-02,-1.680078125000000089e+00
3.132783195798950066e-02,-1.820078124999999991e+00
3.134783695923980956e-02,-1.820078124999999991e+00
3.136784196049012541e-02,-1.840078125000000009e+00
3.138784696174043432e-02,-1.840078125000000009e+00
3.140785196299075016e-02,-1.800078124999999973e+00
3.142785696424106601e-02,-1.800078124999999973e+00
3.144786196549137491e-02,-1.680078125000000089e+00
3.146786696674169076e-02,-1.680078125000000089e+00
3.148787196799199967e-02,-1.520078124999999947e+00
3.150787696924231551e-02,-1.260078124999999938e+00
3.152788197049262442e-02,-1.300078124999999973e+00
3.154788697174294027e-02,-1.020078124999999947e+00
3.156789197299324917e-02,-1.040078124999999964e+00
3.158789697424356502e-02,-7.600781250000000488e-01
3.160790197549387393e-02,-7.600781250000000488e-01
3.162790697674418977e-02,-4.000781250000000067e-01
3.164791197799449868e-02,-4.000781250000000067e-01
3.166791697924481452e-02,0.000000000000000000e+00
3.168792198049512343e-02,0.000000000000000000e+00
3.170792698174543928e-02,3.400000000000000244e-01
3.172793198299574818e-02,3.200000000000000067e-01
3.174793698424606403e-02,6.600000000000000311e-01
3.176794198549637988e-02,6.400000000000000133e-01
3.178794698674668878e-02,9.000000000000000222e-01
3.180795198799700463e-02,8.800000000000000044e-01
3.182795698924731354e-02,1.179999999999999938e+00
3.184796199049762938e-02,1.179999999999999938e+00
3.186796699174793829e-02,1.439999999999999947e+00
3.188797199299825413e-02,1.419999999999999929e+00
3.190797699424856304e-02,1.419999999999999929e+00
3.192798199549887889e-02,1.560000000000000053e+00
3.194798699674918779e-02,1.560000000000000053e+00
3.196799199799950364e-02,1.600000000000000089e+00
3.198799699924981255e-02,1.600000000000000089e+00
3.200800200050012839e-02,1.620000000000000107e+00
3.202800700175043730e-02,1.620000000000000107e+00
3.204801200300075315e-02,1.540000000000000036e+00
3.206801700425106205e-02,1.540000000000000036e+00
3.208802200550137790e-02,1.380000000000000115e+00
3.210802700675169374e-02,1.380000000000000115e+00
3.212803200800200265e-02,1.260000000000000009e+00
3.214803700925231850e-02,1.020000000000000018e+00
3.216804201050262740e-02,1.020000000000000018e+00
3.218804701175294325e-02,7.000000000000000666e-01
3.220805201300325216e-02,7.199999999999999734e-01
3.222805701425356800e-02,4.000000000000000222e-01
3.224806201550387691e-02,4.000000000000000222e-01
3.226806701675419276e-02,-4.007812499999999917e-02
3.228807201800450166e-02,-2.007812499999999875e-02
3.230807701925481751e-02,-3.000781250000000289e-01
3.232808202050512641e-02,-3.000781250000000289e-01
3.234808702175544226e-02,-6.200781250000000355e-01
3.236809202300575117e-02,-6.200781250000000355e-01
3.238809702425606701e-02,-1.020078124999999947e+00
3.240810202550637592e-02,-1.000078124999999929e+00
3.242810702675669177e-02,-1.000078124999999929e+00
3.244811202800700761e-02,-1.180078125000000089e+00
3.246811702925731652e-02,-1.440078125000000098e+00
3.248812203050763237e-02,-1.440078125000000098e+00
3.250812703175794127e-02,-1.680078125000000089e+00
3.252813203300825712e-02,-1.620078125000000036e+00
3.254813703425856602e-02,-1.620078125000000036e+00
3.256814203550888187e-02,-1.720078125000000124e+00
3.258814703675919078e-02,-1.720078125000000124e+00
3.260815203800950662e-02,-1.760078124999999938e+00
3.262815703925981553e-02,-1.760078124999999938e+00
3.264816204051013138e-02,-1.760078124999999938e+00
3.266816704176044028e-02,-1.760078124999999938e+00
3.268817204301075613e-02,-1.640078125000000053e+00
3.270817704426106504e-02,-1.640078125000000053e+00
3.272818204551138088e-02,-1.520078124999999947e+00
3.274818704676168979e-02,-1.220078125000000124e+00
3.276819204801200563e-02,-1.240078124999999920e+00
3.278819704926232148e-02,-9.400781249999999867e-01
3.280820205051263039e-02,-9.600781250000000044e-01
3.282820705176294623e-02,-6.600781249999999600e-01
3.284821205301325514e-02,-6.800781249999999778e-01
3.286821705426357099e-02,-3.800781249999999889e-01
3.288822205551387989e-02,-4.000781250000000067e-01
3.290822705676419574e-02,-8.007812500000000000e-02
3.292823205801450465e-02,-8.007812500000000000e-02
3.294823705926482049e-02,2.399999999999999911e-01
3.296824206051512940e-02,2.200000000000000011e-01
3.298824706176544524e-02,5.400000000000000355e-01
3.300825206301575415e-02,5.400000000000000355e-01
3.302825706426607000e-02,8.800000000000000044e-01
3.304826206551637890e-02,8.800000000000000044e-01
3.306826706676669475e-02,1.100000000000000089e+00
3.308827206801700366e-02,1.100000000000000089e+00
3.310827706926731950e-02,1.100000000000000089e+00
3.312828207051763535e-02,1.260000000000000009e+00
3.314828707176794426e-02,1.260000000000000009e+00
3.316829207301826010e-02,1.419999999999999929e+00
3.318829707426856901e-02,1.419999999999999929e+00
3.320830207551888485e-02,1.479999999999999982e+00
3.322830707676919376e-02,1.479999999999999982e+00
3.324831207801950961e-02,1.479999999999999982e+00
3.326831707926981851e-02,1.479999999999999982e+00
3.328832208052013436e-02,1.419999999999999929e+00
3.330832708177044327e-02,1.419999999999999929e+00
3.332833208302075911e-02,1.300000000000000044e+00
3.334833708427106802e-02,1.300000000000000044e+00
3.336834208552138387e-02,1.140000000000000124e+00
3.338834708677169277e-02,1.140000000000000124e+00
3.340835208802200862e-02,9.599999999999999645e-01
3.342835708927231753e-02,6.800000000000000488e-01
3.344836209052263337e-02,7.000000000000000666e-01
3.346836709177294922e-02,3.400000000000000244e-01
3.348837209302325812e-02,3.400000000000000244e-01
3.350837709427357397e-02,1.000000000000000056e-01
3.352838209552388288e-02,1.000000000000000056e-01
3.354838709677419872e-02,-2.400781250000000033e-01
3.356839209802450763e-02,-2.400781250000000033e-01
3.358839709927482348e-02,-5.600781249999999822e-01
3.360840210052513238e-02,-5.600781249999999822e-01
3.362840710177544823e-02,-8.600781250000000266e-01
3.364841210302575714e-02,-8.600781250000000266e-01
3.366841710427607298e-02,-1.120078125000000036e+00
3.368842210552638189e-02,-1.100078125000000018e+00
3.370842710677669773e-02,-1.340078125000000009e+00
3.372843210802700664e-02,-1.320078124999999991e+00
3.374843710927732249e-02,-1.320078124999999991e+00
3.376844211052763139e-02,-1.500078124999999929e+00
3.378844711177794724e-02,-1.500078124999999929e+00
3.380845211302826309e-02,-1.580078125000000000e+00
3.382845711427857199e-02,-1.580078125000000000e+00
3.384846211552888784e-02,-1.620078125000000036e+00
3.386846711677919675e-02,-1.620078125000000036e+00
3.388847211802951259e-02,-1.580078125000000000e+00
3.390847711927982150e-02,-1.580078125000000000e+00
3.392848212053013734e-02,-1.500078124999999929e+00
3.394848712178044625e-02,-1.500078124999999929e+00
3.396849212303076210e-02,-1.400078125000000062e+00
3.398849712428107100e-02,-1.400078125000000062e+00
3.400850212553138685e-02,-1.220078125000000124e+00
3.402850712678169576e-02,-1.000078124999999929e+00
3.404851212803201160e-02,-1.020078124999999947e+00
3.406851712928232051e-02,-7.200781250000000133e-01
3.408852213053263636e-02,-7.600781250000000488e-01
3.410852713178294526e-02,-3.400781250000000089e-01
3.412853213303326111e-02,-3.600781250000000266e-01
3.414853713428357695e-02,-1.200781250000000078e-01
3.416854213553388586e-02,-1.200781250000000078e-01
3.418854713678420171e-02,1.400000000000000133e-01
3.420855213803451061e-02,1.400000000000000133e-01
3.422855713928482646e-02,4.600000000000000200e-01
3.424856214053513537e-02,4.600000000000000200e-01
3.426856714178545121e-02,7.199999999999999734e-01
3.428857214303576012e-02,7.000000000000000666e-01
3.430857714428607597e-02,9.799999999999999822e-01
3.432858214553638487e-02,9.599999999999999645e-01
3.434858714678670072e-02,1.199999999999999956e+00
3.436859214803700963e-02,1.179999999999999938e+00
3.438859714928732547e-02,1.179999999999999938e+00
3.440860215053763438e-02,1.300000000000000044e+00
3.442860715178795022e-02,1.300000000000000044e+00
3.444861215303825913e-02,1.360000000000000098e+00
3.446861715428857498e-02,1.360000000000000098e+00
3.448862215553889082e-02,1.340000000000000080e+00
3.450862715678919973e-02,1.340000000000000080e+00
3.452863215803951558e-02,1.280000000000000027e+00
3.454863715928982448e-02,1.280000000000000027e+00
3.456864216054014033e-02,1.219999999999999973e+00
3.458864716179044924e-02,1.219999999999999973e+00
3.460865216304076508e-02,1.060000000000000053e+00
3.462865716429107399e-02,8.200000000000000622e-01
3.464866216554138983e-02,8.599999999999999867e-01
3.466866716679169874e-02,5.799999999999999600e-01
3.468867216804201459e-02,5.799999999999999600e-01
3.470867716929232349e-02,2.800000000000000266e-01
3.472868217054263934e-02,2.999999999999999889e-01
3.474868717179294825e-02,2.999999999999999889e-01
3.476869217304326409e-02,1.199999999999999956e-01
3.478869717429357300e-02,-1.800781250000000056e-01
3.480870217554388885e-02,-1.600781250000000155e-01
3.482870717679420469e-02,-5.400781249999999645e-01
3.484871217804451360e-02,-5.200781250000000577e-01
3.486871717929482944e-02,-7.800781250000000666e-01
3.488872218054513835e-02,-7.800781250000000666e-01
3.490872718179545420e-02,-7.800781250000000666e-01
3.492873218304576310e-02,-9.600781250000000044e-01
3.494873718429607895e-02,-1.200078125000000107e+00
3.496874218554638786e-02,-1.200078125000000107e+00
3.498874718679670370e-02,-1.200078125000000107e+00
3.500875218804701261e-02,-1.320078124999999991e+00
3.502875718929732846e-02,-1.320078124999999991e+00
3.504876219054763736e-02,-1.400078125000000062e+00
3.506876719179795321e-02,-1.400078125000000062e+00
3.508877219304826212e-02,-1.460078125000000115e+00
3.510877719429857796e-02,-1.460078125000000115e+00
3.512878219554888687e-02,-1.440078125000000098e+00
3.514878719679920271e-02,-1.440078125000000098e+00
3.516879219804951856e-02,-1.360078125000000027e+00
3.518879719929982747e-02,-1.360078125000000027e+00
3.520880220055014331e-02,-1.240078124999999920e+00
3.522880720180045222e-02,-1.240078124999999920e+00
3.524881220305076807e-02,-1.080078125000000000e+00
3.526881720430107697e-02,-1.080078125000000000e+00
3.528882220555139282e-02,-8.800781250000000444e-01
3.530882720680170173e-02,-6.400781250000000533e-01
3.532883220805201757e-02,-6.600781249999999600e-01
3.534883720930232648e-02,-4.000781250000000067e-01
3.536884221055264232e-02,-4.200781250000000244e-01
3.538884721180295123e-02,-4.007812499999999917e-02
3.540885221305326708e-02,-6.007812500000000305e-02
3.542885721430357598e-02,2.000000000000000111e-01
3.544886221555389183e-02,1.799999999999999933e-01
3.546886721680420074e-02,1.799999999999999933e-01
3.548887221805451658e-02,3.599999999999999867e-01
3.550887721930483243e-02,5.999999999999999778e-01
3.552888222055514134e-02,5.799999999999999600e-01
3.554888722180545718e-02,8.200000000000000622e-01
3.556889222305576609e-02,8.200000000000000622e-01
3.558889722430608193e-02,8.200000000000000622e-01
3.560890222555639084e-02,1.020000000000000018e+00
3.562890722680670669e-02,1.020000000000000018e+00
3.564891222805701559e-02,1.100000000000000089e+00
3.566891722930733144e-02,1.100000000000000089e+00
3.568892223055764035e-02,1.179999999999999938e+00
3.570892723180795619e-02,1.179999999999999938e+00
3.572893223305826510e-02,1.179999999999999938e+00
3.574893723430858095e-02,1.179999999999999938e+00
3.576894223555888985e-02,1.179999999999999938e+00
3.578894723680920570e-02,1.179999999999999938e+00
3.580895223805951461e-02,1.060000000000000053e+00
3.582895723930983045e-02,1.060000000000000053e+00
3.584896224056013936e-02,9.000000000000000222e-01
3.586896724181045520e-02,9.000000000000000222e-01
3.588897224306077105e-02,7.399999999999999911e-01
3.590897724431107996e-02,7.399999999999999911e-01
3.592898224556139580e-02,6.199999999999999956e-01
3.594898724681170471e-02,3.400000000000000244e-01
3.596899224806202056e-02,3.599999999999999867e-01
3.598899724931232946e-02,1.000000000000000056e-01
3.600900225056264531e-02,1.000000000000000056e-01
3.602900725181295422e-02,-1.600781250000000155e-01
3.604901225306327006e-02,-1.400781249999999978e-01
3.606901725431357897e-02,-5.000781250000000400e-01
3.608902225556389481e-02,-5.000781250000000400e-01
3.610902725681420372e-02,-7.200781250000000133e-01
3.612903225806451957e-02,-7.200781250000000133e-01
3.614903725931482847e-02,-7.200781250000000133e-01
3.616904226056514432e-02,-8.800781250000000444e-01
3.618904726181545323e-02,-1.100078125000000018e+00
3.620905226306576907e-02,-1.060078124999999982e+00
3.622905726431608492e-02,-1.060078124999999982e+00
3.624906226556639383e-02,-1.180078125000000089e+00
3.626906726681670967e-02,-1.180078125000000089e+00
3.628907226806701858e-02,-1.280078124999999956e+00
3.630907726931733442e-02,-1.280078124999999956e+00
3.632908227056764333e-02,-1.340078125000000009e+00
3.634908727181795918e-02,-1.340078125000000009e+00
3.636909227306826808e-02,-1.320078124999999991e+00
3.638909727431858393e-02,-1.320078124999999991e+00
3.640910227556889284e-02,-1.260078124999999938e+00
3.642910727681920868e-02,-1.260078124999999938e+00
3.644911227806951759e-02,-1.200078125000000107e+00
3.646911727931983344e-02,-1.200078125000000107e+00
3.648912228057014234e-02,-1.060078124999999982e+00
3.650912728182045819e-02,-8.400781250000000089e-01
3.652913228307076710e-02,-8.600781250000000266e-01
3.654913728432108294e-02,-8.600781250000000266e-01
3.656914228557139879e-02,-7.000781249999999956e-01
3.658914728682170769e-02,-4.000781250000000067e-01
3.660915228807202354e-02,-4.200781250000000244e-01
3.662915728932233245e-02,-6.007812500000000305e-02
3.664916229057264829e-02,-8.007812500000000000e-02
3.666916729182295720e-02,1.400000000000000133e-01
3.668917229307327305e-02,1.199999999999999956e-01
3.670917729432358195e-02,3.800000000000000044e-01
3.672918229557389780e-02,3.599999999999999867e-01
3.674918729682420671e-02,3.599999999999999867e-01
3.676919229807452255e-02,5.400000000000000355e-01
3.678919729932483146e-02,8.200000000000000622e-01
3.680920230057514730e-02,8.000000000000000444e-01
3.682920730182545621e-02,8.000000000000000444e-01
3.684921230307577206e-02,9.000000000000000222e-01
3.686921730432608096e-02,9.000000000000000222e-01
3.688922230557639681e-02,1.060000000000000053e+00
3.690922730682671266e-02,1.060000000000000053e+00
3.692923230807702156e-02,1.100000000000000089e+00
3.694923730932733741e-02,1.100000000000000089e+00
3.696924231057764632e-02,1.140000000000000124e+00
3.698924731182796216e-02,1.140000000000000124e+00
3.700925231307827107e-02,1.120000000000000107e+00
3.702925731432858691e-02,1.120000000000000107e+00
3.704926231557889582e-02,1.040000000000000036e+00
3.706926731682921167e-02,1.040000000000000036e+00
3.708927231807952057e-02,9.200000000000000400e-01
3.710927731932983642e-02,9.200000000000000400e-01
3.712928232058014533e-02,7.399999999999999911e-01
3.714928732183046117e-02,5.200000000000000178e-01
3.716929232308077008e-02,5.400000000000000355e-01
3.718929732433108593e-02,5.400000000000000355e-01
3.720930232558139483e-02,3.800000000000000044e-01
3.722930732683171068e-02,1.000000000000000056e-01
3.724931232808202652e-02,1.199999999999999956e-01
3.726931732933233543e-02,-1.400781249999999978e-01
3.728932233058265128e-02,-1.000781250000000039e-01
3.730932733183296018e-02,-4.600781250000000044e-01
3.732933233308327603e-02,-4.400781249999999867e-01
3.734933733433358494e-02,-7.200781250000000133e-01
3.736934233558390078e-02,-7.000781249999999956e-01
3.738934733683420969e-02,-7.000781249999999956e-01
3.740935233808452554e-02,-8.600781250000000266e-01
3.742935733933483444e-02,-8.600781250000000266e-01
3.744936234058515029e-02,-1.000078124999999929e+00
3.746936734183545920e-02,-1.000078124999999929e+00
3.748937234308577504e-02,-1.180078125000000089e+00
3.750937734433608395e-02,-1.180078125000000089e+00
3.752938234558639979e-02,-1.280078124999999956e+00
3.754938734683670870e-02,-1.280078124999999956e+00
3.756939234808702455e-02,-1.320078124999999991e+00
3.758939734933734039e-02,-1.320078124999999991e+00
3.760940235058764930e-02,-1.300078124999999973e+00
3.762940735183796515e-02,-1.300078124999999973e+00
3.764941235308827405e-02,-1.260078124999999938e+00
3.766941735433858990e-02,-1.260078124999999938e+00
3.768942235558889881e-02,-1.220078125000000124e+00
3.770942735683921465e-02,-1.220078125000000124e+00
3.772943235808952356e-02,-1.040078124999999964e+00
3.774943735933983940e-02,-1.040078124999999964e+00
3.776944236059014831e-02,-8.800781250000000444e-01
3.778944736184046416e-02,-6.000781250000000178e-01
3.780945236309077306e-02,-6.000781250000000178e-01
3.782945736434108891e-02,-6.000781250000000178e-01
3.784946236559139782e-02,-4.400781249999999867e-01
3.786946736684171366e-02,-1.600781250000000155e-01
3.788947236809202257e-02,-1.800781250000000056e-01
3.790947736934233842e-02,1.000000000000000056e-01
3.792948237059265426e-02,8.000000000000000167e-02
3.794948737184296317e-02,3.800000000000000044e-01
3.796949237309327901e-02,3.800000000000000044e-01
3.798949737434358792e-02,6.199999999999999956e-01
3.800950237559390377e-02,6.199999999999999956e-01
3.802950737684421267e-02,6.199999999999999956e-01
3.804951237809452852e-02,7.800000000000000266e-01
3.806951737934483743e-02,7.800000000000000266e-01
3.808952238059515327e-02,9.000000000000000222e-01
3.810952738184546218e-02,9.000000000000000222e-01
3.812953238309577803e-02,1.080000000000000071e+00
3.814953738434608693e-02,1.080000000000000071e+00
3.816954238559640278e-02,1.140000000000000124e+00
3.818954738684671169e-02,1.140000000000000124e+00
3.820955238809702753e-02,1.140000000000000124e+00
3.822955738934733644e-02,1.140000000000000124e+00
3.824956239059765228e-02,1.140000000000000124e+00
3.826956739184796813e-02,1.140000000000000124e+00
3.828957239309827704e-02,1.060000000000000053e+00
3.830957739434859288e-02,1.060000000000000053e+00
3.832958239559890179e-02,9.599999999999999645e-01
3.834958739684921764e-02,9.599999999999999645e-01
3.836959239809952654e-02,8.200000000000000622e-01
3.838959739934984239e-02,5.999999999999999778e-01
3.840960240060015130e-02,6.600000000000000311e-01
3.842960740185046714e-02,2.999999999999999889e-01
3.844961240310077605e-02,2.999999999999999889e-01
3.846961740435109189e-02,5.999999999999999778e-02
3.848962240560140080e-02,1.000000000000000056e-01
3.850962740685171665e-02,-2.000781249999999956e-01
3.852963240810202555e-02,-1.800781250000000056e-01
3.854963740935234140e-02,-4.000781250000000067e-01
3.856964241060265031e-02,-3.800781249999999889e-01
3.858964741185296615e-02,-7.200781250000000133e-01
3.860965241310328200e-02,-7.200781250000000133e-01
3.862965741435359091e-02,-7.200781250000000133e-01
3.864966241560390675e-02,-9.000781250000000622e-01
3.866966741685421566e-02,-1.120078125000000036e+00
3.868967241810453150e-02,-1.120078125000000036e+00
3.870967741935484041e-02,-1.120078125000000036e+00
3.872968242060515626e-02,-1.240078124999999920e+00
3.874968742185546516e-02,-1.240078124999999920e+00
3.876969242310578101e-02,-1.360078125000000027e+00
3.878969742435608992e-02,-1.360078125000000027e+00
3.880970242560640576e-02,-1.400078125000000062e+00
3.882970742685671467e-02,-1.400078125000000062e+00
3.884971242810703052e-02,-1.400078125000000062e+00
3.886971742935733942e-02,-1.400078125000000062e+00
3.888972243060765527e-02,-1.360078125000000027e+00
3.890972743185796417e-02,-1.360078125000000027e+00
3.892973243310828002e-02,-1.280078124999999956e+00
3.894973743435859587e-02,-1.280078124999999956e+00
3.896974243560890477e-02,-1.100078125000000018e+00
3.898974743685922062e-02,-1.100078125000000018e+00
3.900975243810952953e-02,-9.200781249999999689e-01
3.902975743935984537e-02,-6.600781249999999600e-01
3.904976244061015428e-02,-6.800781249999999778e-01
3.906976744186047013e-02,-4.400781249999999867e-01
3.908977244311077903e-02,-4.600781250000000044e-01
3.910977744436109488e-02,-1.800781250000000056e-01
3.912978244561140378e-02,-1.800781250000000056e-01
3.914978744686171963e-02,1.400000000000000133e-01
3.916979244811202854e-02,1.199999999999999956e-01
3.918979744936234438e-02,3.800000000000000044e-01
3.920980245061265329e-02,3.800000000000000044e-01
3.922980745186296914e-02,6.800000000000000488e-01
3.924981245311327804e-02,6.400000000000000133e-01
3.926981745436359389e-02,6.400000000000000133e-01
3.928982245561390974e-02,7.800000000000000266e-01
3.930982745686421864e-02,1.020000000000000018e+00
3.932983245811453449e-02,1.020000000000000018e+00
3.934983745936484340e-02,1.020000000000000018e+00
3.936984246061515924e-02,1.179999999999999938e+00
3.938984746186546815e-02,1.179999999999999938e+00
3.940985246311578399e-02,1.260000000000000009e+00
3.942985746436609290e-02,1.260000000000000009e+00
3.944986246561640875e-02,1.320000000000000062e+00
3.946986746686671765e-02,1.320000000000000062e+00
3.948987246811703350e-02,1.260000000000000009e+00
3.950987746936734241e-02,1.260000000000000009e+00
3.952988247061765825e-02,1.199999999999999956e+00
3.954988747186796716e-02,1.199999999999999956e+00
3.956989247311828301e-02,1.060000000000000053e+00
3.958989747436859191e-02,1.060000000000000053e+00
3.960990247561890776e-02,9.200000000000000400e-01
3.962990747686922360e-02,7.000000000000000666e-01
3.964991247811953251e-02,7.399999999999999911e-01
3.966991747936984836e-02,5.000000000000000000e-01
3.968992248062015726e-02,5.000000000000000000e-01
3.970992748187047311e-02,2.000000000000000111e-01
3.972993248312078202e-02,2.200000000000000011e-01
3.974993748437109786e-02,-1.600781250000000155e-01
3.976994248562140677e-02,-1.400781249999999978e-01
3.978994748687172262e-02,-4.600781250000000044e-01
3.980995248812203152e-02,-4.600781250000000044e-01
3.982995748937234737e-02,-4.600781250000000044e-01
3.984996249062265627e-02,-6.200781250000000355e-01
3.986996749187297212e-02,-9.800781250000000222e-01
3.988997249312328103e-02,-9.600781250000000044e-01
3.990997749437359687e-02,-9.600781250000000044e-01
3.992998249562390578e-02,-1.160078125000000071e+00
3.994998749687422163e-02,-1.400078125000000062e+00
3.996999249812453747e-02,-1.360078125000000027e+00
3.998999749937484638e-02,-1.360078125000000027e+00
4.001000250062516223e-02,-1.460078125000000115e+00
4.003000750187547113e-02,-1.460078125000000115e+00
4.005001250312578698e-02,-1.540078124999999964e+00
4.007001750437609588e-02,-1.540078124999999964e+00
4.009002250562641173e-02,-1.540078124999999964e+00
4.011002750687672064e-02,-1.540078124999999964e+00
4.013003250812703648e-02,-1.520078124999999947e+00
4.015003750937734539e-02,-1.520078124999999947e+00
4.017004251062766124e-02,-1.400078125000000062e+00
4.019004751187797014e-02,-1.400078125000000062e+00
4.021005251312828599e-02,-1.260078124999999938e+00
4.023005751437859490e-02,-1.040078124999999964e+00
4.025006251562891074e-02,-1.060078124999999982e+00
4.027006751687921965e-02,-7.800781250000000666e-01
4.029007251812953549e-02,-8.000781249999999734e-01
4.031007751937985134e-02,-5.400781249999999645e-01
4.033008252063016025e-02,-5.400781249999999645e-01
4.035008752188047609e-02,-2.400781250000000033e-01
4.037009252313078500e-02,-2.800781250000000111e-01
4.039009752438110085e-02,8.000000000000000167e-02
4.041010252563140975e-02,5.999999999999999778e-02
4.043010752688172560e-02,3.800000000000000044e-01
4.045011252813203451e-02,3.800000000000000044e-01
4.047011752938235035e-02,6.199999999999999956e-01
4.049012253063265926e-02,5.999999999999999778e-01
4.051012753188297510e-02,9.000000000000000222e-01
4.053013253313328401e-02,9.000000000000000222e-01
4.055013753438359986e-02,1.120000000000000107e+00
4.057014253563390876e-02,1.100000000000000089e+00
4.059014753688422461e-02,1.340000000000000080e+00
4.061015253813453352e-02,1.320000000000000062e+00
4.063015753938484936e-02,1.320000000000000062e+00
4.065016254063516521e-02,1.419999999999999929e+00
4.067016754188547412e-02,1.419999999999999929e+00
4.069017254313578996e-02,1.479999999999999982e+00
4.071017754438609887e-02,1.479999999999999982e+00
4.073018254563641471e-02,1.439999999999999947e+00
4.075018754688672362e-02,1.439999999999999947e+00
4.077019254813703947e-02,1.380000000000000115e+00
4.079019754938734837e-02,1.380000000000000115e+00
4.081020255063766422e-02,1.260000000000000009e+00
4.083020755188797313e-02,1.040000000000000036e+00
4.085021255313828897e-02,1.040000000000000036e+00
4.087021755438859788e-02,7.800000000000000266e-01
4.089022255563891373e-02,7.800000000000000266e-01
4.091022755688922263e-02,7.800000000000000266e-01
4.093023255813953848e-02,5.799999999999999600e-01
4.095023755938984739e-02,2.200000000000000011e-01
4.097024256064016323e-02,2.399999999999999911e-01
4.099024756189047908e-02,-1.400781249999999978e-01
4.101025256314078798e-02,-1.200781250000000078e-01
4.103025756439110383e-02,-4.800781250000000222e-01
4.105026256564141274e-02,-4.600781250000000044e-01
4.107026756689172858e-02,-7.000781249999999956e-01
4.109027256814203749e-02,-6.600781249999999600e-01
4.111027756939235334e-02,-1.060078124999999982e+00
4.113028257064266224e-02,-1.060078124999999982e+00
4.115028757189297809e-02,-1.320078124999999991e+00
4.117029257314328700e-02,-1.280078124999999956e+00
4.119029757439360284e-02,-1.520078124999999947e+00
4.121030257564391175e-02,-1.520078124999999947e+00
4.123030757689422759e-02,-1.520078124999999947e+00
4.125031257814453650e-02,-1.580078125000000000e+00
4.127031757939485235e-02,-1.580078125000000000e+00
4.129032258064516125e-02,-1.720078125000000124e+00
4.131032758189547710e-02,-1.720078125000000124e+00
4.133033258314579295e-02,-1.720078125000000124e+00
4.135033758439610185e-02,-1.720078125000000124e+00
4.137034258564641770e-02,-1.660078125000000071e+00
4.139034758689672661e-02,-1.660078125000000071e+00
4.141035258814704245e-02,-1.540078124999999964e+00
4.143035758939735136e-02,-1.540078124999999964e+00
4.145036259064766720e-02,-1.360078125000000027e+00
4.147036759189797611e-02,-1.360078125000000027e+00
4.149037259314829196e-02,-1.180078125000000089e+00
4.151037759439860086e-02,-9.000781250000000622e-01
4.153038259564891671e-02,-9.400781249999999867e-01
4.155038759689922562e-02,-5.400781249999999645e-01
4.157039259814954146e-02,-5.600781249999999822e-01
4.159039759939985037e-02,-3.200781249999999911e-01
4.161040260065016622e-02,-3.400781250000000089e-01
4.163040760190047512e-02,1.199999999999999956e-01
4.165041260315079097e-02,1.199999999999999956e-01
4.167041760440110681e-02,3.800000000000000044e-01
4.169042260565141572e-02,3.599999999999999867e-01
4.171042760690173157e-02,7.199999999999999734e-01
4.173043260815204047e-02,7.000000000000000666e-01
4.175043760940235632e-02,1.040000000000000036e+00
4.177044261065266523e-02,1.020000000000000018e+00
4.179044761190298107e-02,1.020000000000000018e+00
4.181045261315328998e-02,1.199999999999999956e+00
4.183045761440360583e-02,1.459999999999999964e+00
4.185046261565391473e-02,1.419999999999999929e+00
4.187046761690423058e-02,1.419999999999999929e+00
4.189047261815453949e-02,1.560000000000000053e+00
4.191047761940485533e-02,1.560000000000000053e+00
4.193048262065516424e-02,1.580000000000000071e+00
4.195048762190548008e-02,1.580000000000000071e+00
4.197049262315578899e-02,1.560000000000000053e+00
4.199049762440610484e-02,1.560000000000000053e+00
4.201050262565642068e-02,1.500000000000000000e+00
4.203050762690672959e-02,1.500000000000000000e+00
4.205051262815704544e-02,1.400000000000000133e+00
4.207051762940735434e-02,1.179999999999999938e+00
4.209052263065767019e-02,1.179999999999999938e+00
4.211052763190797910e-02,9.000000000000000222e-01
4.213053263315829494e-02,9.000000000000000222e-01
4.215053763440860385e-02,5.400000000000000355e-01
4.217054263565891969e-02,5.400000000000000355e-01
4.219054763690922860e-02,2.800000000000000266e-01
4.221055263815954445e-02,3.200000000000000067e-01
4.223055763940985335e-02,-2.007812499999999875e-02
4.225056264066016920e-02,-7.812500000000000163e-05
4.227056764191047811e-02,-5.000781250000000400e-01
4.229057264316079395e-02,-4.800781250000000222e-01
4.231057764441110286e-02,-7.800781250000000666e-01
4.233058264566141871e-02,-7.600781250000000488e-01
4.235058764691173455e-02,-1.040078124999999964e+00
4.237059264816204346e-02,-1.040078124999999964e+00
4.239059764941235930e-02,-1.360078125000000027e+00
4.241060265066266821e-02,-1.360078125000000027e+00
4.243060765191298406e-02,-1.580078125000000000e+00
4.245061265316329296e-02,-1.560078124999999982e+00
4.247061765441360881e-02,-1.560078124999999982e+00
4.249062265566391772e-02,-1.700078125000000107e+00
4.251062765691423356e-02,-1.700078125000000107e+00
4.253063265816454247e-02,-1.800078124999999973e+00
4.255063765941485832e-02,-1.800078124999999973e+00
4.257064266066516722e-02,-1.820078124999999991e+00
4.259064766191548307e-02,-1.820078124999999991e+00
4.261065266316579198e-02,-1.800078124999999973e+00
4.263065766441610782e-02,-1.800078124999999973e+00
4.265066266566641673e-02,-1.680078125000000089e+00
4.267066766691673257e-02,-1.680078125000000089e+00
4.269067266816704842e-02,-1.560078124999999982e+00
4.271067766941735733e-02,-1.260078124999999938e+00
4.273068267066767317e-02,-1.280078124999999956e+00
4.275068767191798208e-02,-9.400781249999999867e-01
4.277069267316829793e-02,-9.600781250000000044e-01
4.279069767441860683e-02,-6.600781249999999600e-01
4.281070267566892268e-02,-6.800781249999999778e-01
4.283070767691923159e-02,-3.800781249999999889e-01
4.285071267816954743e-02,-4.000781250000000067e-01
4.287071767941985634e-02,0.000000000000000000e+00
4.289072268067017218e-02,-7.812500000000000163e-05
4.291072768192048109e-02,3.400000000000000244e-01
4.293073268317079694e-02,3.200000000000000067e-01
4.295073768442110584e-02,7.199999999999999734e-01
4.297074268567142169e-02,7.000000000000000666e-01
4.299074768692173060e-02,1.020000000000000018e+00
4.301075268817204644e-02,1.020000000000000018e+00
4.303075768942236229e-02,1.360000000000000098e+00
4.305076269067267120e-02,1.300000000000000044e+00
4.307076769192298704e-02,1.300000000000000044e+00
4.309077269317329595e-02,1.459999999999999964e+00
4.311077769442361179e-02,1.459999999999999964e+00
4.313078269567392070e-02,1.560000000000000053e+00
4.315078769692423655e-02,1.560000000000000053e+00
4.317079269817454545e-02,1.620000000000000107e+00
4.319079769942486130e-02,1.620000000000000107e+00
4.321080270067517021e-02,1.640000000000000124e+00
4.323080770192548605e-02,1.640000000000000124e+00
4.325081270317579496e-02,1.580000000000000071e+00
4.327081770442611081e-02,1.580000000000000071e+00
4.329082270567641971e-02,1.459999999999999964e+00
4.331082770692673556e-02,1.199999999999999956e+00
4.333083270817704447e-02,1.219999999999999973e+00
4.335083770942736031e-02,9.799999999999999822e-01
4.337084271067767616e-02,1.020000000000000018e+00
4.339084771192798506e-02,6.199999999999999956e-01
4.341085271317830091e-02,6.400000000000000133e-01
4.343085771442860982e-02,2.999999999999999889e-01
4.345086271567892566e-02,3.200000000000000067e-01
4.347086771692923457e-02,-1.200781250000000078e-01
4.349087271817955042e-02,-1.200781250000000078e-01
4.351087771942985932e-02,-4.800781250000000222e-01
4.353088272068017517e-02,-4.600781250000000044e-01
4.355088772193048408e-02,-7.200781250000000133e-01
4.357089272318079992e-02,-7.200781250000000133e-01
4.359089772443110883e-02,-1.040078124999999964e+00
4.361090272568142467e-02,-1.020078124999999947e+00
4.363090772693173358e-02,-1.380078125000000044e+00
4.365091272818204943e-02,-1.360078125000000027e+00
4.367091772943235833e-02,-1.580078125000000000e+00
4.369092273068267418e-02,-1.560078124999999982e+00
4.371092773193299003e-02,-1.560078124999999982e+00
4.373093273318329893e-02,-1.700078125000000107e+00
4.375093773443361478e-02,-1.700078125000000107e+00
4.377094273568392369e-02,-1.800078124999999973e+00
4.379094773693423953e-02,-1.800078124999999973e+00
4.381095273818454844e-02,-1.840078125000000009e+00
4.383095773943486428e-02,-1.840078125000000009e+00
4.385096274068517319e-02,-1.780078124999999956e+00
4.387096774193548904e-02,-1.780078124999999956e+00
4.389097274318579794e-02,-1.680078125000000089e+00
4.391097774443611379e-02,-1.680078125000000089e+00
4.393098274568642270e-02,-1.500078124999999929e+00
4.395098774693673854e-02,-1.220078125000000124e+00
4.397099274818704745e-02,-1.240078124999999920e+00
4.399099774943736330e-02,-9.400781249999999867e-01
4.401100275068767220e-02,-9.600781250000000044e-01
4.403100775193798805e-02,-6.400781250000000533e-01
4.405101275318830389e-02,-6.400781250000000533e-01
4.407101775443861280e-02,-3.600781250000000266e-01
4.409102275568892865e-02,-4.000781250000000067e-01
4.411102775693923755e-02,0.000000000000000000e+00
4.413103275818955340e-02,0.000000000000000000e+00
4.415103775943986231e-02,3.800000000000000044e-01
4.417104276069017815e-02,3.800000000000000044e-01
4.419104776194048706e-02,7.199999999999999734e-01
4.421105276319080291e-02,7.000000000000000666e-01
4.423105776444111181e-02,1.000000000000000000e+00
4.425106276569142766e-02,9.799999999999999822e-01
4.427106776694173657e-02,1.199999999999999956e+00
4.429107276819205241e-02,1.179999999999999938e+00
4.431107776944236132e-02,1.419999999999999929e+00
4.433108277069267716e-02,1.419999999999999929e+00
4.435108777194298607e-02,1.419999999999999929e+00
4.437109277319330192e-02,1.560000000000000053e+00
4.439109777444361776e-02,1.560000000000000053e+00
4.441110277569392667e-02,1.620000000000000107e+00
4.443110777694424252e-02,1.620000000000000107e+00
4.445111277819455142e-02,1.600000000000000089e+00
4.447111777944486727e-02,1.600000000000000089e+00
4.449112278069517618e-02,1.540000000000000036e+00
4.451112778194549202e-02,1.540000000000000036e+00
4.453113278319580093e-02,1.419999999999999929e+00
4.455113778444611677e-02,1.140000000000000124e+00
4.457114278569642568e-02,1.140000000000000124e+00
4.459114778694674153e-02,8.800000000000000044e-01
4.461115278819705043e-02,9.000000000000000222e-01
4.463115778944736628e-02,5.999999999999999778e-01
4.465116279069767519e-02,6.199999999999999956e-01
4.467116779194799103e-02,3.800000000000000044e-01
4.469117279319829994e-02,4.000000000000000222e-01
4.471117779444861579e-02,-7.812500000000000163e-05
4.473118279569893163e-02,0.000000000000000000e+00
4.475118779694924054e-02,-3.800781249999999889e-01
4.477119279819955638e-02,-3.800781249999999889e-01
4.479119779944986529e-02,-6.400781250000000533e-01
4.481120280070018114e-02,-6.400781250000000533e-01
4.483120780195049004e-02,-1.040078124999999964e+00
4.485121280320080589e-02,-1.040078124999999964e+00
4.487121780445111480e-02,-1.320078124999999991e+00
4.489122280570143064e-02,-1.300078124999999973e+00
4.491122780695173955e-02,-1.300078124999999973e+00
4.493123280820205540e-02,-1.460078125000000115e+00
4.495123780945236430e-02,-1.460078125000000115e+00
4.497124281070268015e-02,-1.640078125000000053e+00
4.499124781195298906e-02,-1.640078125000000053e+00
4.501125281320330490e-02,-1.680078125000000089e+00
4.503125781445361381e-02,-1.680078125000000089e+00
4.505126281570392965e-02,-1.760078124999999938e+00
4.507126781695424550e-02,-1.760078124999999938e+00
4.509127281820455441e-02,-1.720078125000000124e+00
4.511127781945487025e-02,-1.720078125000000124e+00
4.513128282070517916e-02,-1.640078125000000053e+00
4.515128782195549501e-02,-1.640078125000000053e+00
4.517129282320580391e-02,-1.480078125000000133e+00
4.519129782445611976e-02,-1.240078124999999920e+00
4.521130282570642867e-02,-1.280078124999999956e+00
4.523130782695674451e-02,-9.800781250000000222e-01
4.525131282820705342e-02,-1.020078124999999947e+00
4.527131782945736926e-02,-6.200781250000000355e-01
4.529132283070767817e-02,-6.400781250000000533e-01
4.531132783195799402e-02,-3.600781250000000266e-01
4.533133283320830292e-02,-3.600781250000000266e-01
4.535133783445861877e-02,2.000000000000000042e-02
4.537134283570892768e-02,2.000000000000000042e-02
4.539134783695924352e-02,3.800000000000000044e-01
4.541135283820955937e-02,3.800000000000000044e-01
4.543135783945986828e-02,6.800000000000000488e-01
4.545136284071018412e-02,6.800000000000000488e-01
4.547136784196049303e-02,6.800000000000000488e-01
4.549137284321080887e-02,8.200000000000000622e-01
4.551137784446111778e-02,1.179999999999999938e+00
4.553138284571143363e-02,1.159999999999999920e+00
4.555138784696174253e-02,1.159999999999999920e+00
4.557139284821205838e-02,1.260000000000000009e+00
4.559139784946236729e-02,1.260000000000000009e+00
4.561140285071268313e-02,1.419999999999999929e+00
4.563140785196299204e-02,1.419999999999999929e+00
4.565141285321330789e-02,1.459999999999999964e+00
4.567141785446361679e-02,1.459999999999999964e+00
4.569142285571393264e-02,1.459999999999999964e+00
4.571142785696424155e-02,1.459999999999999964e+00
4.573143285821455739e-02,1.419999999999999929e+00
4.575143785946487324e-02,1.419999999999999929e+00
4.577144286071518214e-02,1.340000000000000080e+00
4.579144786196549799e-02,1.120000000000000107e+00
4.581145286321580690e-02,1.140000000000000124e+00
4.583145786446612274e-02,9.200000000000000400e-01
4.585146286571643165e-02,9.400000000000000577e-01
4.587146786696674750e-02,5.999999999999999778e-01
4.589147286821705640e-02,5.999999999999999778e-01
4.591147786946737225e-02,3.200000000000000067e-01
4.593148287071768116e-02,3.400000000000000244e-01
4.595148787196799700e-02,-7.812500000000000163e-05
4.597149287321830591e-02,-7.812500000000000163e-05
4.599149787446862175e-02,-3.000781250000000289e-01
4.601150287571893066e-02,-2.800781250000000111e-01
4.603150787696924651e-02,-6.200781250000000355e-01
4.605151287821955541e-02,-6.200781250000000355e-01
4.607151787946987126e-02,-9.600781250000000044e-01
4.609152288072018711e-02,-9.600781250000000044e-01
4.611152788197049601e-02,-9.600781250000000044e-01
4.613153288322081186e-02,-1.140078125000000053e+00
4.615153788447112077e-02,-1.140078125000000053e+00
4.617154288572143661e-02,-1.300078124999999973e+00
4.619154788697174552e-02,-1.300078124999999973e+00
4.621155288822206136e-02,-1.460078125000000115e+00
4.623155788947237027e-02,-1.460078125000000115e+00
4.625156289072268612e-02,-1.540078124999999964e+00
4.627156789197299502e-02,-1.540078124999999964e+00
4.629157289322331087e-02,-1.600078125000000018e+00
4.631157789447361978e-02,-1.600078125000000018e+00
4.633158289572393562e-02,-1.540078124999999964e+00
4.635158789697424453e-02,-1.540078124999999964e+00
4.637159289822456038e-02,-1.500078124999999929e+00
4.639159789947486928e-02,-1.500078124999999929e+00
4.641160290072518513e-02,-1.360078125000000027e+00
4.643160790197549403e-02,-1.360078125000000027e+00
4.645161290322580988e-02,-1.180078125000000089e+00
4.647161790447612573e-02,-1.180078125000000089e+00
4.649162290572643463e-02,-9.800781250000000222e-01
4.651162790697675048e-02,-6.800781249999999778e-01
4.653163290822705939e-02,-7.200781250000000133e-01
4.655163790947737523e-02,-2.800781250000000111e-01
4.657164291072768414e-02,-2.800781250000000111e-01
4.659164791197799999e-02,0.000000000000000000e+00
4.661165291322830889e-02,0.000000000000000000e+00
4.663165791447862474e-02,2.399999999999999911e-01
4.665166291572893364e-02,2.399999999999999911e-01
4.667166791697924949e-02,4.600000000000000200e-01
4.669167291822955840e-02,4.600000000000000200e-01
4.671167791947987424e-02,7.600000000000000089e-01
4.673168292073018315e-02,7.199999999999999734e-01
4.675168792198049900e-02,1.020000000000000018e+00
4.677169292323080790e-02,1.000000000000000000e+00
4.679169792448112375e-02,1.000000000000000000e+00
4.681170292573143960e-02,1.120000000000000107e+00
4.683170792698174850e-02,1.120000000000000107e+00
4.685171292823206435e-02,1.260000000000000009e+00
4.687171792948237325e-02,1.260000000000000009e+00
4.689172293073268910e-02,1.340000000000000080e+00
4.691172793198299801e-02,1.340000000000000080e+00
4.693173293323331385e-02,1.340000000000000080e+00
4.695173793448362276e-02,1.340000000000000080e+00
4.697174293573393861e-02,1.300000000000000044e+00
4.699174793698424751e-02,1.300000000000000044e+00
4.701175293823456336e-02,1.159999999999999920e+00
4.703175793948487227e-02,1.159999999999999920e+00
4.705176294073518811e-02,1.000000000000000000e+00
4.707176794198549702e-02,1.000000000000000000e+00
4.709177294323581286e-02,8.399999999999999689e-01
4.711177794448612177e-02,5.200000000000000178e-01
4.713178294573643762e-02,5.400000000000000355e-01
4.715178794698675346e-02,2.200000000000000011e-01
4.717179294823706237e-02,2.399999999999999911e-01
4.719179794948737822e-02,-4.007812499999999917e-02
4.721180295073768712e-02,-2.007812499999999875e-02
4.723180795198800297e-02,-3.000781250000000289e-01
4.725181295323831188e-02,-2.800781250000000111e-01
4.727181795448862772e-02,-6.000781250000000178e-01
4.729182295573893663e-02,-6.000781250000000178e-01
4.731182795698925247e-02,-6.000781250000000178e-01
4.733183295823956138e-02,-7.800781250000000666e-01
4.735183795948987723e-02,-1.020078124999999947e+00
4.737184296074018613e-02,-9.800781250000000222e-01
4.739184796199050198e-02,-1.200078125000000107e+00
4.741185296324081089e-02,-1.200078125000000107e+00
4.743185796449112673e-02,-1.200078125000000107e+00
4.745186296574143564e-02,-1.320078124999999991e+00
4.747186796699175149e-02,-1.320078124999999991e+00
4.749187296824206733e-02,-1.400078125000000062e+00
4.751187796949237624e-02,-1.400078125000000062e+00
4.753188297074269208e-02,-1.420078125000000080e+00
4.755188797199300099e-02,-1.420078125000000080e+00
4.757189297324331684e-02,-1.420078125000000080e+00
4.759189797449362574e-02,-1.420078125000000080e+00
4.761190297574394159e-02,-1.360078125000000027e+00
4.763190797699425050e-02,-1.360078125000000027e+00
4.765191297824456634e-02,-1.280078124999999956e+00
4.767191797949487525e-02,-1.280078124999999956e+00
4.769192298074519110e-02,-1.080078125000000000e+00
4.771192798199550000e-02,-8.200781249999999911e-01
4.773193298324581585e-02,-8.400781250000000089e-01
4.775193798449612476e-02,-6.000781250000000178e-01
4.777194298574644060e-02,-6.400781250000000533e-01
4.779194798699674951e-02,-4.000781250000000067e-01
4.781195298824706535e-02,-4.200781250000000244e-01
4.783195798949738120e-02,-8.007812500000000000e-02
4.785196299074769011e-02,-1.000781250000000039e-01
4.787196799199800595e-02,2.000000000000000111e-01
4.789197299324831486e-02,1.799999999999999933e-01
4.791197799449863071e-02,4.199999999999999845e-01
4.793198299574893961e-02,4.000000000000000222e-01
4.795198799699925546e-02,6.600000000000000311e-01
4.797199299824956437e-02,6.199999999999999956e-01
4.799199799949988021e-02,9.200000000000000400e-01
4.801200300075018912e-02,9.000000000000000222e-01
4.803200800200050496e-02,9.000000000000000222e-01
4.805201300325081387e-02,1.020000000000000018e+00
4.807201800450112972e-02,1.020000000000000018e+00
4.809202300575143862e-02,1.120000000000000107e+00
4.811202800700175447e-02,1.120000000000000107e+00
4.813203300825206338e-02,1.179999999999999938e+00
4.815203800950237922e-02,1.179999999999999938e+00
4.817204301075269507e-02,1.199999999999999956e+00
4.819204801200300398e-02,1.199999999999999956e+00
4.821205301325331982e-02,1.159999999999999920e+00
4.823205801450362873e-02,1.159999999999999920e+00
4.825206301575394457e-02,1.040000000000000036e+00
4.827206801700425348e-02,1.040000000000000036e+00
4.829207301825456933e-02,9.599999999999999645e-01
4.831207801950487823e-02,7.399999999999999911e-01
4.833208302075519408e-02,7.600000000000000089e-01
4.835208802200550299e-02,4.799999999999999822e-01
4.837209302325581883e-02,4.799999999999999822e-01
4.839209802450612774e-02,4.799999999999999822e-01
4.841210302575644359e-02,3.400000000000000244e-01
4.843210802700675249e-02,0.000000000000000000e+00
4.845211302825706834e-02,2.000000000000000042e-02
4.847211802950737725e-02,-2.000781249999999956e-01
4.849212303075769309e-02,-2.000781249999999956e-01
4.851212803200800894e-02,-4.800781250000000222e-01
4.853213303325831784e-02,-4.400781249999999867e-01
4.855213803450863369e-02,-7.000781249999999956e-01
4.857214303575894260e-02,-7.000781249999999956e-01
4.859214803700925844e-02,-7.000781249999999956e-01
4.861215303825956735e-02,-8.800781250000000444e-01
4.863215803950988320e-02,-1.100078125000000018e+00
4.865216304076019210e-02,-1.080078125000000000e+00
4.867216804201050795e-02,-1.080078125000000000e+00
4.869217304326081686e-02,-1.240078124999999920e+00
4.871217804451113270e-02,-1.240078124999999920e+00
4.873218304576144161e-02,-1.280078124999999956e+00
4.875218804701175745e-02,-1.280078124999999956e+00
4.877219304826206636e-02,-1.320078124999999991e+00
4.879219804951238221e-02,-1.320078124999999991e+00
4.881220305076269111e-02,-1.320078124999999991e+00
4.883220805201300696e-02,-1.320078124999999991e+00
4.885221305326332281e-02,-1.240078124999999920e+00
4.887221805451363171e-02,-1.240078124999999920e+00
4.889222305576394756e-02,-1.160078125000000071e+00
4.891222805701425647e-02,-1.160078125000000071e+00
4.893223305826457231e-02,-9.800781250000000222e-01
4.895223805951488122e-02,-9.800781250000000222e-01
4.897224306076519706e-02,-8.200781249999999911e-01
4.899224806201550597e-02,-5.200781250000000577e-01
4.901225306326582182e-02,-5.200781250000000577e-01
4.903225806451613072e-02,-2.800781250000000111e-01
4.905226306576644657e-02,-3.000781250000000289e-01
4.907226806701675548e-02,-4.007812499999999917e-02
4.909227306826707132e-02,-4.007812499999999917e-02
4.911227806951738023e-02,2.000000000000000111e-01
4.913228307076769608e-02,1.400000000000000133e-01
4.915228807201800498e-02,4.600000000000000200e-01
4.917229307326832083e-02,4.199999999999999845e-01
4.919229807451863667e-02,6.800000000000000488e-01
4.921230307576894558e-02,6.600000000000000311e-01
4.923230807701926143e-02,6.600000000000000311e-01
4.925231307826957033e-02,7.800000000000000266e-01
4.927231807951988618e-02,1.000000000000000000e+00
4.929232308077019509e-02,9.599999999999999645e-01
4.931232808202051093e-02,9.599999999999999645e-01
4.933233308327081984e-02,1.040000000000000036e+00
4.935233808452113569e-02,1.040000000000000036e+00
4.937234308577144459e-02,1.140000000000000124e+00
4.939234808702176044e-02,1.140000000000000124e+00
4.941235308827206935e-02,1.140000000000000124e+00
4.943235808952238519e-02,1.140000000000000124e+00
4.945236309077269410e-02,1.100000000000000089e+00
4.947236809202300994e-02,1.100000000000000089e+00
4.949237309327331885e-02,1.020000000000000018e+00
4.951237809452363470e-02,1.020000000000000018e+00
4.953238309577395054e-02,9.400000000000000577e-01
4.955238809702425945e-02,7.000000000000000666e-01
4.957239309827457530e-02,7.000000000000000666e-01
4.959239809952488420e-02,7.000000000000000666e-01
4.961240310077520005e-02,5.600000000000000533e-01
4.963240810202550896e-02,2.999999999999999889e-01
4.965241310327582480e-02,3.200000000000000067e-01
4.967241810452613371e-02,5.999999999999999778e-02
4.969242310577644955e-02,8.000000000000000167e-02
4.971242810702675846e-02,-1.600781250000000155e-01
4.973243310827707431e-02,-1.600781250000000155e-01
4.975243810952738321e-02,-5.000781250000000400e-01
4.977244311077769906e-02,-4.800781250000000222e-01
4.979244811202800797e-02,-7.200781250000000133e-01
4.981245311327832381e-02,-7.000781249999999956e-01
4.983245811452863272e-02,-7.000781249999999956e-01
4.985246311577894857e-02,-8.400781250000000089e-01
4.987246811702926441e-02,-1.080078125000000000e+00
4.989247311827957332e-02,-1.040078124999999964e+00
4.991247811952988916e-02,-1.040078124999999964e+00
4.993248312078019807e-02,-1.180078125000000089e+00
4.995248812203051392e-02,-1.180078125000000089e+00
4.997249312328082282e-02,-1.260078124999999938e+00
4.999249812453113867e-02,-1.260078124999999938e+00
5.001250312578144758e-02,-1.320078124999999991e+00
5.003250812703176342e-02,-1.320078124999999991e+00
5.005251312828207233e-02,-1.320078124999999991e+00
5.007251812953238818e-02,-1.320078124999999991e+00
5.009252313078269708e-02,-1.280078124999999956e+00
5.011252813203301293e-02,-1.280078124999999956e+00
5.013253313328332184e-02,-1.180078125000000089e+00
5.015253813453363768e-02,-1.180078125000000089e+00
5.017254313578394659e-02,-1.040078124999999964e+00
5.019254813703426243e-02,-8.200781249999999911e-01
5.021255313828457828e-02,-8.200781249999999911e-01
5.023255813953488719e-02,-5.600781249999999822e-01
5.025256314078520303e-02,-5.800781250000000000e-01
5.027256814203551194e-02,-3.600781250000000266e-01
5.029257314328582779e-02,-3.600781250000000266e-01
5.031257814453613669e-02,-8.007812500000000000e-02
5.033258314578645254e-02,-8.007812500000000000e-02
5.035258814703676145e-02,1.799999999999999933e-01
5.037259314828707729e-02,1.600000000000000033e-01
5.039259814953738620e-02,4.199999999999999845e-01
5.041260315078770204e-02,4.000000000000000222e-01
5.043260815203801095e-02,4.000000000000000222e-01
5.045261315328832680e-02,5.799999999999999600e-01
5.047261815453863570e-02,8.000000000000000444e-01
5.049262315578895155e-02,7.800000000000000266e-01
5.051262815703926046e-02,7.800000000000000266e-01
5.053263315828957630e-02,9.200000000000000400e-01
5.055263815953989215e-02,9.200000000000000400e-01
5.057264316079020106e-02,1.100000000000000089e+00
5.059264816204051690e-02,1.100000000000000089e+00
5.061265316329082581e-02,1.140000000000000124e+00
5.063265816454114165e-02,1.140000000000000124e+00
5.065266316579145056e-02,1.179999999999999938e+00
5.067266816704176641e-02,1.179999999999999938e+00
5.069267316829207531e-02,1.140000000000000124e+00
5.071267816954239116e-02,1.140000000000000124e+00
5.073268317079270007e-02,1.080000000000000071e+00
5.075268817204301591e-02,1.080000000000000071e+00
5.077269317329332482e-02,9.400000000000000577e-01
5.079269817454364067e-02,9.400000000000000577e-01
5.081270317579394957e-02,7.800000000000000266e-01
5.083270817704426542e-02,5.400000000000000355e-01
5.085271317829457433e-02,5.400000000000000355e-01
5.087271817954489017e-02,2.600000000000000089e-01
5.089272318079520602e-02,2.800000000000000266e-01
5.091272818204551492e-02,2.800000000000000266e-01
5.093273318329583077e-02,1.000000000000000056e-01
5.095273818454613968e-02,-2.000781249999999956e-01
5.097274318579645552e-02,-1.800781250000000056e-01
5.099274818704676443e-02,-4.600781250000000044e-01
5.101275318829708028e-02,-4.400781249999999867e-01
5.103275818954738918e-02,-6.800781249999999778e-01
5.105276319079770503e-02,-6.600781249999999600e-01
5.107276819204801394e-02,-9.400781249999999867e-01
5.109277319329832978e-02,-9.200781249999999689e-01
5.111277819454863869e-02,-9.200781249999999689e-01
5.113278319579895453e-02,-1.060078124999999982e+00
5.115278819704926344e-02,-1.060078124999999982e+00
5.117279319829957929e-02,-1.240078124999999920e+00
5.119279819954988819e-02,-1.240078124999999920e+00
5.121280320080020404e-02,-1.400078125000000062e+00
5.123280820205051989e-02,-1.400078125000000062e+00
5.125281320330082879e-02,-1.400078125000000062e+00
5.127281820455114464e-02,-1.400078125000000062e+00
5.129282320580145355e-02,-1.400078125000000062e+00
5.131282820705176939e-02,-1.400078125000000062e+00
5.133283320830207830e-02,-1.360078125000000027e+00
5.135283820955239414e-02,-1.360078125000000027e+00
5.137284321080270305e-02,-1.240078124999999920e+00
5.139284821205301890e-02,-1.240078124999999920e+00
5.141285321330332780e-02,-1.140078125000000053e+00
5.143285821455364365e-02,-9.000781250000000622e-01
5.145286321580395256e-02,-9.200781249999999689e-01
5.147286821705426840e-02,-7.000781249999999956e-01
5.149287321830457731e-02,-7.200781250000000133e-01
5.151287821955489316e-02,-4.000781250000000067e-01
5.153288322080520206e-02,-4.400781249999999867e-01
5.155288822205551791e-02,-1.600781250000000155e-01
5.157289322330583375e-02,-1.600781250000000155e-01
5.159289822455614266e-02,1.799999999999999933e-01
5.161290322580645851e-02,1.799999999999999933e-01
5.163290822705676741e-02,4.600000000000000200e-01
5.165291322830708326e-02,4.400000000000000022e-01
5.167291822955739217e-02,7.000000000000000666e-01
5.169292323080770801e-02,6.600000000000000311e-01
5.171292823205801692e-02,6.600000000000000311e-01
5.173293323330833277e-02,8.200000000000000622e-01
5.175293823455864167e-02,1.100000000000000089e+00
5.177294323580895752e-02,1.060000000000000053e+00
5.179294823705926643e-02,1.060000000000000053e+00
5.181295323830958227e-02,1.179999999999999938e+00
5.183295823955989118e-02,1.179999999999999938e+00
5.185296324081020702e-02,1.260000000000000009e+00
5.187296824206051593e-02,1.260000000000000009e+00
5.189297324331083178e-02,1.300000000000000044e+00
5.191297824456114762e-02,1.300000000000000044e+00
5.193298324581145653e-02,1.300000000000000044e+00
5.195298824706177238e-02,1.300000000000000044e+00
5.197299324831208128e-02,1.199999999999999956e+00
5.199299824956239713e-02,1.199999999999999956e+00
5.201300325081270604e-02,1.080000000000000071e+00
5.203300825206302188e-02,1.080000000000000071e+00
5.205301325331333079e-02,9.000000000000000222e-01
5.207301825456364663e-02,6.600000000000000311e-01
5.209302325581395554e-02,7.000000000000000666e-01
5.211302825706427139e-02,3.800000000000000044e-01
5.213303325831458029e-02,4.000000000000000222e-01
5.215303825956489614e-02,1.199999999999999956e-01
5.217304326081520505e-02,1.400000000000000133e-01
5.219304826206552089e-02,-1.600781250000000155e-01
5.221305326331582980e-02,-1.400781249999999978e-01
5.223305826456614565e-02,-4.000781250000000067e-01
5.225306326581646149e-02,-3.800781249999999889e-01
5.227306826706677040e-02,-7.000781249999999956e-01
5.229307326831708624e-02,-7.000781249999999956e-01
5.231307826956739515e-02,-1.040078124999999964e+00
5.233308327081771100e-02,-1.020078124999999947e+00
5.235308827206801990e-02,-1.260078124999999938e+00
5.237309327331833575e-02,-1.240078124999999920e+00
5.239309827456864466e-02,-1.240078124999999920e+00
5.241310327581896050e-02,-1.380078125000000044e+00
5.243310827706926941e-02,-1.380078125000000044e+00
5.245311327831958526e-02,-1.500078124999999929e+00
5.247311827956989416e-02,-1.500078124999999929e+00
5.249312328082021001e-02,-1.560078124999999982e+00
5.251312828207051892e-02,-1.560078124999999982e+00
5.253313328332083476e-02,-1.560078124999999982e+00
5.255313828457114367e-02,-1.560078124999999982e+00
5.257314328582145951e-02,-1.540078124999999964e+00
5.259314828707177536e-02,-1.540078124999999964e+00
5.261315328832208427e-02,-1.420078125000000080e+00
5.263315828957240011e-02,-1.420078125000000080e+00
5.265316329082270902e-02,-1.280078124999999956e+00
5.267316829207302487e-02,-1.280078124999999956e+00
5.269317329332333377e-02,-1.120078125000000036e+00
5.271317829457364962e-02,-7.200781250000000133e-01
5.273318329582395853e-02,-7.400781250000000311e-01
5.275318829707427437e-02,-5.200781250000000577e-01
5.277319329832458328e-02,-5.400781249999999645e-01
5.279319829957489912e-02,-2.400781250000000033e-01
5.281320330082520803e-02,-2.400781250000000033e-01
5.283320830207552388e-02,1.600000000000000033e-01
5.285321330332583278e-02,1.600000000000000033e-01
5.287321830457614863e-02,3.800000000000000044e-01
5.289322330582645754e-02,3.200000000000000067e-01
5.291322830707677338e-02,7.000000000000000666e-01
5.293323330832708923e-02,6.600000000000000311e-01
5.295323830957739814e-02,1.020000000000000018e+00
5.297324331082771398e-02,9.799999999999999822e-01
5.299324831207802289e-02,9.799999999999999822e-01
5.301325331332833873e-02,1.179999999999999938e+00
5.303325831457864764e-02,1.179999999999999938e+00
5.305326331582896349e-02,1.280000000000000027e+00
5.307326831707927239e-02,1.280000000000000027e+00
5.309327331832958824e-02,1.400000000000000133e+00
5.311327831957989715e-02,1.400000000000000133e+00
5.313328332083021299e-02,1.459999999999999964e+00
5.315328832208052190e-02,1.459999999999999964e+00
5.317329332333083775e-02,1.479999999999999982e+00
5.319329832458114665e-02,1.479999999999999982e+00
5.321330332583146250e-02,1.340000000000000080e+00
5.323330832708177140e-02,1.340000000000000080e+00
5.325331332833208725e-02,1.179999999999999938e+00
5.327331832958240310e-02,1.179999999999999938e+00
5.329332333083271200e-02,9.799999999999999822e-01
5.331332833208302785e-02,7.600000000000000089e-01
5.333333333333333676e-02,7.600000000000000089e-01
5.335333833458365260e-02,5.200000000000000178e-01
5.337334333583396151e-02,5.400000000000000355e-01
5.339334833708427736e-02,2.200000000000000011e-01
5.341335333833458626e-02,2.200000000000000011e-01
5.343335833958490211e-02,-8.007812500000000000e-02
5.345336334083521102e-02,-8.007812500000000000e-02
5.347336834208552686e-02,-4.800781250000000222e-01
5.349337334333583577e-02,-4.800781250000000222e-01
5.351337834458615161e-02,-7.600781250000000488e-01
5.353338334583646052e-02,-7.600781250000000488e-01
5.355338834708677637e-02,-1.020078124999999947e+00
5.357339334833708527e-02,-1.000078124999999929e+00
5.359339834958740112e-02,-1.300078124999999973e+00
5.361340335083771697e-02,-1.300078124999999973e+00
5.363340835208802587e-02,-1.300078124999999973e+00
5.365341335333834172e-02,-1.480078125000000133e+00
5.367341835458865063e-02,-1.480078125000000133e+00
5.369342335583896647e-02,-1.660078125000000071e+00
5.371342835708927538e-02,-1.660078125000000071e+00
5.373343335833959122e-02,-1.720078125000000124e+00
5.375343835958990013e-02,-1.720078125000000124e+00
5.377344336084021598e-02,-1.740078125000000142e+00
5.379344836209052488e-02,-1.740078125000000142e+00
5.381345336334084073e-02,-1.680078125000000089e+00
5.383345836459114964e-02,-1.680078125000000089e+00
5.385346336584146548e-02,-1.580078125000000000e+00
5.387346836709177439e-02,-1.580078125000000000e+00
5.389347336834209024e-02,-1.420078125000000080e+00
5.391347836959239914e-02,-1.140078125000000053e+00
5.393348337084271499e-02,-1.160078125000000071e+00
5.395348837209303083e-02,-9.400781249999999867e-01
5.397349337334333974e-02,-9.600781250000000044e-01
5.399349837459365559e-02,-6.000781250000000178e-01
5.401350337584396449e-02,-6.200781250000000355e-01
5.403350837709428034e-02,-2.600781249999999933e-01
5.405351337834458925e-02,-3.000781250000000289e-01
5.407351837959490509e-02,8.000000000000000167e-02
5.409352338084521400e-02,5.999999999999999778e-02
5.411352838209552985e-02,4.199999999999999845e-01
5.413353338334583875e-02,4.000000000000000222e-01
5.415353838459615460e-02,7.600000000000000089e-01
5.417354338584646350e-02,7.399999999999999911e-01
5.419354838709677935e-02,1.100000000000000089e+00
5.421355338834708826e-02,1.080000000000000071e+00
5.423355838959740410e-02,1.340000000000000080e+00
5.425356339084771301e-02,1.280000000000000027e+00
5.427356839209802886e-02,1.280000000000000027e+00
5.429357339334834470e-02,1.419999999999999929e+00
5.431357839459865361e-02,1.419999999999999929e+00
5.433358339584896946e-02,1.540000000000000036e+00
5.435358839709927836e-02,1.540000000000000036e+00
5.437359339834959421e-02,1.600000000000000089e+00
5.439359839959990311e-02,1.600000000000000089e+00
5.441360340085021896e-02,1.560000000000000053e+00
5.443360840210052787e-02,1.560000000000000053e+00
5.445361340335084371e-02,1.500000000000000000e+00
5.447361840460115262e-02,1.500000000000000000e+00
5.449362340585146847e-02,1.380000000000000115e+00
5.451362840710177737e-02,1.159999999999999920e+00
5.453363340835209322e-02,1.159999999999999920e+00
5.455363840960240213e-02,8.000000000000000444e-01
5.457364341085271797e-02,8.399999999999999689e-01
5.459364841210302688e-02,5.999999999999999778e-01
5.461365341335334272e-02,5.999999999999999778e-01
5.463365841460365857e-02,2.999999999999999889e-01
5.465366341585396748e-02,3.200000000000000067e-01
5.467366841710428332e-02,-8.007812500000000000e-02
5.469367341835459223e-02,-6.007812500000000305e-02
5.471367841960490808e-02,-4.200781250000000244e-01
5.473368342085521698e-02,-4.000781250000000067e-01
5.475368842210553283e-02,-8.200781249999999911e-01
5.477369342335584174e-02,-8.000781249999999734e-01
5.479369842460615758e-02,-1.200078125000000107e+00
5.481370342585646649e-02,-1.200078125000000107e+00
5.483370842710678233e-02,-1.420078125000000080e+00
5.485371342835709124e-02,-1.400078125000000062e+00
5.487371842960740709e-02,-1.400078125000000062e+00
5.489372343085771599e-02,-1.580078125000000000e+00
5.491372843210803184e-02,-1.580078125000000000e+00
5.493373343335834075e-02,-1.720078125000000124e+00
5.495373843460865659e-02,-1.720078125000000124e+00
5.497374343585897244e-02,-1.800078124999999973e+00
5.499374843710928135e-02,-1.800078124999999973e+00
5.501375343835959719e-02,-1.840078125000000009e+00
5.503375843960990610e-02,-1.840078125000000009e+00
5.505376344086022194e-02,-1.780078124999999956e+00
5.507376844211053085e-02,-1.780078124999999956e+00
5.509377344336084670e-02,-1.680078125000000089e+00
5.511377844461115560e-02,-1.460078125000000115e+00
5.513378344586147145e-02,-1.460078125000000115e+00
5.515378844711178036e-02,-1.200078125000000107e+00
5.517379344836209620e-02,-1.240078124999999920e+00
5.519379844961240511e-02,-1.020078124999999947e+00
5.521380345086272096e-02,-1.040078124999999964e+00
5.523380845211302986e-02,-6.800781249999999778e-01
5.525381345336334571e-02,-7.000781249999999956e-01
5.527381845461365462e-02,-2.400781250000000033e-01
5.529382345586397046e-02,-2.800781250000000111e-01
5.531382845711428631e-02,1.000000000000000056e-01
5.533383345836459521e-02,8.000000000000000167e-02
5.535383845961491106e-02,3.800000000000000044e-01
5.537384346086521997e-02,3.599999999999999867e-01
5.539384846211553581e-02,8.000000000000000444e-01
5.541385346336584472e-02,7.800000000000000266e-01
5.543385846461616057e-02,1.100000000000000089e+00
5.545386346586646947e-02,1.080000000000000071e+00
5.547386846711678532e-02,1.360000000000000098e+00
5.549387346836709423e-02,1.320000000000000062e+00
5.551387846961741007e-02,1.320000000000000062e+00
5.553388347086771898e-02,1.479999999999999982e+00
5.555388847211803482e-02,1.479999999999999982e+00
5.557389347336834373e-02,1.600000000000000089e+00
5.559389847461865958e-02,1.600000000000000089e+00
5.561390347586896848e-02,1.640000000000000124e+00
5.563390847711928433e-02,1.640000000000000124e+00
5.565391347836960018e-02,1.620000000000000107e+00
5.567391847961990908e-02,1.620000000000000107e+00
5.569392348087022493e-02,1.540000000000000036e+00
5.571392848212053384e-02,1.540000000000000036e+00
5.573393348337084968e-02,1.400000000000000133e+00
5.575393848462115859e-02,1.159999999999999920e+00
5.577394348587147443e-02,1.199999999999999956e+00
5.579394848712178334e-02,9.599999999999999645e-01
5.581395348837209919e-02,9.799999999999999822e-01
5.583395848962240809e-02,5.200000000000000178e-01
5.585396349087272394e-02,5.400000000000000355e-01
5.587396849212303285e-02,2.000000000000000111e-01
5.589397349337334869e-02,2.200000000000000011e-01
5.591397849462365760e-02,-4.007812499999999917e-02
5.593398349587397345e-02,-2.007812499999999875e-02
5.595398849712428235e-02,-3.800781249999999889e-01
5.597399349837459820e-02,-3.600781250000000266e-01
5.599399849962491404e-02,-7.200781250000000133e-01
5.601400350087522295e-02,-7.200781250000000133e-01
5.603400850212553880e-02,-1.120078125000000036e+00
5.605401350337584770e-02,-1.120078125000000036e+00
5.607401850462616355e-02,-1.360078125000000027e+00
5.609402350587647246e-02,-1.320078124999999991e+00
5.611402850712678830e-02,-1.560078124999999982e+00
5.613403350837709721e-02,-1.520078124999999947e+00
5.615403850962741306e-02,-1.760078124999999938e+00
5.617404351087772196e-02,-1.720078125000000124e+00
5.619404851212803781e-02,-1.720078125000000124e+00
5.621405351337834672e-02,-1.800078124999999973e+00
5.623405851462866256e-02,-1.800078124999999973e+00
5.625406351587897147e-02,-1.840078125000000009e+00
5.627406851712928731e-02,-1.840078125000000009e+00
5.629407351837959622e-02,-1.760078124999999938e+00
5.631407851962991207e-02,-1.760078124999999938e+00
5.633408352088022097e-02,-1.660078125000000071e+00
5.635408852213053682e-02,-1.660078125000000071e+00
5.637409352338085267e-02,-1.540078124999999964e+00
5.639409852463116157e-02,-1.280078124999999956e+00
5.641410352588147742e-02,-1.320078124999999991e+00
5.643410852713178633e-02,-1.020078124999999947e+00
5.645411352838210217e-02,-1.040078124999999964e+00
5.647411852963241108e-02,-7.000781249999999956e-01
5.649412353088272692e-02,-7.000781249999999956e-01
5.651412853213303583e-02,-2.200781250000000133e-01
5.653413353338335168e-02,-2.400781250000000033e-01
5.655413853463366058e-02,1.000000000000000056e-01
5.657414353588397643e-02,5.999999999999999778e-02
5.659414853713428534e-02,4.000000000000000222e-01
5.661415353838460118e-02,3.800000000000000044e-01
5.663415853963491009e-02,7.399999999999999911e-01
5.665416354088522594e-02,7.199999999999999734e-01
5.667416854213553484e-02,9.599999999999999645e-01
5.669417354338585069e-02,9.200000000000000400e-01
5.671417854463616653e-02,1.219999999999999973e+00
5.673418354588647544e-02,1.219999999999999973e+00
5.675418854713679129e-02,1.439999999999999947e+00
5.677419354838710019e-02,1.419999999999999929e+00
5.679419854963741604e-02,1.419999999999999929e+00
5.681420355088772495e-02,1.580000000000000071e+00
5.683420855213804079e-02,1.580000000000000071e+00
5.685421355338834970e-02,1.620000000000000107e+00
5.687421855463866555e-02,1.620000000000000107e+00
5.689422355588897445e-02,1.600000000000000089e+00
5.691422855713929030e-02,1.600000000000000089e+00
5.693423355838959921e-02,1.520000000000000018e+00
5.695423855963991505e-02,1.520000000000000018e+00
5.697424356089022396e-02,1.380000000000000115e+00
5.699424856214053980e-02,1.380000000000000115e+00
5.701425356339084871e-02,1.219999999999999973e+00
5.703425856464116456e-02,9.400000000000000577e-01
5.705426356589148040e-02,9.799999999999999822e-01
5.707426856714178931e-02,5.400000000000000355e-01
5.709427356839210516e-02,5.400000000000000355e-01
5.711427856964241406e-02,2.600000000000000089e-01
5.713428357089272991e-02,2.600000000000000089e-01
5.715428857214303882e-02,-6.007812500000000305e-02
5.717429357339335466e-02,-6.007812500000000305e-02
5.719429857464366357e-02,-3.600781250000000266e-01
5.721430357589397941e-02,-3.400781250000000089e-01
5.723430857714428832e-02,-7.800781250000000666e-01
5.725431357839460417e-02,-7.800781250000000666e-01
5.727431857964491307e-02,-1.000078124999999929e+00
5.729432358089522892e-02,-9.800781250000000222e-01
5.731432858214553783e-02,-1.340078125000000009e+00
5.733433358339585367e-02,-1.320078124999999991e+00
5.735433858464616258e-02,-1.320078124999999991e+00
5.737434358589647843e-02,-1.500078124999999929e+00
5.739434858714679427e-02,-1.500078124999999929e+00
5.741435358839710318e-02,-1.660078125000000071e+00
5.743435858964741902e-02,-1.660078125000000071e+00
5.745436359089772793e-02,-1.740078125000000142e+00
5.747436859214804378e-02,-1.740078125000000142e+00
5.749437359339835268e-02,-1.760078124999999938e+00
5.751437859464866853e-02,-1.760078124999999938e+00
5.753438359589897744e-02,-1.680078125000000089e+00
5.755438859714929328e-02,-1.680078125000000089e+00
5.757439359839960219e-02,-1.580078125000000000e+00
5.759439859964991804e-02,-1.580078125000000000e+00
5.761440360090022694e-02,-1.420078125000000080e+00
5.763440860215054279e-02,-1.420078125000000080e+00
5.765441360340085170e-02,-1.300078124999999973e+00
5.767441860465116754e-02,-9.600781250000000044e-01
5.769442360590147645e-02,-1.000078124999999929e+00
5.771442860715179229e-02,-7.000781249999999956e-01
5.773443360840210814e-02,-7.200781250000000133e-01
5.775443860965241705e-02,-2.800781250000000111e-01
5.777444361090273289e-02,-3.000781250000000289e-01
5.779444861215304180e-02,8.000000000000000167e-02
5.781445361340335765e-02,5.999999999999999778e-02
5.783445861465366655e-02,3.599999999999999867e-01
5.785446361590398240e-02,3.400000000000000244e-01
5.787446861715429131e-02,5.799999999999999600e-01
5.789447361840460715e-02,5.600000000000000533e-01
5.791447861965491606e-02,9.000000000000000222e-01
5.793448362090523190e-02,8.800000000000000044e-01
5.795448862215554081e-02,1.140000000000000124e+00
5.797449362340585666e-02,1.140000000000000124e+00
5.799449862465616556e-02,1.140000000000000124e+00
5.801450362590648141e-02,1.260000000000000009e+00
5.803450862715679032e-02,1.260000000000000009e+00
5.805451362840710616e-02,1.400000000000000133e+00
5.807451862965742201e-02,1.400000000000000133e+00
5.809452363090773092e-02,1.459999999999999964e+00
5.811452863215804676e-02,1.459999999999999964e+00
5.813453363340835567e-02,1.459999999999999964e+00
5.815453863465867151e-02,1.459999999999999964e+00
5.817454363590898042e-02,1.380000000000000115e+00
5.819454863715929627e-02,1.380000000000000115e+00
5.821455363840960517e-02,1.280000000000000027e+00
5.823455863965992102e-02,1.040000000000000036e+00
5.825456364091022993e-02,1.040000000000000036e+00
5.827456864216054577e-02,1.040000000000000036e+00
5.829457364341085468e-02,8.800000000000000044e-01
5.831457864466117053e-02,5.799999999999999600e-01
5.833458364591147943e-02,6.199999999999999956e-01
5.835458864716179528e-02,2.800000000000000266e-01
5.837459364841210419e-02,2.800000000000000266e-01
5.839459864966242003e-02,-6.007812500000000305e-02
5.841460365091273588e-02,-4.007812499999999917e-02
5.843460865216304478e-02,-4.200781250000000244e-01
5.845461365341336063e-02,-3.800781249999999889e-01
5.847461865466366954e-02,-6.600781249999999600e-01
5.849462365591398538e-02,-6.600781249999999600e-01
5.851462865716429429e-02,-9.000781250000000622e-01
5.853463365841461014e-02,-8.800781250000000444e-01
5.855463865966491904e-02,-1.220078125000000124e+00
5.857464366091523489e-02,-1.200078125000000107e+00
5.859464866216554380e-02,-1.200078125000000107e+00
5.861465366341585964e-02,-1.360078125000000027e+00
5.863465866466616855e-02,-1.360078125000000027e+00
5.865466366591648439e-02,-1.460078125000000115e+00
5.867466866716679330e-02,-1.460078125000000115e+00
5.869467366841710915e-02,-1.580078125000000000e+00
5.871467866966741805e-02,-1.580078125000000000e+00
5.873468367091773390e-02,-1.620078125000000036e+00
5.875468867216804975e-02,-1.620078125000000036e+00
5.877469367341835865e-02,-1.560078124999999982e+00
5.879469867466867450e-02,-1.560078124999999982e+00
5.881470367591898341e-02,-1.480078125000000133e+00
5.883470867716929925e-02,-1.480078125000000133e+00
5.885471367841960816e-02,-1.340078125000000009e+00
5.887471867966992400e-02,-1.080078125000000000e+00
5.889472368092023291e-02,-1.080078125000000000e+00
5.891472868217054876e-02,-8.600781250000000266e-01
5.893473368342085766e-02,-8.800781250000000444e-01
5.895473868467117351e-02,-5.600781249999999822e-01
5.897474368592148242e-02,-5.800781250000000000e-01
5.899474868717179826e-02,-3.600781250000000266e-01
5.901475368842210717e-02,-3.800781249999999889e-01
5.903475868967242302e-02,5.999999999999999778e-02
5.905476369092273192e-02,2.000000000000000042e-02
5.907476869217304777e-02,2.999999999999999889e-01
5.909477369342336361e-02,2.800000000000000266e-01
5.911477869467367252e-02,5.999999999999999778e-01
5.913478369592398837e-02,5.999999999999999778e-01
5.915478869717429727e-02,8.399999999999999689e-01
5.917479369842461312e-02,8.000000000000000444e-01
5.919479869967492203e-02,1.060000000000000053e+00
5.921480370092523787e-02,1.040000000000000036e+00
5.923480870217554678e-02,1.040000000000000036e+00
5.925481370342586263e-02,1.179999999999999938e+00
5.927481870467617153e-02,1.179999999999999938e+00
5.929482370592648738e-02,1.300000000000000044e+00
5.931482870717679629e-02,1.300000000000000044e+00
5.933483370842711213e-02,1.320000000000000062e+00
5.935483870967742104e-02,1.320000000000000062e+00
5.937484371092773688e-02,1.340000000000000080e+00
5.939484871217804579e-02,1.340000000000000080e+00
5.941485371342836164e-02,1.219999999999999973e+00
5.943485871467867748e-02,1.219999999999999973e+00
5.945486371592898639e-02,1.140000000000000124e+00
5.947486871717930224e-02,9.200000000000000400e-01
5.949487371842961114e-02,9.599999999999999645e-01
5.951487871967992699e-02,7.399999999999999911e-01
5.953488372093023590e-02,7.600000000000000089e-01
5.955488872218055174e-02,5.400000000000000355e-01
5.957489372343086065e-02,5.600000000000000533e-01
5.959489872468117649e-02,1.799999999999999933e-01
5.961490372593148540e-02,2.200000000000000011e-01
5.963490872718180125e-02,-4.007812499999999917e-02
5.965491372843211015e-02,-4.007812499999999917e-02
5.967491872968242600e-02,-3.400781250000000089e-01
5.969492373093273491e-02,-3.200781249999999911e-01
5.971492873218305075e-02,-3.200781249999999911e-01
5.973493373343335966e-02,-5.000781250000000400e-01
5.975493873468367551e-02,-8.000781249999999734e-01
5.977494373593399135e-02,-7.800781250000000666e-01
5.979494873718430026e-02,-1.060078124999999982e+00
5.981495373843461610e-02,-1.040078124999999964e+00
5.983495873968492501e-02,-1.040078124999999964e+00
5.985496374093524086e-02,-1.180078125000000089e+00
5.987496874218554976e-02,-1.180078125000000089e+00
5.989497374343586561e-02,-1.340078125000000009e+00
5.991497874468617452e-02,-1.340078125000000009e+00
5.993498374593649036e-02,-1.400078125000000062e+00
5.995498874718679927e-02,-1.400078125000000062e+00
5.997499374843711512e-02,-1.420078125000000080e+00
5.999499874968742402e-02,-1.420078125000000080e+00
6.001500375093773987e-02,-1.400078125000000062e+00
6.003500875218804878e-02,-1.400078125000000062e+00
6.005501375343836462e-02,-1.340078125000000009e+00
6.007501875468867353e-02,-1.340078125000000009e+00
6.009502375593898937e-02,-1.220078125000000124e+00
6.011502875718930522e-02,-1.220078125000000124e+00
6.013503375843961413e-02,-1.100078125000000018e+00
6.015503875968992997e-02,-8.400781250000000089e-01
6.017504376094023888e-02,-8.600781250000000266e-01
6.019504876219055473e-02,-5.600781249999999822e-01
6.021505376344086363e-02,-5.800781250000000000e-01
6.023505876469117948e-02,-2.800781250000000111e-01
6.025506376594148839e-02,-3.000781250000000289e-01
6.027506876719180423e-02,-8.007812500000000000e-02
6.029507376844211314e-02,-8.007812500000000000e-02
6.031507876969242898e-02,2.200000000000000011e-01
6.033508377094273789e-02,2.000000000000000111e-01
6.035508877219305374e-02,4.400000000000000022e-01
6.037509377344336264e-02,4.000000000000000222e-01
6.039509877469367849e-02,7.399999999999999911e-01
6.041510377594398740e-02,7.000000000000000666e-01
6.043510877719430324e-02,7.000000000000000666e-01
6.045511377844461909e-02,8.800000000000000044e-01
6.047511877969492800e-02,8.800000000000000044e-01
6.049512378094524384e-02,1.040000000000000036e+00
6.051512878219555275e-02,1.040000000000000036e+00
6.053513378344586859e-02,1.120000000000000107e+00
6.055513878469617750e-02,1.120000000000000107e+00
6.057514378594649335e-02,1.179999999999999938e+00
6.059514878719680225e-02,1.179999999999999938e+00
6.061515378844711810e-02,1.179999999999999938e+00
6.063515878969742701e-02,1.179999999999999938e+00
6.065516379094774285e-02,1.140000000000000124e+00
6.067516879219805176e-02,1.140000000000000124e+00
6.069517379344836761e-02,1.040000000000000036e+00
6.071517879469867651e-02,1.040000000000000036e+00
6.073518379594899236e-02,9.000000000000000222e-01
6.075518879719930126e-02,9.000000000000000222e-01
6.077519379844961711e-02,7.399999999999999911e-01
6.079519879969993296e-02,5.000000000000000000e-01
6.081520380095024186e-02,5.400000000000000355e-01
6.083520880220055771e-02,2.399999999999999911e-01
6.085521380345086662e-02,2.600000000000000089e-01
6.087521880470118246e-02,-7.812500000000000163e-05
6.089522380595149137e-02,2.000000000000000042e-02
6.091522880720180722e-02,-2.000781249999999956e-01
6.093523380845211612e-02,-1.800781250000000056e-01
6.095523880970243197e-02,-4.800781250000000222e-01
6.097524381095274087e-02,-4.800781250000000222e-01
6.099524881220305672e-02,-7.200781250000000133e-01
6.101525381345336563e-02,-6.800781249999999778e-01
6.103525881470368147e-02,-9.800781250000000222e-01
6.105526381595399038e-02,-9.800781250000000222e-01
6.107526881720430623e-02,-9.800781250000000222e-01
6.109527381845461513e-02,-1.100078125000000018e+00
6.111527881970493098e-02,-1.100078125000000018e+00
6.113528382095524683e-02,-1.220078125000000124e+00
6.115528882220555573e-02,-1.220078125000000124e+00
6.117529382345587158e-02,-1.320078124999999991e+00
6.119529882470618048e-02,-1.320078124999999991e+00
6.121530382595649633e-02,-1.320078124999999991e+00
6.123530882720680524e-02,-1.320078124999999991e+00
6.125531382845712108e-02,-1.320078124999999991e+00
6.127531882970742999e-02,-1.320078124999999991e+00
6.129532383095774584e-02,-1.260078124999999938e+00
6.131532883220805474e-02,-1.260078124999999938e+00
6.133533383345837059e-02,-1.140078125000000053e+00
6.135533883470867950e-02,-1.140078125000000053e+00
6.137534383595899534e-02,-1.040078124999999964e+00
6.139534883720930425e-02,-8.000781249999999734e-01
6.141535383845962009e-02,-8.200781249999999911e-01
6.143535883970992900e-02,-5.400781249999999645e-01
6.145536384096024485e-02,-5.600781249999999822e-01
6.147536884221056069e-02,-2.800781250000000111e-01
6.149537384346086960e-02,-3.000781250000000289e-01
6.151537884471118545e-02,-3.000781250000000289e-01
6.153538384596149435e-02,-1.200781250000000078e-01
6.155538884721181020e-02,2.200000000000000011e-01
6.157539384846211911e-02,1.600000000000000033e-01
6.159539884971243495e-02,4.400000000000000022e-01
6.161540385096274386e-02,4.000000000000000222e-01
6.163540885221305970e-02,7.000000000000000666e-01
6.165541385346336861e-02,6.600000000000000311e-01
6.167541885471368446e-02,6.600000000000000311e-01
6.169542385596399336e-02,7.800000000000000266e-01
6.171542885721430921e-02,1.000000000000000000e+00
6.173543385846461812e-02,1.000000000000000000e+00
6.175543885971493396e-02,1.000000000000000000e+00
6.177544386096524287e-02,1.060000000000000053e+00
6.179544886221555872e-02,1.060000000000000053e+00
6.181545386346587456e-02,1.120000000000000107e+00
6.183545886471618347e-02,1.120000000000000107e+00
6.185546386596649931e-02,1.120000000000000107e+00
6.187546886721680822e-02,1.120000000000000107e+00
6.189547386846712407e-02,1.080000000000000071e+00
6.191547886971743297e-02,1.080000000000000071e+00
6.193548387096774882e-02,1.020000000000000018e+00
6.195548887221805773e-02,1.020000000000000018e+00
6.197549387346837357e-02,9.000000000000000222e-01
6.199549887471868248e-02,6.600000000000000311e-01
6.201550387596899833e-02,6.800000000000000488e-01
6.203550887721930723e-02,6.800000000000000488e-01
6.205551387846962308e-02,5.400000000000000355e-01
6.207551887971993199e-02,2.200000000000000011e-01
6.209552388097024783e-02,2.399999999999999911e-01
6.211552888222055674e-02,2.000000000000000042e-02
6.213553388347087258e-02,5.999999999999999778e-02
6.215553888472118843e-02,-2.200781250000000133e-01
6.217554388597149734e-02,-2.000781249999999956e-01
6.219554888722181318e-02,-5.200781250000000577e-01
6.221555388847212209e-02,-5.000781250000000400e-01
6.223555888972243794e-02,-5.000781250000000400e-01
6.225556389097274684e-02,-6.600781249999999600e-01
6.227556889222306269e-02,-9.400781249999999867e-01
6.229557389347337160e-02,-9.200781249999999689e-01
6.231557889472368744e-02,-9.200781249999999689e-01
6.233558389597399635e-02,-1.100078125000000018e+00
6.235558889722431219e-02,-1.100078125000000018e+00
6.237559389847462110e-02,-1.200078125000000107e+00
6.239559889972493695e-02,-1.200078125000000107e+00
6.241560390097524585e-02,-1.260078124999999938e+00
6.243560890222556170e-02,-1.260078124999999938e+00
6.245561390347587061e-02,-1.300078124999999973e+00
6.247561890472618645e-02,-1.300078124999999973e+00
6.249562390597650230e-02,-1.320078124999999991e+00
6.251562890722681121e-02,-1.320078124999999991e+00
6.253563390847712011e-02,-1.280078124999999956e+00
6.255563890972744290e-02,-1.280078124999999956e+00
6.257564391097775180e-02,-1.160078125000000071e+00
6.259564891222806071e-02,-1.160078125000000071e+00
6.261565391347836962e-02,-1.000078124999999929e+00
6.263565891472869240e-02,-1.000078124999999929e+00
6.265566391597900131e-02,-8.600781250000000266e-01
6.267566891722931022e-02,-6.400781250000000533e-01
6.269567391847961912e-02,-6.400781250000000533e-01
6.271567891972994191e-02,-3.000781250000000289e-01
6.273568392098025082e-02,-3.000781250000000289e-01
6.275568892223055972e-02,-8.007812500000000000e-02
6.277569392348086863e-02,-1.000781250000000039e-01
6.279569892473119141e-02,1.199999999999999956e-01
6.281570392598150032e-02,1.000000000000000056e-01
6.283570892723180923e-02,4.199999999999999845e-01
6.285571392848213201e-02,4.000000000000000222e-01
6.287571892973244092e-02,6.600000000000000311e-01
6.289572393098274983e-02,6.400000000000000133e-01
6.291572893223305873e-02,6.400000000000000133e-01
6.293573393348338152e-02,8.200000000000000622e-01
6.295573893473369043e-02,8.200000000000000622e-01
6.297574393598399933e-02,9.799999999999999822e-01
6.299574893723430824e-02,9.799999999999999822e-01
6.301575393848463102e-02,1.100000000000000089e+00
6.303575893973493993e-02,1.100000000000000089e+00
6.305576394098524884e-02,1.159999999999999920e+00
6.307576894223555775e-02,1.159999999999999920e+00
6.309577394348588053e-02,1.179999999999999938e+00
6.311577894473618944e-02,1.179999999999999938e+00
6.313578394598649834e-02,1.179999999999999938e+00
6.315578894723680725e-02,1.179999999999999938e+00
6.317579394848713004e-02,1.060000000000000053e+00
6.319579894973743894e-02,1.060000000000000053e+00
6.321580395098774785e-02,9.000000000000000222e-01
6.323580895223807063e-02,9.000000000000000222e-01
6.325581395348837954e-02,7.800000000000000266e-01
6.327581895473868845e-02,7.800000000000000266e-01
6.329582395598899736e-02,5.999999999999999778e-01
6.331582895723932014e-02,3.200000000000000067e-01
6.333583395848962905e-02,3.400000000000000244e-01
6.335583895973993795e-02,8.000000000000000167e-02
6.337584396099024686e-02,1.000000000000000056e-01
6.339584896224056965e-02,-2.000781249999999956e-01
6.341585396349087855e-02,-1.800781250000000056e-01
6.343585896474118746e-02,-4.800781250000000222e-01
6.345586396599149637e-02,-4.800781250000000222e-01
6.347586896724181915e-02,-7.800781250000000666e-01
6.349587396849212806e-02,-7.800781250000000666e-01
6.351587896974243697e-02,-1.000078124999999929e+00
6.353588397099275975e-02,-9.800781250000000222e-01
6.355588897224306866e-02,-9.800781250000000222e-01
6.357589397349337756e-02,-1.080078125000000000e+00
6.359589897474368647e-02,-1.300078124999999973e+00
6.361590397599400926e-02,-1.280078124999999956e+00
6.363590897724431816e-02,-1.280078124999999956e+00
6.365591397849462707e-02,-1.360078125000000027e+00
6.367591897974493598e-02,-1.360078125000000027e+00
6.369592398099525876e-02,-1.420078125000000080e+00
6.371592898224556767e-02,-1.420078125000000080e+00
6.373593398349587658e-02,-1.420078125000000080e+00
6.375593898474618548e-02,-1.420078125000000080e+00
6.377594398599650827e-02,-1.360078125000000027e+00
6.379594898724681717e-02,-1.360078125000000027e+00
6.381595398849712608e-02,-1.260078124999999938e+00
6.383595898974743499e-02,-1.260078124999999938e+00
6.385596399099775777e-02,-1.100078125000000018e+00
6.387596899224806668e-02,-1.100078125000000018e+00
6.389597399349837559e-02,-9.200781249999999689e-01
6.391597899474869837e-02,-6.000781250000000178e-01
6.393598399599900728e-02,-6.200781250000000355e-01
6.395598899724931619e-02,-3.600781250000000266e-01
6.397599399849962509e-02,-3.600781250000000266e-01
6.399599899974994788e-02,-1.400781249999999978e-01
6.401600400100025678e-02,-1.400781249999999978e-01
6.403600900225056569e-02,1.000000000000000056e-01
6.405601400350087460e-02,8.000000000000000167e-02
6.407601900475119738e-02,4.400000000000000022e-01
6.409602400600150629e-02,4.400000000000000022e-01
6.411602900725181520e-02,7.000000000000000666e-01
6.413603400850212410e-02,6.600000000000000311e-01
6.415603900975244689e-02,6.600000000000000311e-01
6.417604401100275580e-02,8.200000000000000622e-01
6.419604901225306470e-02,1.060000000000000053e+00
6.421605401350338749e-02,1.040000000000000036e+00
6.423605901475369639e-02,1.040000000000000036e+00
6.425606401600400530e-02,1.219999999999999973e+00
6.427606901725431421e-02,1.219999999999999973e+00
6.429607401850463699e-02,1.280000000000000027e+00
6.431607901975494590e-02,1.280000000000000027e+00
6.433608402100525481e-02,1.320000000000000062e+00
6.435608902225556371e-02,1.320000000000000062e+00
6.437609402350588650e-02,1.260000000000000009e+00
6.439609902475619541e-02,1.260000000000000009e+00
6.441610402600650431e-02,1.179999999999999938e+00
6.443610902725681322e-02,1.179999999999999938e+00
6.445611402850713600e-02,1.020000000000000018e+00
6.447611902975744491e-02,1.020000000000000018e+00
6.449612403100775382e-02,8.599999999999999867e-01
6.451612903225806273e-02,8.599999999999999867e-01
6.453613403350838551e-02,7.000000000000000666e-01
6.455613903475869442e-02,3.800000000000000044e-01
6.457614403600900332e-02,4.000000000000000222e-01
6.459614903725932611e-02,5.999999999999999778e-02
6.461615403850963502e-02,5.999999999999999778e-02
6.463615903975994392e-02,-2.200781250000000133e-01
6.465616404101025283e-02,-2.200781250000000133e-01
6.467616904226057561e-02,-5.000781250000000400e-01
6.469617404351088452e-02,-5.000781250000000400e-01
6.471617904476119343e-02,-7.200781250000000133e-01
6.473618404601150234e-02,-7.000781249999999956e-01
6.475618904726182512e-02,-1.020078124999999947e+00
6.477619404851213403e-02,-9.800781250000000222e-01
6.479619904976244293e-02,-1.260078124999999938e+00
6.481620405101275184e-02,-1.240078124999999920e+00
6.483620905226307463e-02,-1.240078124999999920e+00
6.485621405351338353e-02,-1.360078125000000027e+00
6.487621905476369244e-02,-1.360078125000000027e+00
6.489622405601401522e-02,-1.500078124999999929e+00
6.491622905726432413e-02,-1.500078124999999929e+00
6.493623405851463304e-02,-1.580078125000000000e+00
6.495623905976494195e-02,-1.580078125000000000e+00
6.497624406101526473e-02,-1.580078125000000000e+00
6.499624906226557364e-02,-1.580078125000000000e+00
6.501625406351588254e-02,-1.520078124999999947e+00
6.503625906476619145e-02,-1.520078124999999947e+00
6.505626406601651424e-02,-1.360078125000000027e+00
6.507626906726682314e-02,-1.360078125000000027e+00
6.509627406851713205e-02,-1.220078125000000124e+00
6.511627906976744096e-02,-1.220078125000000124e+00
6.513628407101776374e-02,-1.080078125000000000e+00
6.515628907226807265e-02,-7.800781250000000666e-01
6.517629407351838156e-02,-7.800781250000000666e-01
6.519629907476869046e-02,-4.600781250000000044e-01
6.521630407601901325e-02,-4.600781250000000044e-01
6.523630907726932215e-02,-2.000781249999999956e-01
6.525631407851963106e-02,-2.200781250000000133e-01
6.527631907976995385e-02,2.000000000000000111e-01
6.529632408102026275e-02,1.600000000000000033e-01
6.531632908227057166e-02,5.200000000000000178e-01
6.533633408352088057e-02,4.799999999999999822e-01
6.535633908477120335e-02,7.199999999999999734e-01
6.537634408602151226e-02,7.000000000000000666e-01
6.539634908727182117e-02,1.000000000000000000e+00
6.541635408852213007e-02,1.000000000000000000e+00
6.543635908977245286e-02,1.000000000000000000e+00
6.545636409102276176e-02,1.140000000000000124e+00
6.547636909227307067e-02,1.140000000000000124e+00
6.549637409352337958e-02,1.320000000000000062e+00
6.551637909477370236e-02,1.320000000000000062e+00
6.553638409602401127e-02,1.419999999999999929e+00
6.555638909727432018e-02,1.419999999999999929e+00
6.557639409852464296e-02,1.439999999999999947e+00
6.559639909977495187e-02,1.439999999999999947e+00
6.561640410102526078e-02,1.459999999999999964e+00
6.563640910227556968e-02,1.459999999999999964e+00
6.565641410352589247e-02,1.360000000000000098e+00
6.567641910477620137e-02,1.360000000000000098e+00
6.569642410602651028e-02,1.219999999999999973e+00
6.571642910727681919e-02,9.599999999999999645e-01
6.573643410852714197e-02,9.599999999999999645e-01
6.575643910977745088e-02,9.599999999999999645e-01
6.577644411102775979e-02,7.600000000000000089e-01
6.579644911227806869e-02,4.000000000000000222e-01
6.581645411352839148e-02,4.199999999999999845e-01
6.583645911477870039e-02,5.999999999999999778e-02
6.585646411602900929e-02,1.000000000000000056e-01
6.587646911727931820e-02,-2.400781250000000033e-01
6.589647411852964098e-02,-2.200781250000000133e-01
6.591647911977994989e-02,-4.600781250000000044e-01
6.593648412103025880e-02,-4.600781250000000044e-01
6.595648912228058158e-02,-8.800781250000000444e-01
6.597649412353089049e-02,-8.600781250000000266e-01
6.599649912478119940e-02,-8.600781250000000266e-01
6.601650412603150830e-02,-1.040078124999999964e+00
6.603650912728183109e-02,-1.340078125000000009e+00
6.605651412853214000e-02,-1.340078125000000009e+00
6.607651912978244890e-02,-1.580078125000000000e+00
6.609652413103275781e-02,-1.540078124999999964e+00
6.611652913228308059e-02,-1.540078124999999964e+00
6.613653413353338950e-02,-1.660078125000000071e+00
6.615653913478369841e-02,-1.660078125000000071e+00
6.617654413603400732e-02,-1.720078125000000124e+00
6.619654913728433010e-02,-1.720078125000000124e+00
6.621655413853463901e-02,-1.740078125000000142e+00
6.623655913978494791e-02,-1.740078125000000142e+00
6.625656414103527070e-02,-1.700078125000000107e+00
6.627656914228557961e-02,-1.700078125000000107e+00
6.629657414353588851e-02,-1.580078125000000000e+00
6.631657914478619742e-02,-1.360078125000000027e+00
6.633658414603652020e-02,-1.360078125000000027e+00
6.635658914728682911e-02,-1.360078125000000027e+00
6.637659414853713802e-02,-1.160078125000000071e+00
6.639659914978744693e-02,-8.400781250000000089e-01
6.641660415103776971e-02,-8.800781250000000444e-01
6.643660915228807862e-02,-5.600781249999999822e-01
6.645661415353838752e-02,-5.800781250000000000e-01
6.647661915478869643e-02,-2.000781249999999956e-01
6.649662415603901922e-02,-2.200781250000000133e-01
6.651662915728932812e-02,2.200000000000000011e-01
6.653663415853963703e-02,1.799999999999999933e-01
6.655663915978994594e-02,4.799999999999999822e-01
6.657664416104026872e-02,4.600000000000000200e-01
6.659664916229057763e-02,7.399999999999999911e-01
6.661665416354088654e-02,7.399999999999999911e-01
6.663665916479120932e-02,1.080000000000000071e+00
6.665666416604151823e-02,1.060000000000000053e+00
6.667666916729182713e-02,1.060000000000000053e+00
6.669667416854213604e-02,1.260000000000000009e+00
6.671667916979245883e-02,1.479999999999999982e+00
6.673668417104276773e-02,1.439999999999999947e+00
6.675668917229307664e-02,1.439999999999999947e+00
6.677669417354338555e-02,1.560000000000000053e+00
6.679669917479370833e-02,1.560000000000000053e+00
6.681670417604401724e-02,1.600000000000000089e+00
6.683670917729432615e-02,1.600000000000000089e+00
6.685671417854463505e-02,1.560000000000000053e+00
6.687671917979495784e-02,1.560000000000000053e+00
6.689672418104526674e-02,1.500000000000000000e+00
6.691672918229557565e-02,1.500000000000000000e+00
6.693673418354589844e-02,1.380000000000000115e+00
6.695673918479620734e-02,1.140000000000000124e+00
6.697674418604651625e-02,1.140000000000000124e+00
6.699674918729682516e-02,7.800000000000000266e-01
6.701675418854714794e-02,7.800000000000000266e-01
6.703675918979745685e-02,4.600000000000000200e-01
6.705676419104776576e-02,4.799999999999999822e-01
6.707676919229807466e-02,1.799999999999999933e-01
6.709677419354839745e-02,2.000000000000000111e-01
6.711677919479870635e-02,-6.007812500000000305e-02
6.713678419604901526e-02,-6.007812500000000305e-02
6.715678919729932417e-02,-4.800781250000000222e-01
6.717679419854964695e-02,-4.600781250000000044e-01
6.719679919979995586e-02,-8.600781250000000266e-01
6.721680420105026477e-02,-8.200781249999999911e-01
6.723680920230057367e-02,-1.100078125000000018e+00
6.725681420355089646e-02,-1.080078125000000000e+00
6.727681920480120537e-02,-1.400078125000000062e+00
6.729682420605151427e-02,-1.400078125000000062e+00
6.731682920730183706e-02,-1.640078125000000053e+00
6.733683420855214596e-02,-1.640078125000000053e+00
6.735683920980245487e-02,-1.640078125000000053e+00
6.737684421105276378e-02,-1.720078125000000124e+00
6.739684921230308656e-02,-1.720078125000000124e+00
6.741685421355339547e-02,-1.800078124999999973e+00
6.743685921480370438e-02,-1.800078124999999973e+00
6.745686421605401328e-02,-1.840078125000000009e+00
6.747686921730433607e-02,-1.840078125000000009e+00
6.749687421855464498e-02,-1.760078124999999938e+00
6.751687921980495388e-02,-1.760078124999999938e+00
6.753688422105526279e-02,-1.660078125000000071e+00
6.755688922230558557e-02,-1.420078125000000080e+00
6.757689422355589448e-02,-1.440078125000000098e+00
6.759689922480620339e-02,-1.140078125000000053e+00
6.761690422605652617e-02,-1.160078125000000071e+00
6.763690922730683508e-02,-8.400781250000000089e-01
6.765691422855714399e-02,-8.600781250000000266e-01
6.767691922980745289e-02,-5.400781249999999645e-01
6.769692423105777568e-02,-5.400781249999999645e-01
6.771692923230808459e-02,-1.600781250000000155e-01
6.773693423355839349e-02,-1.800781250000000056e-01
6.775693923480870240e-02,8.000000000000000167e-02
6.777694423605902518e-02,8.000000000000000167e-02
6.779694923730933409e-02,4.400000000000000022e-01
6.781695423855964300e-02,4.400000000000000022e-01
6.783695923980995190e-02,8.200000000000000622e-01
6.785696424106027469e-02,8.200000000000000622e-01
6.787696924231058360e-02,1.040000000000000036e+00
6.789697424356089250e-02,1.020000000000000018e+00
6.791697924481120141e-02,1.340000000000000080e+00
6.793698424606152420e-02,1.340000000000000080e+00
6.795698924731183310e-02,1.340000000000000080e+00
6.797699424856214201e-02,1.459999999999999964e+00
6.799699924981246479e-02,1.459999999999999964e+00
6.801700425106277370e-02,1.600000000000000089e+00
6.803700925231308261e-02,1.600000000000000089e+00
6.805701425356339151e-02,1.640000000000000124e+00
6.807701925481371430e-02,1.640000000000000124e+00
6.809702425606402321e-02,1.620000000000000107e+00
6.811702925731433211e-02,1.620000000000000107e+00
6.813703425856464102e-02,1.540000000000000036e+00
6.815703925981496381e-02,1.540000000000000036e+00
6.817704426106527271e-02,1.360000000000000098e+00
6.819704926231558162e-02,1.360000000000000098e+00
6.821705426356589053e-02,1.179999999999999938e+00
6.823705926481621331e-02,9.400000000000000577e-01
6.825706426606652222e-02,9.599999999999999645e-01
6.827706926731683112e-02,5.799999999999999600e-01
6.829707426856715391e-02,5.999999999999999778e-01
6.831707926981746282e-02,2.200000000000000011e-01
6.833708427106777172e-02,2.200000000000000011e-01
6.835708927231808063e-02,-8.007812500000000000e-02
6.837709427356840342e-02,-6.007812500000000305e-02
6.839709927481871232e-02,-4.400781249999999867e-01
6.841710427606902123e-02,-4.200781250000000244e-01
6.843710927731933014e-02,-8.800781250000000444e-01
6.845711427856965292e-02,-8.800781250000000444e-01
6.847711927981996183e-02,-1.160078125000000071e+00
6.849712428107027073e-02,-1.140078125000000053e+00
6.851712928232057964e-02,-1.420078125000000080e+00
6.853713428357090243e-02,-1.420078125000000080e+00
6.855713928482121133e-02,-1.420078125000000080e+00
6.857714428607152024e-02,-1.600078125000000018e+00
6.859714928732182915e-02,-1.600078125000000018e+00
6.861715428857215193e-02,-1.760078124999999938e+00
6.863715928982246084e-02,-1.760078124999999938e+00
6.865716429107276975e-02,-1.800078124999999973e+00
6.867716929232309253e-02,-1.800078124999999973e+00
6.869717429357340144e-02,-1.820078124999999991e+00
6.871717929482371034e-02,-1.820078124999999991e+00
6.873718429607401925e-02,-1.800078124999999973e+00
6.875718929732434204e-02,-1.800078124999999973e+00
6.877719429857465094e-02,-1.660078125000000071e+00
6.879719929982495985e-02,-1.420078125000000080e+00
6.881720430107526876e-02,-1.460078125000000115e+00
6.883720930232559154e-02,-1.460078125000000115e+00
6.885721430357590045e-02,-1.320078124999999991e+00
6.887721930482620936e-02,-9.200781249999999689e-01
6.889722430607651826e-02,-9.200781249999999689e-01
6.891722930732684105e-02,-6.400781250000000533e-01
6.893723430857714995e-02,-6.600781249999999600e-01
6.895723930982745886e-02,-3.000781250000000289e-01
6.897724431107778165e-02,-3.200781249999999911e-01
6.899724931232809055e-02,4.000000000000000083e-02
6.901725431357839946e-02,2.000000000000000042e-02
6.903725931482870837e-02,3.800000000000000044e-01
6.905726431607903115e-02,3.400000000000000244e-01
6.907726931732934006e-02,7.600000000000000089e-01
6.909727431857964897e-02,7.399999999999999911e-01
6.911727931982995787e-02,1.100000000000000089e+00
6.913728432108028066e-02,1.080000000000000071e+00
6.915728932233058956e-02,1.080000000000000071e+00
6.917729432358089847e-02,1.239999999999999991e+00
6.919729932483120738e-02,1.459999999999999964e+00
6.921730432608153016e-02,1.459999999999999964e+00
6.923730932733183907e-02,1.459999999999999964e+00
6.925731432858214798e-02,1.540000000000000036e+00
6.927731932983245688e-02,1.540000000000000036e+00
6.929732433108277967e-02,1.620000000000000107e+00
6.931732933233308858e-02,1.620000000000000107e+00
6.933733433358339748e-02,1.580000000000000071e+00
6.935733933483372027e-02,1.580000000000000071e+00
6.937734433608402917e-02,1.479999999999999982e+00
6.939734933733433808e-02,1.479999999999999982e+00
6.941735433858464699e-02,1.340000000000000080e+00
6.943735933983496977e-02,1.080000000000000071e+00
6.945736434108527868e-02,1.080000000000000071e+00
6.947736934233558759e-02,8.000000000000000444e-01
6.949737434358589649e-02,8.200000000000000622e-01
6.951737934483621928e-02,5.000000000000000000e-01
6.953738434608652819e-02,5.400000000000000355e-01
6.955738934733683709e-02,2.000000000000000111e-01
6.957739434858714600e-02,2.200000000000000011e-01
6.959739934983746878e-02,-1.600781250000000155e-01
6.961740435108777769e-02,-1.600781250000000155e-01
6.963740935233808660e-02,-5.000781250000000400e-01
6.965741435358840938e-02,-4.800781250000000222e-01
6.967741935483871829e-02,-7.400781250000000311e-01
6.969742435608902720e-02,-7.200781250000000133e-01
6.971742935733933610e-02,-1.100078125000000018e+00
6.973743435858965889e-02,-1.080078125000000000e+00
6.975743935983996780e-02,-1.080078125000000000e+00
6.977744436109027670e-02,-1.280078124999999956e+00
6.979744936234058561e-02,-1.540078124999999964e+00
6.981745436359090839e-02,-1.520078124999999947e+00
6.983745936484121730e-02,-1.520078124999999947e+00
6.985746436609152621e-02,-1.640078125000000053e+00
6.987746936734183512e-02,-1.640078125000000053e+00
6.989747436859215790e-02,-1.700078125000000107e+00
6.991747936984246681e-02,-1.700078125000000107e+00
6.993748437109277571e-02,-1.720078125000000124e+00
6.995748937234308462e-02,-1.720078125000000124e+00
6.997749437359340741e-02,-1.660078125000000071e+00
6.999749937484371631e-02,-1.660078125000000071e+00
7.001750437609402522e-02,-1.560078124999999982e+00
7.003750937734434800e-02,-1.560078124999999982e+00
7.005751437859465691e-02,-1.420078125000000080e+00
7.007751937984496582e-02,-1.200078125000000107e+00
7.009752438109527473e-02,-1.240078124999999920e+00
7.011752938234559751e-02,-9.400781249999999867e-01
7.013753438359590642e-02,-9.400781249999999867e-01
7.015753938484621532e-02,-6.400781250000000533e-01
7.017754438609652423e-02,-6.800781249999999778e-01
7.019754938734684702e-02,-2.200781250000000133e-01
7.021755438859715592e-02,-2.200781250000000133e-01
7.023755938984746483e-02,1.000000000000000056e-01
7.025756439109777374e-02,5.999999999999999778e-02
7.027756939234809652e-02,2.999999999999999889e-01
7.029757439359840543e-02,2.800000000000000266e-01
7.031757939484871434e-02,7.000000000000000666e-01
7.033758439609903712e-02,6.600000000000000311e-01
7.035758939734934603e-02,8.800000000000000044e-01
7.037759439859965493e-02,8.399999999999999689e-01
7.039759939984996384e-02,1.140000000000000124e+00
7.041760440110028663e-02,1.140000000000000124e+00
7.043760940235059553e-02,1.360000000000000098e+00
7.045761440360090444e-02,1.320000000000000062e+00
7.047761940485121335e-02,1.320000000000000062e+00
7.049762440610153613e-02,1.439999999999999947e+00
7.051762940735184504e-02,1.439999999999999947e+00
7.053763440860215395e-02,1.439999999999999947e+00
7.055763940985246285e-02,1.439999999999999947e+00
7.057764441110278564e-02,1.459999999999999964e+00
7.059764941235309454e-02,1.459999999999999964e+00
7.061765441360340345e-02,1.360000000000000098e+00
7.063765941485371236e-02,1.360000000000000098e+00
7.065766441610403514e-02,1.239999999999999991e+00
7.067766941735434405e-02,1.000000000000000000e+00
7.069767441860465296e-02,1.020000000000000018e+00
7.071767941985497574e-02,7.800000000000000266e-01
7.073768442110528465e-02,8.200000000000000622e-01
7.075768942235559356e-02,5.000000000000000000e-01
7.077769442360590246e-02,5.400000000000000355e-01
7.079769942485622525e-02,1.600000000000000033e-01
7.081770442610653415e-02,1.799999999999999933e-01
7.083770942735684306e-02,-1.200781250000000078e-01
7.085771442860715197e-02,-8.007812500000000000e-02
7.087771942985747475e-02,-3.600781250000000266e-01
7.089772443110778366e-02,-3.400781250000000089e-01
7.091772943235809257e-02,-6.600781249999999600e-01
7.093773443360840147e-02,-6.200781250000000355e-01
7.095773943485872426e-02,-9.000781250000000622e-01
7.097774443610903317e-02,-9.000781250000000622e-01
7.099774943735934207e-02,-1.200078125000000107e+00
7.101775443860966486e-02,-1.200078125000000107e+00
7.103775943985997376e-02,-1.200078125000000107e+00
7.105776444111028267e-02,-1.360078125000000027e+00
7.107776944236059158e-02,-1.360078125000000027e+00
7.109777444361091436e-02,-1.480078125000000133e+00
7.111777944486122327e-02,-1.480078125000000133e+00
7.113778444611153218e-02,-1.560078124999999982e+00
7.115778944736184108e-02,-1.560078124999999982e+00
7.117779444861216387e-02,-1.580078125000000000e+00
7.119779944986247278e-02,-1.580078125000000000e+00
7.121780445111278168e-02,-1.520078124999999947e+00
7.123780945236309059e-02,-1.520078124999999947e+00
7.125781445361341337e-02,-1.460078125000000115e+00
7.127781945486372228e-02,-1.460078125000000115e+00
7.129782445611403119e-02,-1.280078124999999956e+00
7.131782945736434010e-02,-1.060078124999999982e+00
7.133783445861466288e-02,-1.080078125000000000e+00
7.135783945986497179e-02,-8.600781250000000266e-01
7.137784446111528069e-02,-8.800781250000000444e-01
7.139784946236560348e-02,-5.600781249999999822e-01
7.141785446361591239e-02,-5.600781249999999822e-01
7.143785946486622129e-02,-2.800781250000000111e-01
7.145786446611653020e-02,-2.800781250000000111e-01
7.147786946736685298e-02,-2.007812499999999875e-02
7.149787446861716189e-02,-4.007812499999999917e-02
7.151787946986747080e-02,2.999999999999999889e-01
7.153788447111777971e-02,2.600000000000000089e-01
7.155788947236810249e-02,5.200000000000000178e-01
7.157789447361841140e-02,5.000000000000000000e-01
7.159789947486872030e-02,7.800000000000000266e-01
7.161790447611902921e-02,7.600000000000000089e-01
7.163790947736935200e-02,1.040000000000000036e+00
7.165791447861966090e-02,1.040000000000000036e+00
7.167791947986996981e-02,1.040000000000000036e+00
7.169792448112027872e-02,1.140000000000000124e+00
7.171792948237060150e-02,1.140000000000000124e+00
7.173793448362091041e-02,1.260000000000000009e+00
7.175793948487121932e-02,1.260000000000000009e+00
7.177794448612154210e-02,1.320000000000000062e+00
7.179794948737185101e-02,1.320000000000000062e+00
7.181795448862215991e-02,1.280000000000000027e+00
7.183795948987246882e-02,1.280000000000000027e+00
7.185796449112279161e-02,1.239999999999999991e+00
7.187796949237310051e-02,1.239999999999999991e+00
7.189797449362340942e-02,1.140000000000000124e+00
7.191797949487371833e-02,1.140000000000000124e+00
7.193798449612404111e-02,9.799999999999999822e-01
7.195798949737435002e-02,7.199999999999999734e-01
7.197799449862465893e-02,7.399999999999999911e-01
7.199799949987496783e-02,5.000000000000000000e-01
7.201800450112529062e-02,5.000000000000000000e-01
7.203800950237559952e-02,1.600000000000000033e-01
7.205801450362590843e-02,1.799999999999999933e-01
7.207801950487623122e-02,-8.007812500000000000e-02
7.209802450612654012e-02,-6.007812500000000305e-02
7.211802950737684903e-02,-3.800781249999999889e-01
7.213803450862715794e-02,-3.600781250000000266e-01
7.215803950987748072e-02,-3.600781250000000266e-01
7.217804451112778963e-02,-5.400781249999999645e-01
7.219804951237809854e-02,-9.000781250000000622e-01
7.221805451362840744e-02,-8.800781250000000444e-01
7.223805951487873023e-02,-8.800781250000000444e-01
7.225806451612903913e-02,-1.040078124999999964e+00
7.227806951737934804e-02,-1.040078124999999964e+00
7.229807451862965695e-02,-1.200078125000000107e+00
7.231807951987997973e-02,-1.200078125000000107e+00
7.233808452113028864e-02,-1.340078125000000009e+00
7.235808952238059755e-02,-1.340078125000000009e+00
7.237809452363090645e-02,-1.420078125000000080e+00
7.239809952488122924e-02,-1.420078125000000080e+00
7.241810452613153815e-02,-1.440078125000000098e+00
7.243810952738184705e-02,-1.440078125000000098e+00
7.245811452863216984e-02,-1.400078125000000062e+00
7.247811952988247874e-02,-1.400078125000000062e+00
7.249812453113278765e-02,-1.320078124999999991e+00
7.251812953238309656e-02,-1.320078124999999991e+00
7.253813453363341934e-02,-1.220078125000000124e+00
7.255813953488372825e-02,-1.000078124999999929e+00
7.257814453613403716e-02,-1.000078124999999929e+00
7.259814953738434606e-02,-1.000078124999999929e+00
7.261815453863466885e-02,-8.000781249999999734e-01
7.263815953988497776e-02,-5.600781249999999822e-01
7.265816454113528666e-02,-5.600781249999999822e-01
7.267816954238559557e-02,-5.600781249999999822e-01
7.269817454363591835e-02,-3.800781249999999889e-01
7.271817954488622726e-02,-6.007812500000000305e-02
7.273818454613653617e-02,-6.007812500000000305e-02
7.275818954738685895e-02,2.600000000000000089e-01
7.277819454863716786e-02,2.600000000000000089e-01
7.279819954988747677e-02,5.400000000000000355e-01
7.281820455113778567e-02,5.000000000000000000e-01
7.283820955238810846e-02,7.199999999999999734e-01
7.285821455363841737e-02,7.199999999999999734e-01
7.287821955488872627e-02,7.199999999999999734e-01
7.289822455613903518e-02,9.000000000000000222e-01
7.291822955738935796e-02,9.000000000000000222e-01
7.293823455863966687e-02,1.040000000000000036e+00
7.295823955988997578e-02,1.040000000000000036e+00
7.297824456114028469e-02,1.120000000000000107e+00
7.299824956239060747e-02,1.120000000000000107e+00
7.301825456364091638e-02,1.179999999999999938e+00
7.303825956489122528e-02,1.179999999999999938e+00
7.305826456614153419e-02,1.179999999999999938e+00
7.307826956739185698e-02,1.179999999999999938e+00
7.309827456864216588e-02,1.120000000000000107e+00
7.311827956989247479e-02,1.120000000000000107e+00
7.313828457114279757e-02,1.040000000000000036e+00
7.315828957239310648e-02,8.200000000000000622e-01
7.317829457364341539e-02,8.200000000000000622e-01
7.319829957489372430e-02,8.200000000000000622e-01
7.321830457614404708e-02,7.199999999999999734e-01
7.323830957739435599e-02,5.000000000000000000e-01
7.325831457864466489e-02,5.200000000000000178e-01
7.327831957989497380e-02,1.799999999999999933e-01
7.329832458114529659e-02,2.200000000000000011e-01
7.331832958239560549e-02,2.200000000000000011e-01
7.333833458364591440e-02,5.999999999999999778e-02
7.335833958489622331e-02,-2.400781250000000033e-01
7.337834458614654609e-02,-2.400781250000000033e-01
7.339834958739685500e-02,-5.800781250000000000e-01
7.341835458864716391e-02,-5.400781249999999645e-01
7.343835958989748669e-02,-7.600781250000000488e-01
7.345836459114779560e-02,-7.400781250000000311e-01
7.347836959239810450e-02,-7.400781250000000311e-01
7.349837459364841341e-02,-8.800781250000000444e-01
7.351837959489873620e-02,-1.100078125000000018e+00
7.353838459614904510e-02,-1.100078125000000018e+00
7.355838959739935401e-02,-1.100078125000000018e+00
7.357839459864966292e-02,-1.240078124999999920e+00
7.359839959989998570e-02,-1.240078124999999920e+00
7.361840460115029461e-02,-1.300078124999999973e+00
7.363840960240060352e-02,-1.300078124999999973e+00
7.365841460365091242e-02,-1.320078124999999991e+00
7.367841960490123521e-02,-1.320078124999999991e+00
7.369842460615154411e-02,-1.300078124999999973e+00
7.371842960740185302e-02,-1.300078124999999973e+00
7.373843460865216193e-02,-1.240078124999999920e+00
7.375843960990248471e-02,-1.240078124999999920e+00
7.377844461115279362e-02,-1.140078125000000053e+00
7.379844961240310253e-02,-1.140078125000000053e+00
7.381845461365342531e-02,-1.000078124999999929e+00
7.383845961490373422e-02,-1.000078124999999929e+00
7.385846461615404313e-02,-8.000781249999999734e-01
7.387846961740435203e-02,-5.800781250000000000e-01
7.389847461865467482e-02,-6.200781250000000355e-01
7.391847961990498372e-02,-2.800781250000000111e-01
7.393848462115529263e-02,-3.200781249999999911e-01
7.395848962240560154e-02,-8.007812500000000000e-02
7.397849462365592432e-02,-8.007812500000000000e-02
7.399849962490623323e-02,1.400000000000000133e-01
7.401850462615654214e-02,1.400000000000000133e-01
7.403850962740685104e-02,4.199999999999999845e-01
7.405851462865717383e-02,4.000000000000000222e-01
7.407851962990748274e-02,6.400000000000000133e-01
7.409852463115779164e-02,5.999999999999999778e-01
7.411852963240811443e-02,8.800000000000000044e-01
7.413853463365842333e-02,8.599999999999999867e-01
7.415853963490873224e-02,8.599999999999999867e-01
7.417854463615904115e-02,9.799999999999999822e-01
7.419854963740936393e-02,9.799999999999999822e-01
7.421855463865967284e-02,1.060000000000000053e+00
7.423855963990998175e-02,1.060000000000000053e+00
7.425856464116029065e-02,1.140000000000000124e+00
7.427856964241061344e-02,1.140000000000000124e+00
7.429857464366092235e-02,1.140000000000000124e+00
7.431857964491123125e-02,1.140000000000000124e+00
7.433858464616154016e-02,1.120000000000000107e+00
7.435858964741186294e-02,1.120000000000000107e+00
7.437859464866217185e-02,1.020000000000000018e+00
7.439859964991248076e-02,1.020000000000000018e+00
7.441860465116278966e-02,9.000000000000000222e-01
7.443860965241311245e-02,9.000000000000000222e-01
7.445861465366342136e-02,7.199999999999999734e-01
7.447861965491373026e-02,5.000000000000000000e-01
7.449862465616405305e-02,5.000000000000000000e-01
7.451862965741436196e-02,2.600000000000000089e-01
7.453863465866467086e-02,2.600000000000000089e-01
7.455863965991497977e-02,0.000000000000000000e+00
7.457864466116530255e-02,2.000000000000000042e-02
7.459864966241561146e-02,-2.600781249999999933e-01
7.461865466366592037e-02,-2.600781249999999933e-01
7.463865966491622927e-02,-5.800781250000000000e-01
7.465866466616655206e-02,-5.400781249999999645e-01
7.467866966741686097e-02,-7.800781250000000666e-01
7.469867466866716987e-02,-7.600781250000000488e-01
7.471867966991747878e-02,-7.600781250000000488e-01
7.473868467116780157e-02,-9.400781249999999867e-01
7.475868967241811047e-02,-9.400781249999999867e-01
7.477869467366841938e-02,-1.100078125000000018e+00
7.479869967491874216e-02,-1.100078125000000018e+00
7.481870467616905107e-02,-1.200078125000000107e+00
7.483870967741935998e-02,-1.200078125000000107e+00
7.485871467866966888e-02,-1.300078124999999973e+00
7.487871967991999167e-02,-1.300078124999999973e+00
7.489872468117030058e-02,-1.340078125000000009e+00
7.491872968242060948e-02,-1.340078125000000009e+00
7.493873468367091839e-02,-1.320078124999999991e+00
7.495873968492124118e-02,-1.320078124999999991e+00
7.497874468617155008e-02,-1.280078124999999956e+00
7.499874968742185899e-02,-1.280078124999999956e+00
7.501875468867216790e-02,-1.140078125000000053e+00
7.503875968992249068e-02,-1.140078125000000053e+00
7.505876469117279959e-02,-1.040078124999999964e+00
7.507876969242310849e-02,-1.040078124999999964e+00
7.509877469367341740e-02,-8.400781250000000089e-01
7.511877969492374019e-02,-5.800781250000000000e-01
7.513878469617404909e-02,-6.200781250000000355e-01
7.515878969742435800e-02,-3.800781249999999889e-01
7.517879469867468079e-02,-3.800781249999999889e-01
7.519879969992498969e-02,-6.007812500000000305e-02
7.521880470117529860e-02,-8.007812500000000000e-02
7.523880970242560751e-02,2.399999999999999911e-01
7.525881470367593029e-02,2.200000000000000011e-01
7.527881970492623920e-02,4.799999999999999822e-01
7.529882470617654810e-02,4.600000000000000200e-01
7.531882970742685701e-02,6.800000000000000488e-01
7.533883470867717980e-02,6.600000000000000311e-01
7.535883970992748870e-02,6.600000000000000311e-01
7.537884471117779761e-02,8.000000000000000444e-01
7.539884971242810652e-02,1.020000000000000018e+00
7.541885471367842930e-02,1.020000000000000018e+00
7.543885971492873821e-02,1.020000000000000018e+00
7.545886471617904712e-02,1.080000000000000071e+00
7.547886971742936990e-02,1.080000000000000071e+00
7.549887471867967881e-02,1.179999999999999938e+00
7.551887971992998771e-02,1.179999999999999938e+00
7.553888472118029662e-02,1.159999999999999920e+00
7.555888972243061941e-02,1.159999999999999920e+00
7.557889472368092831e-02,1.159999999999999920e+00
7.559889972493123722e-02,1.159999999999999920e+00
7.561890472618154613e-02,1.040000000000000036e+00
7.563890972743186891e-02,1.040000000000000036e+00
7.565891472868217782e-02,1.000000000000000000e+00
7.567891972993248673e-02,7.800000000000000266e-01
7.569892473118279563e-02,8.000000000000000444e-01
7.571892973243311842e-02,5.200000000000000178e-01
7.573893473368342732e-02,5.200000000000000178e-01
7.575893973493373623e-02,2.600000000000000089e-01
7.577894473618404514e-02,2.800000000000000266e-01
7.579894973743436792e-02,5.999999999999999778e-02
7.581895473868467683e-02,5.999999999999999778e-02
7.583895973993498574e-02,-2.800781250000000111e-01
7.585896474118530852e-02,-2.400781250000000033e-01
7.587896974243561743e-02,-5.400781249999999645e-01
7.589897474368592634e-02,-5.200781250000000577e-01
7.591897974493623524e-02,-8.200781249999999911e-01
7.593898474618655803e-02,-8.000781249999999734e-01
7.595898974743686694e-02,-8.000781249999999734e-01
7.597899474868717584e-02,-9.800781250000000222e-01
7.599899974993748475e-02,-1.200078125000000107e+00
7.601900475118780753e-02,-1.180078125000000089e+00
7.603900975243811644e-02,-1.180078125000000089e+00
7.605901475368842535e-02,-1.260078124999999938e+00
7.607901975493873425e-02,-1.260078124999999938e+00
7.609902475618905704e-02,-1.400078125000000062e+00
7.611902975743936595e-02,-1.400078125000000062e+00
7.613903475868967485e-02,-1.440078125000000098e+00
7.615903975993999764e-02,-1.440078125000000098e+00
7.617904476119030655e-02,-1.420078125000000080e+00
7.619904976244061545e-02,-1.420078125000000080e+00
7.621905476369092436e-02,-1.360078125000000027e+00
7.623905976494124714e-02,-1.360078125000000027e+00
7.625906476619155605e-02,-1.280078124999999956e+00
7.627906976744186496e-02,-1.040078124999999964e+00
7.629907476869217386e-02,-1.040078124999999964e+00
7.631907976994249665e-02,-1.040078124999999964e+00
7.633908477119280556e-02,-8.800781250000000444e-01
7.635908977244311446e-02,-8.800781250000000444e-01
7.637909477369342337e-02,-7.000781249999999956e-01
7.639909977494374616e-02,-4.400781249999999867e-01
7.641910477619405506e-02,-4.600781250000000044e-01
7.643910977744436397e-02,-1.400781249999999978e-01
7.645911477869467288e-02,-1.800781250000000056e-01
7.647911977994499566e-02,1.799999999999999933e-01
7.649912478119530457e-02,1.600000000000000033e-01
7.651912978244561347e-02,4.199999999999999845e-01
7.653913478369593626e-02,4.000000000000000222e-01
7.655913978494624517e-02,6.800000000000000488e-01
7.657914478619655407e-02,6.800000000000000488e-01
7.659914978744686298e-02,9.599999999999999645e-01
7.661915478869718577e-02,9.400000000000000577e-01
7.663915978994749467e-02,9.400000000000000577e-01
7.665916479119780358e-02,1.080000000000000071e+00
7.667916979244811249e-02,1.080000000000000071e+00
7.669917479369843527e-02,1.219999999999999973e+00
7.671917979494874418e-02,1.219999999999999973e+00
7.673918479619905308e-02,1.300000000000000044e+00
7.675918979744936199e-02,1.300000000000000044e+00
7.677919479869968478e-02,1.300000000000000044e+00
7.679919979994999368e-02,1.300000000000000044e+00
7.681920480120030259e-02,1.280000000000000027e+00
7.683920980245062538e-02,1.280000000000000027e+00
7.685921480370093428e-02,1.219999999999999973e+00
7.687921980495124319e-02,1.219999999999999973e+00
7.689922480620155210e-02,1.100000000000000089e+00
7.691922980745187488e-02,8.800000000000000044e-01
7.693923480870218379e-02,9.000000000000000222e-01
7.695923980995249269e-02,5.600000000000000533e-01
7.697924481120280160e-02,5.799999999999999600e-01
7.699924981245312439e-02,3.200000000000000067e-01
7.701925481370343329e-02,3.200000000000000067e-01
7.703925981495374220e-02,5.999999999999999778e-02
7.705926481620405111e-02,8.000000000000000167e-02
7.707926981745437389e-02,-2.400781250000000033e-01
7.709927481870468280e-02,-2.200781250000000133e-01
7.711927981995499171e-02,-4.600781250000000044e-01
7.713928482120530061e-02,-4.600781250000000044e-01
7.715928982245562340e-02,-7.600781250000000488e-01
7.717929482370593230e-02,-7.400781250000000311e-01
7.719929982495624121e-02,-1.060078124999999982e+00
7.721930482620656400e-02,-1.040078124999999964e+00
7.723930982745687290e-02,-1.320078124999999991e+00
7.725931482870718181e-02,-1.300078124999999973e+00
7.727931982995749072e-02,-1.300078124999999973e+00
7.729932483120781350e-02,-1.440078125000000098e+00
7.731932983245812241e-02,-1.440078125000000098e+00
7.733933483370843132e-02,-1.520078124999999947e+00
7.735933983495874022e-02,-1.520078124999999947e+00
7.737934483620906301e-02,-1.560078124999999982e+00
7.739934983745937191e-02,-1.560078124999999982e+00
7.741935483870968082e-02,-1.600078125000000018e+00
7.743935983995998973e-02,-1.600078125000000018e+00
7.745936484121031251e-02,-1.520078124999999947e+00
7.747936984246062142e-02,-1.520078124999999947e+00
7.749937484371093033e-02,-1.440078125000000098e+00
7.751937984496125311e-02,-1.180078125000000089e+00
7.753938484621156202e-02,-1.200078125000000107e+00
7.755938984746187093e-02,-9.800781250000000222e-01
7.757939484871217983e-02,-1.000078124999999929e+00
7.759939984996250262e-02,-7.200781250000000133e-01
7.761940485121281152e-02,-7.600781250000000488e-01
7.763940985246312043e-02,-5.000781250000000400e-01
7.765941485371342934e-02,-5.000781250000000400e-01
7.767941985496375212e-02,-8.007812500000000000e-02
7.769942485621406103e-02,-8.007812500000000000e-02
7.771942985746436994e-02,1.199999999999999956e-01
7.773943485871467884e-02,1.199999999999999956e-01
7.775943985996500163e-02,5.400000000000000355e-01
7.777944486121531054e-02,5.400000000000000355e-01
7.779944986246561944e-02,7.600000000000000089e-01
7.781945486371592835e-02,7.600000000000000089e-01
7.783945986496625113e-02,1.080000000000000071e+00
7.785946486621656004e-02,1.060000000000000053e+00
7.787946986746686895e-02,1.060000000000000053e+00
7.789947486871719173e-02,1.219999999999999973e+00
7.791947986996750064e-02,1.219999999999999973e+00
7.793948487121780955e-02,1.340000000000000080e+00
7.795948987246811845e-02,1.340000000000000080e+00
7.797949487371844124e-02,1.459999999999999964e+00
7.799949987496875015e-02,1.459999999999999964e+00
7.801950487621905905e-02,1.500000000000000000e+00
7.803950987746936796e-02,1.500000000000000000e+00
7.805951487871969074e-02,1.439999999999999947e+00
7.807951987996999965e-02,1.439999999999999947e+00
7.809952488122030856e-02,1.360000000000000098e+00
7.811952988247061747e-02,1.360000000000000098e+00
7.813953488372094025e-02,1.219999999999999973e+00
7.815953988497124916e-02,1.219999999999999973e+00
7.817954488622155806e-02,1.040000000000000036e+00
7.819954988747188085e-02,7.000000000000000666e-01
7.821955488872218976e-02,7.399999999999999911e-01
7.823955988997249866e-02,3.800000000000000044e-01
7.825956489122280757e-02,3.800000000000000044e-01
7.827956989247313035e-02,1.000000000000000056e-01
7.829957489372343926e-02,1.199999999999999956e-01
7.831957989497374817e-02,-1.400781249999999978e-01
7.833958489622405708e-02,-1.200781250000000078e-01
7.835958989747437986e-02,-5.200781250000000577e-01
7.837959489872468877e-02,-5.000781250000000400e-01
7.839959989997499767e-02,-8.600781250000000266e-01
7.841960490122530658e-02,-8.400781250000000089e-01
7.843960990247562937e-02,-1.080078125000000000e+00
7.845961490372593827e-02,-1.080078125000000000e+00
7.847961990497624718e-02,-1.340078125000000009e+00
7.849962490622655609e-02,-1.340078125000000009e+00
7.851962990747687887e-02,-1.580078125000000000e+00
7.853963490872718778e-02,-1.580078125000000000e+00
7.855963990997749669e-02,-1.580078125000000000e+00
7.857964491122781947e-02,-1.660078125000000071e+00
7.859964991247812838e-02,-1.660078125000000071e+00
7.861965491372843728e-02,-1.720078125000000124e+00
7.863965991497874619e-02,-1.720078125000000124e+00
7.865966491622906898e-02,-1.740078125000000142e+00
7.867966991747937788e-02,-1.740078125000000142e+00
7.869967491872968679e-02,-1.660078125000000071e+00
7.871967991997999570e-02,-1.660078125000000071e+00
7.873968492123031848e-02,-1.560078124999999982e+00
7.875968992248062739e-02,-1.560078124999999982e+00
7.877969492373093630e-02,-1.380078125000000044e+00
7.879969992498124520e-02,-1.140078125000000053e+00
7.881970492623156799e-02,-1.160078125000000071e+00
7.883970992748187689e-02,-8.000781249999999734e-01
7.885971492873218580e-02,-8.000781249999999734e-01
7.887971992998250859e-02,-4.400781249999999867e-01
7.889972493123281749e-02,-4.600781250000000044e-01
7.891972993248312640e-02,-1.600781250000000155e-01
7.893973493373343531e-02,-1.600781250000000155e-01
7.895973993498375809e-02,1.199999999999999956e-01
7.897974493623406700e-02,1.000000000000000056e-01
7.899974993748437591e-02,5.799999999999999600e-01
7.901975493873468481e-02,5.600000000000000533e-01
7.903975993998500760e-02,8.399999999999999689e-01
7.905976494123531650e-02,8.000000000000000444e-01
7.907976994248562541e-02,1.080000000000000071e+00
7.909977494373593432e-02,1.060000000000000053e+00
7.911977994498625710e-02,1.300000000000000044e+00
7.913978494623656601e-02,1.280000000000000027e+00
7.915978994748687492e-02,1.500000000000000000e+00
7.917979494873718382e-02,1.459999999999999964e+00
7.919979994998750661e-02,1.459999999999999964e+00
7.921980495123781552e-02,1.560000000000000053e+00
7.923980995248812442e-02,1.560000000000000053e+00
7.925981495373844721e-02,1.620000000000000107e+00
7.927981995498875611e-02,1.620000000000000107e+00
7.929982495623906502e-02,1.580000000000000071e+00
7.931982995748937393e-02,1.580000000000000071e+00
7.933983495873969671e-02,1.439999999999999947e+00
7.935983995999000562e-02,1.439999999999999947e+00
7.937984496124031453e-02,1.320000000000000062e+00
7.939984996249062343e-02,1.060000000000000053e+00
7.941985496374094622e-02,1.080000000000000071e+00
7.943985996499125513e-02,8.599999999999999867e-01
7.945986496624156403e-02,8.599999999999999867e-01
7.947986996749187294e-02,4.199999999999999845e-01
7.949987496874219572e-02,4.600000000000000200e-01
7.951987996999250463e-02,1.199999999999999956e-01
7.953988497124281354e-02,1.199999999999999956e-01
7.955988997249313632e-02,-2.600781249999999933e-01
7.957989497374344523e-02,-2.600781249999999933e-01
7.959989997499375414e-02,-5.800781250000000000e-01
7.961990497624406304e-02,-5.800781250000000000e-01
7.963990997749438583e-02,-9.600781250000000044e-01
7.965991497874469474e-02,-9.200781249999999689e-01
7.967991997999500364e-02,-1.260078124999999938e+00
7.969992498124531255e-02,-1.240078124999999920e+00
7.971992998249563533e-02,-1.500078124999999929e+00
7.973993498374594424e-02,-1.460078125000000115e+00
7.975993998499625315e-02,-1.460078125000000115e+00
7.977994498624656206e-02,-1.660078125000000071e+00
7.979994998749688484e-02,-1.660078125000000071e+00
7.981995498874719375e-02,-1.760078124999999938e+00
7.983995998999750265e-02,-1.760078124999999938e+00
7.985996499124781156e-02,-1.800078124999999973e+00
7.987996999249813435e-02,-1.800078124999999973e+00
7.989997499374844325e-02,-1.840078125000000009e+00
7.991997999499875216e-02,-1.840078125000000009e+00
7.993998499624907494e-02,-1.740078125000000142e+00
7.995998999749938385e-02,-1.740078125000000142e+00
7.997999499874969276e-02,-1.640078125000000053e+00
8.000000000000000167e-02,-1.640078125000000053e+00
