0.000000000000000000e+00,2.280000000000000249e+00
4.001000250062516068e-07,2.280000000000000249e+00
8.002000500125032135e-07,1.959999999999999964e+00
1.200300075018754714e-06,-2.280156250000000107e+00
1.600400100025006427e-06,2.280000000000000249e+00
2.000500125031258140e-06,-2.280156250000000107e+00
2.400600150037509429e-06,-2.240156250000000071e+00
2.800700175043761141e-06,2.280000000000000249e+00
3.200800200050012854e-06,-2.280156250000000107e+00
3.600900225056264567e-06,2.080000000000000071e+00
4.001000250062516279e-06,2.080000000000000071e+00
4.401100275068767569e-06,-2.280156250000000107e+00
4.801200300075018858e-06,2.280000000000000249e+00
5.201300325081270994e-06,-2.280156250000000107e+00
5.601400350087522283e-06,2.280000000000000249e+00
6.001500375093774419e-06,-1.720156250000000053e+00
6.401600400100025708e-06,-2.280156250000000107e+00
6.801700425106276997e-06,2.320000000000000284e+00
7.201800450112529134e-06,2.040000000000000036e+00
7.601900475118780423e-06,-2.280156250000000107e+00
8.002000500125032559e-06,2.280000000000000249e+00
8.402100525131283001e-06,-2.280156250000000107e+00
8.802200550137535137e-06,-1.680156250000000018e+00
9.202300575143787273e-06,2.280000000000000249e+00
9.602400600150037715e-06,-2.320156250000000142e+00
1.000250062515628985e-05,2.280000000000000249e+00
1.040260065016254199e-05,-2.280156250000000107e+00
1.080270067516879412e-05,2.280000000000000249e+00
1.120280070017504457e-05,1.719999999999999973e+00
1.160290072518129670e-05,-2.280156250000000107e+00
1.200300075018754884e-05,2.320000000000000284e+00
1.240310077519379928e-05,-2.280156250000000107e+00
1.280320080020005142e-05,-1.440156250000000027e+00
1.320330082520630355e-05,2.320000000000000284e+00
1.360340085021255399e-05,-2.280156250000000107e+00
1.400350087521880613e-05,2.280000000000000249e+00
1.440360090022505827e-05,2.240000000000000213e+00
1.480370092523130871e-05,-2.280156250000000107e+00
1.520380095023756085e-05,2.200000000000000178e+00
1.560390097524381298e-05,-2.280156250000000107e+00
1.600400100025006512e-05,-2.280156250000000107e+00
1.640410102525631725e-05,2.280000000000000249e+00
1.680420105026256600e-05,-2.280156250000000107e+00
1.720430107526881814e-05,2.280000000000000249e+00
1.760440110027507027e-05,-2.280156250000000107e+00
1.800450112528132241e-05,2.280000000000000249e+00
1.840460115028757455e-05,1.880000000000000115e+00
1.880470117529382668e-05,-2.280156250000000107e+00
1.920480120030007543e-05,2.280000000000000249e+00
1.960490122530632757e-05,-2.280156250000000107e+00
2.000500125031257970e-05,-1.840156249999999938e+00
2.040510127531883184e-05,2.280000000000000249e+00
2.080520130032508398e-05,-2.280156250000000107e+00
2.120530132533133611e-05,2.280000000000000249e+00
2.160540135033758825e-05,-2.280156250000000107e+00
2.200550137534383700e-05,2.280000000000000249e+00
2.240560140035008913e-05,2.240000000000000213e+00
2.280570142535634127e-05,-2.280156250000000107e+00
2.320580145036259340e-05,2.280000000000000249e+00
2.360590147536884554e-05,-2.280156250000000107e+00
2.400600150037509768e-05,-1.280156249999999885e+00
2.440610152538134642e-05,2.280000000000000249e+00
2.480620155038759856e-05,-2.280156250000000107e+00
2.520630157539385070e-05,2.280000000000000249e+00
2.560640160040010283e-05,-2.280156250000000107e+00
2.600650162540635497e-05,2.240000000000000213e+00
2.640660165041260711e-05,2.240000000000000213e+00
2.680670167541885924e-05,-2.280156250000000107e+00
2.720680170042510799e-05,2.280000000000000249e+00
2.760690172543136013e-05,-2.280156250000000107e+00
2.800700175043761226e-05,-2.080156249999999929e+00
2.840710177544386440e-05,2.320000000000000284e+00
2.880720180045011653e-05,-2.280156250000000107e+00
2.920730182545636867e-05,2.320000000000000284e+00
2.960740185046261742e-05,2.080000000000000071e+00
3.000750187546886955e-05,-2.280156250000000107e+00
3.040760190047512169e-05,1.880000000000000115e+00
3.080770192548137383e-05,-2.280156250000000107e+00
3.120780195048762596e-05,2.280000000000000249e+00
3.160790197549387810e-05,-2.280156250000000107e+00
3.200800200050013024e-05,-2.280156250000000107e+00
3.240810202550638237e-05,2.280000000000000249e+00
3.280820205051263451e-05,-2.280156250000000107e+00
3.320830207551888664e-05,2.280000000000000249e+00
3.360840210052513200e-05,-2.280156250000000107e+00
3.400850212553138414e-05,2.240000000000000213e+00
3.440860215053763628e-05,2.240000000000000213e+00
3.480870217554388841e-05,-2.280156250000000107e+00
3.520880220055014055e-05,2.280000000000000249e+00
3.560890222555639268e-05,-2.280156250000000107e+00
3.600900225056264482e-05,2.280000000000000249e+00
3.640910227556889696e-05,-2.280156250000000107e+00
3.680920230057514909e-05,-2.120156249999999964e+00
3.720930232558140123e-05,2.280000000000000249e+00
3.760940235058765337e-05,-1.920156250000000009e+00
3.800950237559390550e-05,2.280000000000000249e+00
3.840960240060015086e-05,2.120000000000000107e+00
3.880970242560640300e-05,-2.280156250000000107e+00
3.920980245061265513e-05,2.280000000000000249e+00
3.960990247561890727e-05,-2.280156250000000107e+00
4.001000250062515941e-05,2.280000000000000249e+00
4.041010252563141154e-05,-2.080156249999999929e+00
4.081020255063766368e-05,-2.120156249999999964e+00
4.121030257564391581e-05,2.280000000000000249e+00
4.161040260065016795e-05,-2.280156250000000107e+00
4.201050262565642009e-05,2.280000000000000249e+00
4.241060265066267222e-05,-2.280156250000000107e+00
4.281070267566892436e-05,2.320000000000000284e+00
4.321080270067517650e-05,8.800000000000000044e-01
4.361090272568142186e-05,-2.280156250000000107e+00
4.401100275068767399e-05,2.280000000000000249e+00
4.441110277569392613e-05,-2.280156250000000107e+00
4.481120280070017826e-05,2.280000000000000249e+00
4.521130282570643040e-05,-2.240156250000000071e+00
4.561140285071268254e-05,-2.240156250000000071e+00
4.601150287571893467e-05,2.280000000000000249e+00
4.641160290072518681e-05,-2.240156250000000071e+00
4.681170292573143894e-05,2.320000000000000284e+00
4.721180295073769108e-05,-2.280156250000000107e+00
4.761190297574394322e-05,2.280000000000000249e+00
4.801200300075019535e-05,-2.280156250000000107e+00
4.841210302575644749e-05,2.280000000000000249e+00
4.881220305076269285e-05,2.080000000000000071e+00
4.921230307576894499e-05,-2.280156250000000107e+00
4.961240310077519712e-05,2.280000000000000249e+00
5.001250312578144926e-05,-2.280156250000000107e+00
5.041260315078770139e-05,2.280000000000000249e+00
5.081270317579395353e-05,-2.280156250000000107e+00
5.121280320080020567e-05,-2.280156250000000107e+00
5.161290322580645780e-05,2.280000000000000249e+00
5.201300325081270994e-05,-2.280156250000000107e+00
5.241310327581896207e-05,2.280000000000000249e+00
5.281320330082521421e-05,1.160000000000000142e+00
5.321330332583146635e-05,-2.280156250000000107e+00
5.361340335083771848e-05,2.280000000000000249e+00
5.401350337584396384e-05,-2.280156250000000107e+00
5.441360340085021598e-05,2.280000000000000249e+00
5.481370342585646812e-05,-2.280156250000000107e+00
5.521380345086272025e-05,2.280000000000000249e+00
5.561390347586897239e-05,-2.280156250000000107e+00
5.601400350087522452e-05,-1.960156249999999822e+00
5.641410352588147666e-05,2.280000000000000249e+00
5.681420355088772880e-05,-2.280156250000000107e+00
5.721430357589398093e-05,2.280000000000000249e+00
5.761440360090023307e-05,-2.280156250000000107e+00
5.801450362590648520e-05,2.280000000000000249e+00
5.841460365091273734e-05,2.200000000000000178e+00
5.881470367591898948e-05,-2.280156250000000107e+00
5.921480370092523484e-05,2.280000000000000249e+00
5.961490372593148697e-05,-2.280156250000000107e+00
6.001500375093773911e-05,2.280000000000000249e+00
6.041510377594399125e-05,-2.280156250000000107e+00
6.081520380095024338e-05,2.280000000000000249e+00
6.121530382595650229e-05,-2.280156250000000107e+00
6.161540385096274765e-05,-1.960156249999999822e+00
6.201550387596899301e-05,2.280000000000000249e+00
6.241560390097525193e-05,-2.200156250000000036e+00
6.281570392598149729e-05,2.280000000000000249e+00
6.321580395098775620e-05,-2.240156250000000071e+00
6.361590397599400156e-05,2.200000000000000178e+00
6.401600400100026047e-05,2.240000000000000213e+00
6.441610402600650583e-05,-2.280156250000000107e+00
6.481620405101276474e-05,2.200000000000000178e+00
6.521630407601901010e-05,-2.280156250000000107e+00
6.561640410102526902e-05,2.280000000000000249e+00
6.601650412603151438e-05,-2.280156250000000107e+00
6.641660415103777329e-05,-2.280156250000000107e+00
6.681670417604401865e-05,2.280000000000000249e+00
6.721680420105026401e-05,-2.200156250000000036e+00
6.761690422605652292e-05,2.280000000000000249e+00
6.801700425106276828e-05,-2.200156250000000036e+00
6.841710427606902719e-05,2.280000000000000249e+00
6.881720430107527255e-05,-2.240156250000000071e+00
6.921730432608153146e-05,2.280000000000000249e+00
6.961740435108777682e-05,1.880000000000000115e+00
7.001750437609403574e-05,-2.280156250000000107e+00
7.041760440110028110e-05,2.280000000000000249e+00
7.081770442610654001e-05,-2.280156250000000107e+00
7.121780445111278537e-05,2.280000000000000249e+00
7.161790447611904428e-05,-2.280156250000000107e+00
7.201800450112528964e-05,2.280000000000000249e+00
7.241810452613153500e-05,-2.280156250000000107e+00
7.281820455113779391e-05,2.280000000000000249e+00
7.321830457614403927e-05,-2.240156250000000071e+00
7.361840460115029819e-05,-2.240156250000000071e+00
7.401850462615654355e-05,2.320000000000000284e+00
7.441860465116280246e-05,-2.240156250000000071e+00
7.481870467616904782e-05,2.280000000000000249e+00
7.521880470117530673e-05,-2.280156250000000107e+00
7.561890472618155209e-05,2.240000000000000213e+00
7.601900475118781100e-05,2.240000000000000213e+00
7.641910477619405636e-05,-2.280156250000000107e+00
7.681920480120030172e-05,2.280000000000000249e+00
7.721930482620656064e-05,-2.280156250000000107e+00
7.761940485121280600e-05,2.280000000000000249e+00
7.801950487621906491e-05,-1.600156249999999947e+00
7.841960490122531027e-05,-2.280156250000000107e+00
7.881970492623156918e-05,2.280000000000000249e+00
7.921980495123781454e-05,-2.280156250000000107e+00
7.961990497624407345e-05,2.280000000000000249e+00
8.002000500125031881e-05,-2.280156250000000107e+00
8.042010502625657772e-05,2.280000000000000249e+00
8.082020505126282308e-05,1.400000000000000133e+00
8.122030507626908200e-05,-2.280156250000000107e+00
8.162040510127532736e-05,2.280000000000000249e+00
8.202050512628157272e-05,-2.280156250000000107e+00
8.242060515128783163e-05,2.280000000000000249e+00
8.282070517629407699e-05,-2.280156250000000107e+00
8.322080520130033590e-05,2.280000000000000249e+00
8.362090522630658126e-05,-2.280156250000000107e+00
8.402100525131284017e-05,-2.280156250000000107e+00
8.442110527631908553e-05,2.280000000000000249e+00
8.482120530132534445e-05,-1.880156249999999973e+00
8.522130532633158981e-05,2.280000000000000249e+00
8.562140535133784872e-05,-1.920156250000000009e+00
8.602150537634409408e-05,2.240000000000000213e+00
8.642160540135035299e-05,-2.280156250000000107e+00
8.682170542635659835e-05,2.280000000000000249e+00
8.722180545136284371e-05,1.880000000000000115e+00
8.762190547636910262e-05,-2.280156250000000107e+00
8.802200550137534798e-05,2.280000000000000249e+00
8.842210552638160690e-05,-2.280156250000000107e+00
8.882220555138785226e-05,-1.920156250000000009e+00
8.922230557639411117e-05,2.280000000000000249e+00
8.962240560140035653e-05,-1.400156249999999991e+00
9.002250562640661544e-05,2.280000000000000249e+00
9.042260565141286080e-05,-2.280156250000000107e+00
9.082270567641911971e-05,2.280000000000000249e+00
9.122280570142536507e-05,-2.280156250000000107e+00
9.162290572643162398e-05,2.280000000000000249e+00
9.202300575143786934e-05,1.880000000000000115e+00
9.242310577644411470e-05,-2.280156250000000107e+00
9.282320580145037362e-05,2.080000000000000071e+00
9.322330582645661898e-05,-2.280156250000000107e+00
9.362340585146287789e-05,2.280000000000000249e+00
9.402350587646912325e-05,-2.280156250000000107e+00
9.442360590147538216e-05,2.280000000000000249e+00
9.482370592648162752e-05,-1.840156249999999938e+00
9.522380595148788643e-05,-1.880156249999999973e+00
9.562390597649413179e-05,2.280000000000000249e+00
9.602400600150039071e-05,-2.000156249999999858e+00
9.642410602650663607e-05,2.280000000000000249e+00
9.682420605151289498e-05,-2.280156250000000107e+00
9.722430607651914034e-05,2.280000000000000249e+00
9.762440610152538570e-05,-2.280156250000000107e+00
9.802450612653164461e-05,2.280000000000000249e+00
9.842460615153788997e-05,2.240000000000000213e+00
9.882470617654414888e-05,-2.240156250000000071e+00
9.922480620155039424e-05,2.280000000000000249e+00
9.962490622655665316e-05,-2.280156250000000107e+00
1.000250062515628985e-04,2.280000000000000249e+00
1.004251062765691574e-04,-2.240156250000000071e+00
1.008252063015754028e-04,-2.240156250000000071e+00
1.012253063265816617e-04,2.280000000000000249e+00
1.016254063515879071e-04,-2.280156250000000107e+00
1.020255063765941660e-04,2.280000000000000249e+00
1.024256064016004113e-04,1.600000000000000089e+00
1.028257064266066567e-04,-2.280156250000000107e+00
1.032258064516129156e-04,2.280000000000000249e+00
1.036259064766191610e-04,-2.280156250000000107e+00
1.040260065016254199e-04,2.280000000000000249e+00
1.044261065266316652e-04,-2.280156250000000107e+00
1.048262065516379241e-04,2.280000000000000249e+00
1.052263065766441695e-04,-2.280156250000000107e+00
1.056264066016504284e-04,-2.280156250000000107e+00
1.060265066266566738e-04,2.280000000000000249e+00
1.064266066516629327e-04,-2.280156250000000107e+00
1.068267066766691781e-04,2.240000000000000213e+00
1.072268067016754370e-04,2.240000000000000213e+00
1.076269067266816823e-04,-2.280156250000000107e+00
1.080270067516879277e-04,1.880000000000000115e+00
1.084271067766941866e-04,-2.280156250000000107e+00
1.088272068017004320e-04,2.280000000000000249e+00
1.092273068267066909e-04,-2.280156250000000107e+00
1.096274068517129362e-04,2.240000000000000213e+00
1.100275068767191951e-04,-2.280156250000000107e+00
1.104276069017254405e-04,-1.800156249999999902e+00
1.108277069267316994e-04,2.280000000000000249e+00
1.112278069517379448e-04,-2.280156250000000107e+00
1.116279069767442037e-04,2.280000000000000249e+00
1.120280070017504490e-04,-2.240156250000000071e+00
1.124281070267567080e-04,1.440000000000000169e+00
1.128282070517629533e-04,2.280000000000000249e+00
1.132283070767691987e-04,-2.280156250000000107e+00
1.136284071017754576e-04,2.280000000000000249e+00
1.140285071267817030e-04,-2.280156250000000107e+00
1.144286071517879619e-04,-1.040156249999999893e+00
1.148287071767942072e-04,2.280000000000000249e+00
1.152288072018004661e-04,-2.280156250000000107e+00
1.156289072268067115e-04,2.280000000000000249e+00
1.160290072518129704e-04,1.880000000000000115e+00
1.164291072768192158e-04,-2.280156250000000107e+00
1.168292073018254747e-04,2.280000000000000249e+00
1.172293073268317200e-04,-2.280156250000000107e+00
1.176294073518379790e-04,2.200000000000000178e+00
1.180295073768442243e-04,-2.240156250000000071e+00
1.184296074018504697e-04,-2.120156249999999964e+00
1.188297074268567286e-04,2.280000000000000249e+00
1.192298074518629739e-04,-2.240156250000000071e+00
1.196299074768692329e-04,2.280000000000000249e+00
1.200300075018754782e-04,-2.280156250000000107e+00
1.204301075268817371e-04,2.280000000000000249e+00
1.208302075518879825e-04,-2.280156250000000107e+00
1.212303075768942414e-04,2.240000000000000213e+00
1.216304076019004868e-04,2.200000000000000178e+00
1.220305076269067457e-04,-2.280156250000000107e+00
1.224306076519130046e-04,2.280000000000000249e+00
1.228307076769192499e-04,-2.280156250000000107e+00
1.232308077019254953e-04,-1.440156250000000027e+00
1.236309077269317407e-04,2.280000000000000249e+00
1.240310077519379860e-04,-2.280156250000000107e+00
1.244311077769442585e-04,2.280000000000000249e+00
1.248312078019505039e-04,-2.280156250000000107e+00
1.252313078269567492e-04,2.200000000000000178e+00
1.256314078519629946e-04,2.200000000000000178e+00
1.260315078769692670e-04,-2.280156250000000107e+00
1.264316079019755124e-04,2.280000000000000249e+00
1.268317079269817578e-04,-2.280156250000000107e+00
1.272318079519880031e-04,-2.120156249999999964e+00
1.276319079769942756e-04,2.280000000000000249e+00
1.280320080020005209e-04,-2.280156250000000107e+00
1.284321080270067663e-04,2.320000000000000284e+00
1.288322080520130117e-04,2.200000000000000178e+00
1.292323080770192570e-04,-2.280156250000000107e+00
1.296324081020255295e-04,2.200000000000000178e+00
1.300325081270317748e-04,-2.280156250000000107e+00
1.304326081520380202e-04,2.280000000000000249e+00
1.308327081770442656e-04,-1.960156249999999822e+00
1.312328082020505380e-04,-2.080156249999999929e+00
1.316329082270567834e-04,2.280000000000000249e+00
1.320330082520630288e-04,-2.280156250000000107e+00
1.324331082770692741e-04,2.280000000000000249e+00
1.328332083020755466e-04,2.280000000000000249e+00
1.332333083270817919e-04,-2.280156250000000107e+00
1.336334083520880373e-04,2.280000000000000249e+00
1.340335083770942827e-04,-2.280156250000000107e+00
1.344336084021005280e-04,2.280000000000000249e+00
1.348337084271068005e-04,-2.280156250000000107e+00
1.352338084521130458e-04,-2.080156249999999929e+00
1.356339084771192912e-04,2.280000000000000249e+00
1.360340085021255366e-04,-2.280156250000000107e+00
1.364341085271318090e-04,2.280000000000000249e+00
1.368342085521380544e-04,1.920000000000000151e+00
1.372343085771442997e-04,-2.280156250000000107e+00
1.376344086021505451e-04,2.320000000000000284e+00
1.380345086271568176e-04,-2.160156250000000000e+00
1.384346086521630629e-04,-2.160156250000000000e+00
1.388347086771693083e-04,2.280000000000000249e+00
1.392348087021755536e-04,-1.920156250000000009e+00
1.396349087271817990e-04,2.160000000000000142e+00
1.400350087521880715e-04,2.120000000000000107e+00
1.404351087771943168e-04,-2.280156250000000107e+00
1.408352088022005622e-04,2.280000000000000249e+00
1.412353088272068076e-04,-2.280156250000000107e+00
1.416354088522130800e-04,2.280000000000000249e+00
1.420355088772193254e-04,-2.320156250000000142e+00
1.424356089022255707e-04,-2.240156250000000071e+00
1.428357089272318161e-04,2.320000000000000284e+00
1.432358089522380886e-04,2.000000000000000000e+00
1.436359089772443339e-04,-2.280156250000000107e+00
1.440360090022505793e-04,2.200000000000000178e+00
1.444361090272568246e-04,-2.320156250000000142e+00
1.448362090522630700e-04,2.280000000000000249e+00
1.452363090772693425e-04,-2.280156250000000107e+00
1.456364091022755878e-04,-2.160156250000000000e+00
1.460365091272818332e-04,2.280000000000000249e+00
1.464366091522880785e-04,-2.280156250000000107e+00
1.468367091772943510e-04,2.320000000000000284e+00
1.472368092023005964e-04,1.400000000000000133e+00
1.476369092273068417e-04,-2.280156250000000107e+00
1.480370092523130871e-04,2.320000000000000284e+00
1.484371092773193596e-04,-2.280156250000000107e+00
1.488372093023256049e-04,-2.240156250000000071e+00
1.492373093273318503e-04,2.280000000000000249e+00
1.496374093523380956e-04,-2.280156250000000107e+00
1.500375093773443410e-04,2.280000000000000249e+00
1.504376094023506135e-04,2.000000000000000000e+00
1.508377094273568588e-04,-2.280156250000000107e+00
1.512378094523631042e-04,2.280000000000000249e+00
1.516379094773693495e-04,-2.280156250000000107e+00
1.520380095023756220e-04,-2.040156249999999893e+00
1.524381095273818674e-04,2.280000000000000249e+00
1.528382095523881127e-04,-2.280156250000000107e+00
1.532383095773943581e-04,2.280000000000000249e+00
1.536384096024006034e-04,2.280000000000000249e+00
1.540385096274068759e-04,-2.280156250000000107e+00
1.544386096524131213e-04,2.120000000000000107e+00
1.548387096774193666e-04,-2.280156250000000107e+00
1.552388097024256120e-04,-1.840156249999999938e+00
1.556389097274318845e-04,2.280000000000000249e+00
1.560390097524381298e-04,-2.280156250000000107e+00
1.564391097774443752e-04,2.120000000000000107e+00
1.568392098024506205e-04,2.200000000000000178e+00
1.572393098274568930e-04,-2.280156250000000107e+00
1.576394098524631384e-04,2.320000000000000284e+00
1.580395098774693837e-04,-2.280156250000000107e+00
1.584396099024756291e-04,-2.160156250000000000e+00
1.588397099274818744e-04,2.320000000000000284e+00
1.592398099524881469e-04,-2.280156250000000107e+00
1.596399099774943923e-04,2.280000000000000249e+00
1.600400100025006376e-04,-2.280156250000000107e+00
1.604401100275068830e-04,1.560000000000000053e+00
1.608402100525131554e-04,2.280000000000000249e+00
1.612403100775194008e-04,-2.280156250000000107e+00
1.616404101025256462e-04,-1.200156250000000036e+00
1.620405101275318915e-04,2.320000000000000284e+00
1.624406101525381640e-04,-2.280156250000000107e+00
1.628407101775444094e-04,2.200000000000000178e+00
1.632408102025506547e-04,2.200000000000000178e+00
1.636409102275569001e-04,-2.280156250000000107e+00
1.640410102525631454e-04,2.280000000000000249e+00
1.644411102775694179e-04,-1.800156249999999902e+00
1.648412103025756633e-04,-1.880156249999999973e+00
1.652413103275819086e-04,2.280000000000000249e+00
1.656414103525881540e-04,-2.280156250000000107e+00
1.660415103775944264e-04,2.280000000000000249e+00
1.664416104026006718e-04,2.280000000000000249e+00
1.668417104276069172e-04,-2.280156250000000107e+00
1.672418104526131625e-04,2.320000000000000284e+00
1.676419104776194350e-04,-1.880156249999999973e+00
1.680420105026256803e-04,-1.960156249999999822e+00
1.684421105276319257e-04,2.320000000000000284e+00
1.688422105526381711e-04,-2.280156250000000107e+00
1.692423105776444164e-04,1.760000000000000009e+00
1.696424106026506889e-04,2.280000000000000249e+00
1.700425106276569343e-04,-2.280156250000000107e+00
1.704426106526631796e-04,2.320000000000000284e+00
1.708427106776694250e-04,-2.280156250000000107e+00
1.712428107026756974e-04,-2.200156250000000036e+00
1.716429107276819428e-04,2.280000000000000249e+00
1.720430107526881882e-04,-2.280156250000000107e+00
1.724431107776944335e-04,2.280000000000000249e+00
1.728432108027007060e-04,2.120000000000000107e+00
1.732433108277069513e-04,-2.280156250000000107e+00
1.736434108527131967e-04,2.280000000000000249e+00
1.740435108777194421e-04,-2.240156250000000071e+00
1.744436109027256874e-04,-2.240156250000000071e+00
1.748437109277319599e-04,2.280000000000000249e+00
1.752438109527382052e-04,-2.280156250000000107e+00
1.756439109777444506e-04,1.600000000000000089e+00
1.760440110027506960e-04,2.280000000000000249e+00
1.764441110277569684e-04,-2.280156250000000107e+00
1.768442110527632138e-04,-1.200156250000000036e+00
1.772443110777694592e-04,2.280000000000000249e+00
1.776444111027757045e-04,-2.280156250000000107e+00
1.780445111277819770e-04,2.280000000000000249e+00
1.784446111527882223e-04,2.160000000000000142e+00
1.788447111777944677e-04,-2.280156250000000107e+00
1.792448112028007131e-04,2.240000000000000213e+00
1.796449112278069584e-04,-2.280156250000000107e+00
1.800450112528132309e-04,-1.440156250000000027e+00
1.804451112778194762e-04,2.280000000000000249e+00
1.808452113028257216e-04,-2.280156250000000107e+00
1.812453113278319670e-04,2.200000000000000178e+00
1.816454113528382394e-04,2.240000000000000213e+00
1.820455113778444848e-04,-2.280156250000000107e+00
1.824456114028507301e-04,2.359999999999999876e+00
1.828457114278569755e-04,-2.280156250000000107e+00
1.832458114528632480e-04,-2.160156250000000000e+00
1.836459114778694933e-04,2.280000000000000249e+00
1.840460115028757387e-04,-2.240156250000000071e+00
1.844461115278819840e-04,2.280000000000000249e+00
1.848462115528882294e-04,-2.240156250000000071e+00
1.852463115778945019e-04,1.400000000000000133e+00
1.856464116029007472e-04,2.280000000000000249e+00
1.860465116279069926e-04,-2.280156250000000107e+00
1.864466116529132380e-04,-1.440156250000000027e+00
1.868467116779195104e-04,2.280000000000000249e+00
1.872468117029257558e-04,-2.280156250000000107e+00
1.876469117279320011e-04,2.080000000000000071e+00
1.880470117529382465e-04,2.120000000000000107e+00
1.884471117779445190e-04,-2.280156250000000107e+00
1.888472118029507643e-04,2.280000000000000249e+00
1.892473118279570097e-04,-1.640156249999999982e+00
1.896474118529632550e-04,-2.280156250000000107e+00
1.900475118779695004e-04,2.280000000000000249e+00
1.904476119029757729e-04,-2.240156250000000071e+00
1.908477119279820182e-04,2.320000000000000284e+00
1.912478119529882636e-04,2.280000000000000249e+00
1.916479119779945089e-04,-2.280156250000000107e+00
1.920480120030007814e-04,2.280000000000000249e+00
1.924481120280070268e-04,-1.840156249999999938e+00
1.928482120530132721e-04,-1.920156250000000009e+00
1.932483120780195175e-04,2.280000000000000249e+00
1.936484121030257900e-04,-2.280156250000000107e+00
1.940485121280320353e-04,1.880000000000000115e+00
1.944486121530382807e-04,1.920000000000000151e+00
1.948487121780445260e-04,-2.240156250000000071e+00
1.952488122030507714e-04,2.320000000000000284e+00
1.956489122280570439e-04,-2.280156250000000107e+00
1.960490122530632892e-04,-1.960156249999999822e+00
1.964491122780695346e-04,2.280000000000000249e+00
1.968492123030757799e-04,-2.280156250000000107e+00
1.972493123280820524e-04,2.320000000000000284e+00
1.976494123530882978e-04,1.640000000000000124e+00
1.980495123780945431e-04,-2.240156250000000071e+00
1.984496124031007885e-04,2.280000000000000249e+00
1.988497124281070610e-04,-2.280156250000000107e+00
1.992498124531133063e-04,-1.960156249999999822e+00
1.996499124781195517e-04,2.280000000000000249e+00
2.000500125031257970e-04,-2.280156250000000107e+00
2.004501125281320424e-04,2.320000000000000284e+00
2.008502125531383149e-04,2.280000000000000249e+00
2.012503125781445602e-04,-2.280156250000000107e+00
2.016504126031508056e-04,2.280000000000000249e+00
2.020505126281570509e-04,-1.960156249999999822e+00
2.024506126531633234e-04,-1.960156249999999822e+00
2.028507126781695688e-04,2.320000000000000284e+00
2.032508127031758141e-04,-2.280156250000000107e+00
2.036509127281820595e-04,2.280000000000000249e+00
2.040510127531883319e-04,-2.240156250000000071e+00
2.044511127781945773e-04,1.360000000000000098e+00
2.048512128032008227e-04,2.280000000000000249e+00
2.052513128282070680e-04,-2.280156250000000107e+00
2.056514128532133134e-04,-2.240156250000000071e+00
2.060515128782195858e-04,2.280000000000000249e+00
2.064516129032258312e-04,-2.280156250000000107e+00
2.068517129282320766e-04,2.280000000000000249e+00
2.072518129532383219e-04,2.000000000000000000e+00
2.076519129782445944e-04,-2.280156250000000107e+00
2.080520130032508398e-04,2.280000000000000249e+00
2.084521130282570851e-04,-2.280156250000000107e+00
2.088522130532633305e-04,2.280000000000000249e+00
2.092523130782696029e-04,-2.280156250000000107e+00
2.096524131032758483e-04,-2.000156249999999858e+00
2.100525131282820937e-04,2.320000000000000284e+00
2.104526131532883390e-04,-2.280156250000000107e+00
2.108527131782945844e-04,2.280000000000000249e+00
2.112528132033008568e-04,1.959999999999999964e+00
2.116529132283071022e-04,-2.280156250000000107e+00
2.120530132533133476e-04,2.280000000000000249e+00
2.124531132783195929e-04,-2.080156249999999929e+00
2.128532133033258654e-04,-2.160156250000000000e+00
2.132533133283321107e-04,2.280000000000000249e+00
2.136534133533383561e-04,-2.280156250000000107e+00
2.140535133783446015e-04,2.040000000000000036e+00
2.144536134033508739e-04,2.120000000000000107e+00
2.148537134283571193e-04,-2.280156250000000107e+00
2.152538134533633647e-04,2.280000000000000249e+00
2.156539134783696100e-04,-2.280156250000000107e+00
2.160540135033758554e-04,2.320000000000000284e+00
2.164541135283821278e-04,-2.280156250000000107e+00
2.168542135533883732e-04,-2.160156250000000000e+00
2.172543135783946186e-04,2.280000000000000249e+00
2.176544136034008639e-04,-2.280156250000000107e+00
2.180545136284071364e-04,2.280000000000000249e+00
2.184546136534133817e-04,2.280000000000000249e+00
2.188547136784196271e-04,-2.280156250000000107e+00
2.192548137034258725e-04,2.280000000000000249e+00
2.196549137284321449e-04,-2.280156250000000107e+00
2.200550137534383903e-04,2.280000000000000249e+00
2.204551137784446356e-04,-2.120156249999999964e+00
2.208552138034508810e-04,-2.120156249999999964e+00
2.212553138284571264e-04,2.280000000000000249e+00
2.216554138534633988e-04,-2.280156250000000107e+00
2.220555138784696442e-04,2.280000000000000249e+00
2.224556139034758896e-04,2.040000000000000036e+00
2.228557139284821349e-04,-2.280156250000000107e+00
2.232558139534884074e-04,2.280000000000000249e+00
2.236559139784946527e-04,-2.280156250000000107e+00
2.240560140035008981e-04,-1.880156249999999973e+00
2.244561140285071435e-04,2.280000000000000249e+00
2.248562140535134159e-04,-2.240156250000000071e+00
2.252563140785196613e-04,2.280000000000000249e+00
2.256564141035259066e-04,1.760000000000000009e+00
2.260565141285321520e-04,-2.280156250000000107e+00
2.264566141535383974e-04,2.160000000000000142e+00
2.268567141785446698e-04,-2.280156250000000107e+00
2.272568142035509152e-04,-1.840156249999999938e+00
2.276569142285571605e-04,2.280000000000000249e+00
2.280570142535634059e-04,-2.160156250000000000e+00
2.284571142785696784e-04,2.280000000000000249e+00
2.288572143035759237e-04,-2.280156250000000107e+00
2.292573143285821691e-04,2.320000000000000284e+00
2.296574143535884144e-04,-2.280156250000000107e+00
2.300575143785946869e-04,1.680000000000000160e+00
2.304576144036009323e-04,2.280000000000000249e+00
2.308577144286071776e-04,-2.280156250000000107e+00
2.312578144536134230e-04,2.280000000000000249e+00
2.316579144786196684e-04,-2.280156250000000107e+00
2.320580145036259408e-04,-2.160156250000000000e+00
2.324581145286321862e-04,2.280000000000000249e+00
2.328582145536384315e-04,-2.280156250000000107e+00
2.332583145786446769e-04,2.280000000000000249e+00
2.336584146036509494e-04,-2.280156250000000107e+00
2.340585146286571947e-04,2.320000000000000284e+00
2.344586146536634401e-04,-2.280156250000000107e+00
2.348587146786696854e-04,1.840000000000000080e+00
2.352588147036759579e-04,2.320000000000000284e+00
2.356589147286822033e-04,-2.240156250000000071e+00
2.360590147536884486e-04,2.320000000000000284e+00
2.364591147786946940e-04,-1.960156249999999822e+00
2.368592148037009393e-04,-1.960156249999999822e+00
2.372593148287072118e-04,2.280000000000000249e+00
2.376594148537134572e-04,-2.280156250000000107e+00
2.380595148787197025e-04,2.320000000000000284e+00
2.384596149037259479e-04,3.999999999999999667e-01
2.388597149287322204e-04,-2.280156250000000107e+00
2.392598149537384657e-04,2.280000000000000249e+00
2.396599149787447111e-04,-2.280156250000000107e+00
2.400600150037509564e-04,2.280000000000000249e+00
2.404601150287572289e-04,-2.280156250000000107e+00
2.408602150537634743e-04,-1.880156249999999973e+00
2.412603150787697196e-04,2.280000000000000249e+00
2.416604151037759650e-04,-2.160156250000000000e+00
2.420605151287822103e-04,2.280000000000000249e+00
2.424606151537884828e-04,-2.280156250000000107e+00
2.428607151787947282e-04,2.280000000000000249e+00
2.432608152038009735e-04,1.719999999999999973e+00
2.436609152288072189e-04,-2.240156250000000071e+00
2.440610152538134914e-04,2.280000000000000249e+00
2.444611152788197096e-04,-2.280156250000000107e+00
2.448612153038260092e-04,2.280000000000000249e+00
2.452613153288322545e-04,-2.280156250000000107e+00
2.456614153538384999e-04,2.280000000000000249e+00
2.460615153788447453e-04,-2.280156250000000107e+00
2.464616154038509906e-04,-1.960156249999999822e+00
2.468617154288572360e-04,2.280000000000000249e+00
2.472618154538634813e-04,-2.280156250000000107e+00
2.476619154788697267e-04,2.280000000000000249e+00
2.480620155038759721e-04,2.000000000000000000e+00
2.484621155288822716e-04,-2.280156250000000107e+00
2.488622155538885170e-04,2.240000000000000213e+00
2.492623155788947623e-04,-2.280156250000000107e+00
2.496624156039010077e-04,2.280000000000000249e+00
2.500625156289072531e-04,-2.280156250000000107e+00
2.504626156539134984e-04,-1.880156249999999973e+00
2.508627156789197438e-04,2.280000000000000249e+00
2.512628157039259891e-04,-2.240156250000000071e+00
2.516629157289322345e-04,2.280000000000000249e+00
2.520630157539385341e-04,-2.280156250000000107e+00
2.524631157789447794e-04,2.240000000000000213e+00
2.528632158039510248e-04,2.080000000000000071e+00
2.532633158289572702e-04,-2.240156250000000071e+00
2.536634158539635155e-04,1.440000000000000169e+00
2.540635158789697609e-04,-2.280156250000000107e+00
2.544636159039760062e-04,2.280000000000000249e+00
2.548637159289822516e-04,-2.280156250000000107e+00
2.552638159539885512e-04,-1.600156249999999947e+00
2.556639159789947965e-04,2.280000000000000249e+00
2.560640160040010419e-04,-2.280156250000000107e+00
2.564641160290072872e-04,2.280000000000000249e+00
2.568642160540135326e-04,-2.240156250000000071e+00
2.572643160790197780e-04,2.280000000000000249e+00
2.576644161040260233e-04,-2.280156250000000107e+00
2.580645161290322687e-04,2.280000000000000249e+00
2.584646161540385140e-04,1.920000000000000151e+00
2.588647161790448136e-04,-2.280156250000000107e+00
2.592648162040510590e-04,1.880000000000000115e+00
2.596649162290573043e-04,-2.280156250000000107e+00
2.600650162540635497e-04,2.320000000000000284e+00
2.604651162790697951e-04,-2.280156250000000107e+00
2.608652163040760404e-04,2.280000000000000249e+00
2.612653163290822858e-04,-2.080156249999999929e+00
2.616654163540885311e-04,-2.080156249999999929e+00
2.620655163790947765e-04,2.280000000000000249e+00
2.624656164041010761e-04,-2.280156250000000107e+00
2.628657164291073214e-04,2.280000000000000249e+00
2.632658164541135668e-04,-2.280156250000000107e+00
2.636659164791198121e-04,1.880000000000000115e+00
2.640660165041260575e-04,1.920000000000000151e+00
2.644661165291323029e-04,-2.280156250000000107e+00
2.648662165541385482e-04,2.280000000000000249e+00
2.652663165791447936e-04,-2.240156250000000071e+00
2.656664166041510932e-04,2.280000000000000249e+00
2.660665166291573385e-04,-2.240156250000000071e+00
2.664666166541635839e-04,2.280000000000000249e+00
2.668667166791698292e-04,-1.600156249999999947e+00
2.672668167041760746e-04,-2.320156250000000142e+00
2.676669167291823200e-04,2.280000000000000249e+00
2.680670167541885653e-04,-2.280156250000000107e+00
2.684671167791948107e-04,2.280000000000000249e+00
2.688672168042010560e-04,-2.280156250000000107e+00
2.692673168292073556e-04,2.280000000000000249e+00
2.696674168542136010e-04,-2.280156250000000107e+00
2.700675168792198463e-04,2.320000000000000284e+00
2.704676169042260917e-04,2.320000000000000284e+00
2.708677169292323370e-04,-2.280156250000000107e+00
2.712678169542385824e-04,2.200000000000000178e+00
2.716679169792448278e-04,-2.280156250000000107e+00
2.720680170042510731e-04,2.280000000000000249e+00
2.724681170292573185e-04,-2.240156250000000071e+00
2.728682170542636180e-04,-2.240156250000000071e+00
2.732683170792698634e-04,2.280000000000000249e+00
2.736684171042761088e-04,-2.080156249999999929e+00
2.740685171292823541e-04,2.280000000000000249e+00
2.744686171542885995e-04,-2.280156250000000107e+00
2.748687171792948448e-04,2.280000000000000249e+00
2.752688172043010902e-04,2.080000000000000071e+00
2.756689172293073356e-04,-2.320156250000000142e+00
2.760690172543136351e-04,2.200000000000000178e+00
2.764691172793198805e-04,-2.280156250000000107e+00
2.768692173043261259e-04,2.280000000000000249e+00
2.772693173293323712e-04,-2.240156250000000071e+00
2.776694173543386166e-04,-1.920156250000000009e+00
2.780695173793448619e-04,2.320000000000000284e+00
2.784696174043511073e-04,2.280000000000000249e+00
2.788697174293573527e-04,-1.960156249999999822e+00
2.792698174543635980e-04,-2.080156249999999929e+00
2.796699174793698976e-04,2.280000000000000249e+00
2.800700175043761429e-04,-2.280156250000000107e+00
2.804701175293823883e-04,2.200000000000000178e+00
2.808702175543886337e-04,2.240000000000000213e+00
2.812703175793948790e-04,-2.280156250000000107e+00
2.816704176044011244e-04,1.920000000000000151e+00
2.820705176294073697e-04,-2.280156250000000107e+00
2.824706176544136151e-04,2.280000000000000249e+00
2.828707176794198605e-04,-2.280156250000000107e+00
2.832708177044261600e-04,2.280000000000000249e+00
2.836709177294324054e-04,-2.280156250000000107e+00
2.840710177544386508e-04,2.280000000000000249e+00
2.844711177794448961e-04,-2.240156250000000071e+00
2.848712178044511415e-04,-2.280156250000000107e+00
2.852713178294573868e-04,2.280000000000000249e+00
2.856714178544636322e-04,-2.280156250000000107e+00
2.860715178794698776e-04,2.280000000000000249e+00
2.864716179044761771e-04,2.120000000000000107e+00
2.868717179294824225e-04,-2.280156250000000107e+00
2.872718179544886678e-04,2.280000000000000249e+00
2.876719179794949132e-04,-2.280156250000000107e+00
2.880720180045011586e-04,2.040000000000000036e+00
2.884721180295074039e-04,-2.320156250000000142e+00
2.888722180545136493e-04,-2.160156250000000000e+00
2.892723180795198946e-04,2.240000000000000213e+00
2.896724181045261400e-04,-1.960156249999999822e+00
2.900725181295324396e-04,2.280000000000000249e+00
2.904726181545386849e-04,-2.240156250000000071e+00
2.908727181795449303e-04,2.280000000000000249e+00
2.912728182045511757e-04,-2.280156250000000107e+00
2.916729182295574210e-04,2.280000000000000249e+00
2.920730182545636664e-04,2.280000000000000249e+00
2.924731182795699117e-04,-2.280156250000000107e+00
2.928732183045761571e-04,2.240000000000000213e+00
2.932733183295824025e-04,-2.280156250000000107e+00
2.936734183545887020e-04,2.280000000000000249e+00
2.940735183795949474e-04,-2.280156250000000107e+00
2.944736184046011927e-04,2.280000000000000249e+00
2.948737184296074381e-04,-2.240156250000000071e+00
2.952738184546136835e-04,-1.920156250000000009e+00
2.956739184796199288e-04,2.280000000000000249e+00
2.960740185046261742e-04,-2.240156250000000071e+00
2.964741185296324195e-04,2.320000000000000284e+00
2.968742185546387191e-04,-2.240156250000000071e+00
2.972743185796449645e-04,2.280000000000000249e+00
2.976744186046512098e-04,2.200000000000000178e+00
2.980745186296574552e-04,-2.280156250000000107e+00
2.984746186546637006e-04,2.160000000000000142e+00
2.988747186796699459e-04,-2.280156250000000107e+00
2.992748187046761913e-04,2.280000000000000249e+00
2.996749187296824366e-04,-2.320156250000000142e+00
3.000750187546886820e-04,-2.120156249999999964e+00
3.004751187796949816e-04,2.280000000000000249e+00
3.008752188047012269e-04,-2.120156249999999964e+00
3.012753188297074723e-04,2.280000000000000249e+00
3.016754188547137176e-04,-2.280156250000000107e+00
3.020755188797199630e-04,2.280000000000000249e+00
3.024756189047262084e-04,2.240000000000000213e+00
3.028757189297324537e-04,-2.280156250000000107e+00
3.032758189547386991e-04,1.880000000000000115e+00
3.036759189797449444e-04,-2.280156250000000107e+00
3.040760190047512440e-04,2.280000000000000249e+00
3.044761190297574894e-04,-2.320156250000000142e+00
3.048762190547637347e-04,-2.080156249999999929e+00
3.052763190797699801e-04,2.280000000000000249e+00
3.056764191047762255e-04,-2.280156250000000107e+00
3.060765191297824708e-04,2.280000000000000249e+00
3.064766191547887162e-04,-2.320156250000000142e+00
3.068767191797949615e-04,2.280000000000000249e+00
3.072768192048012069e-04,1.920000000000000151e+00
3.076769192298075065e-04,-2.320156250000000142e+00
3.080770192548137518e-04,2.200000000000000178e+00
3.084771192798199972e-04,-2.280156250000000107e+00
3.088772193048262425e-04,2.120000000000000107e+00
3.092773193298324879e-04,-2.280156250000000107e+00
3.096774193548387333e-04,2.280000000000000249e+00
3.100775193798449786e-04,-2.280156250000000107e+00
3.104776194048512240e-04,-2.000156249999999858e+00
3.108777194298575236e-04,2.280000000000000249e+00
3.112778194548637689e-04,-2.280156250000000107e+00
3.116779194798700143e-04,2.280000000000000249e+00
3.120780195048762596e-04,2.240000000000000213e+00
3.124781195298825050e-04,-2.320156250000000142e+00
3.128782195548887504e-04,2.200000000000000178e+00
3.132783195798949957e-04,-2.280156250000000107e+00
3.136784196049012411e-04,-1.760156250000000089e+00
3.140785196299074864e-04,2.280000000000000249e+00
3.144786196549137860e-04,-2.160156250000000000e+00
3.148787196799200314e-04,2.280000000000000249e+00
3.152788197049262767e-04,-2.280156250000000107e+00
3.156789197299325221e-04,2.280000000000000249e+00
3.160790197549387674e-04,-2.280156250000000107e+00
3.164791197799450128e-04,1.959999999999999964e+00
3.168792198049512582e-04,2.000000000000000000e+00
3.172793198299575035e-04,-2.280156250000000107e+00
3.176794198549637489e-04,2.280000000000000249e+00
3.180795198799700484e-04,-2.280156250000000107e+00
3.184796199049762938e-04,-2.080156249999999929e+00
3.188797199299825392e-04,2.280000000000000249e+00
3.192798199549887845e-04,-2.160156250000000000e+00
3.196799199799950299e-04,2.280000000000000249e+00
3.200800200050012752e-04,-2.280156250000000107e+00
3.204801200300075206e-04,2.280000000000000249e+00
3.208802200550137660e-04,-2.280156250000000107e+00
3.212803200800200655e-04,2.280000000000000249e+00
3.216804201050263109e-04,2.240000000000000213e+00
3.220805201300325563e-04,-2.280156250000000107e+00
3.224806201550388016e-04,2.280000000000000249e+00
3.228807201800450470e-04,-2.280156250000000107e+00
3.232808202050512923e-04,-2.000156249999999858e+00
3.236809202300575377e-04,2.320000000000000284e+00
3.240810202550637831e-04,-2.280156250000000107e+00
3.244811202800700284e-04,2.280000000000000249e+00
3.248812203050763280e-04,1.840000000000000080e+00
3.252813203300825733e-04,-2.280156250000000107e+00
3.256814203550888187e-04,2.080000000000000071e+00
3.260815203800950641e-04,-2.280156250000000107e+00
3.264816204051013094e-04,-1.880156249999999973e+00
3.268817204301075548e-04,2.280000000000000249e+00
3.272818204551138001e-04,-2.120156249999999964e+00
3.276819204801200455e-04,2.320000000000000284e+00
3.280820205051262909e-04,-2.240156250000000071e+00
3.284821205301325904e-04,2.280000000000000249e+00
3.288822205551388358e-04,1.400000000000000133e+00
3.292823205801450812e-04,-2.280156250000000107e+00
3.296824206051513265e-04,2.280000000000000249e+00
3.300825206301575719e-04,-2.280156250000000107e+00
3.304826206551638172e-04,-1.960156249999999822e+00
3.308827206801700626e-04,2.280000000000000249e+00
3.312828207051763080e-04,-2.080156249999999929e+00
3.316829207301826075e-04,2.280000000000000249e+00
3.320830207551888529e-04,-2.280156250000000107e+00
3.324831207801950982e-04,2.280000000000000249e+00
3.328832208052013436e-04,2.080000000000000071e+00
3.332833208302075890e-04,-2.280156250000000107e+00
3.336834208552138343e-04,2.280000000000000249e+00
3.340835208802200797e-04,-2.280156250000000107e+00
3.344836209052263250e-04,2.320000000000000284e+00
3.348837209302325704e-04,-2.280156250000000107e+00
3.352838209552388700e-04,-2.200156250000000036e+00
3.356839209802451153e-04,2.280000000000000249e+00
3.360840210052513607e-04,1.360000000000000098e+00
3.364841210302576061e-04,-2.280156250000000107e+00
3.368842210552638514e-04,2.320000000000000284e+00
3.372843210802700968e-04,-2.280156250000000107e+00
3.376844211052763421e-04,2.320000000000000284e+00
3.380845211302825875e-04,-1.800156249999999902e+00
3.384846211552888329e-04,-2.280156250000000107e+00
3.388847211802951324e-04,2.280000000000000249e+00
3.392848212053013778e-04,-2.280156250000000107e+00
3.396849212303076231e-04,2.280000000000000249e+00
3.400850212553138685e-04,2.000000000000000000e+00
3.404851212803201139e-04,-2.280156250000000107e+00
3.408852213053263592e-04,2.200000000000000178e+00
3.412853213303326046e-04,-2.280156250000000107e+00
3.416854213553388499e-04,-2.160156250000000000e+00
3.420855213803451495e-04,2.280000000000000249e+00
3.424856214053513949e-04,-2.040156249999999893e+00
3.428857214303576402e-04,2.320000000000000284e+00
3.432858214553638856e-04,2.000000000000000000e+00
3.436859214803701310e-04,-2.280156250000000107e+00
3.440860215053763763e-04,2.280000000000000249e+00
3.444861215303826217e-04,-2.280156250000000107e+00
3.448862215553888670e-04,2.280000000000000249e+00
3.452863215803951124e-04,-2.280156250000000107e+00
3.456864216054014120e-04,-1.640156249999999982e+00
3.460865216304076573e-04,2.320000000000000284e+00
3.464866216554139027e-04,-2.280156250000000107e+00
3.468867216804201480e-04,2.240000000000000213e+00
3.472868217054263934e-04,2.240000000000000213e+00
3.476869217304326388e-04,-2.280156250000000107e+00
3.480870217554388841e-04,2.320000000000000284e+00
3.484871217804451295e-04,-2.280156250000000107e+00
3.488872218054513748e-04,-2.040156249999999893e+00
3.492873218304576744e-04,2.320000000000000284e+00
3.496874218554639198e-04,-2.280156250000000107e+00
3.500875218804701651e-04,2.280000000000000249e+00
3.504876219054764105e-04,2.160000000000000142e+00
3.508877219304826559e-04,-2.280156250000000107e+00
3.512878219554889012e-04,2.320000000000000284e+00
3.516879219804951466e-04,-2.280156250000000107e+00
3.520880220055013919e-04,-2.280156250000000107e+00
3.524881220305076915e-04,2.320000000000000284e+00
3.528882220555139369e-04,-2.160156250000000000e+00
3.532883220805201822e-04,2.320000000000000284e+00
3.536884221055264276e-04,1.880000000000000115e+00
3.540885221305326729e-04,-2.280156250000000107e+00
3.544886221555389183e-04,2.280000000000000249e+00
3.548887221805451637e-04,-2.160156250000000000e+00
3.552888222055514090e-04,-2.160156250000000000e+00
3.556889222305576544e-04,2.320000000000000284e+00
3.560890222555639540e-04,-2.280156250000000107e+00
3.564891222805701993e-04,2.320000000000000284e+00
3.568892223055764447e-04,2.240000000000000213e+00
3.572893223305826900e-04,-2.280156250000000107e+00
3.576894223555889354e-04,2.280000000000000249e+00
3.580895223805951808e-04,-2.280156250000000107e+00
3.584896224056014261e-04,2.320000000000000284e+00
3.588897224306076715e-04,-1.640156249999999982e+00
3.592898224556139168e-04,-2.280156250000000107e+00
3.596899224806202164e-04,2.320000000000000284e+00
3.600900225056264618e-04,1.080000000000000071e+00
3.604901225306327071e-04,-2.280156250000000107e+00
3.608902225556389525e-04,2.280000000000000249e+00
3.612903225806451978e-04,-2.240156250000000071e+00
3.616904226056514432e-04,-2.240156250000000071e+00
3.620905226306576886e-04,2.280000000000000249e+00
3.624906226556639339e-04,-2.280156250000000107e+00
3.628907226806702335e-04,1.880000000000000115e+00
3.632908227056764788e-04,1.920000000000000151e+00
3.636909227306827242e-04,-2.280156250000000107e+00
3.640910227556889696e-04,2.320000000000000284e+00
3.644911227806952149e-04,-2.280156250000000107e+00
3.648912228057014603e-04,-2.200156250000000036e+00
3.652913228307077056e-04,2.280000000000000249e+00
3.656914228557139510e-04,-2.280156250000000107e+00
3.660915228807201964e-04,2.000000000000000000e+00
3.664916229057264959e-04,2.040000000000000036e+00
3.668917229307327413e-04,-2.280156250000000107e+00
3.672918229557389867e-04,2.280000000000000249e+00
3.676919229807452320e-04,-1.920156250000000009e+00
3.680920230057514774e-04,-1.960156249999999822e+00
3.684921230307577227e-04,2.280000000000000249e+00
3.688922230557639681e-04,-2.280156250000000107e+00
3.692923230807702135e-04,2.280000000000000249e+00
3.696924231057764588e-04,2.080000000000000071e+00
3.700925231307827584e-04,-2.280156250000000107e+00
3.704926231557890037e-04,2.320000000000000284e+00
3.708927231807952491e-04,-2.280156250000000107e+00
3.712928232058014945e-04,-1.920156250000000009e+00
3.716929232308077398e-04,2.280000000000000249e+00
3.720930232558139852e-04,-2.280156250000000107e+00
3.724931232808202305e-04,2.280000000000000249e+00
3.728932233058264759e-04,2.320000000000000284e+00
3.732933233308327755e-04,-2.280156250000000107e+00
3.736934233558390208e-04,2.280000000000000249e+00
3.740935233808452662e-04,-1.800156249999999902e+00
3.744936234058515116e-04,-1.920156250000000009e+00
3.748937234308577569e-04,2.320000000000000284e+00
3.752938234558640023e-04,9.200000000000000400e-01
3.756939234808702476e-04,-2.280156250000000107e+00
3.760940235058764930e-04,2.320000000000000284e+00
3.764941235308827384e-04,-2.280156250000000107e+00
3.768942235558890379e-04,-1.960156249999999822e+00
3.772943235808952833e-04,2.280000000000000249e+00
3.776944236059015286e-04,-2.280156250000000107e+00
3.780945236309077740e-04,2.280000000000000249e+00
3.784946236559140194e-04,1.199999999999999956e+00
3.788947236809202647e-04,-2.280156250000000107e+00
3.792948237059265101e-04,2.280000000000000249e+00
3.796949237309327554e-04,-2.240156250000000071e+00
3.800950237559390008e-04,-2.280156250000000107e+00
3.804951237809453004e-04,2.280000000000000249e+00
3.808952238059515457e-04,-2.280156250000000107e+00
3.812953238309577911e-04,2.320000000000000284e+00
3.816954238559640365e-04,2.160000000000000142e+00
3.820955238809702818e-04,-2.320156250000000142e+00
3.824956239059765272e-04,2.280000000000000249e+00
3.828957239309827725e-04,-2.280156250000000107e+00
3.832958239559890179e-04,2.280000000000000249e+00
3.836959239809953175e-04,-1.560156249999999911e+00
3.840960240060015628e-04,-2.280156250000000107e+00
3.844961240310078082e-04,2.280000000000000249e+00
3.848962240560140535e-04,1.239999999999999991e+00
3.852963240810202989e-04,-2.280156250000000107e+00
3.856964241060265443e-04,2.320000000000000284e+00
3.860965241310327896e-04,-2.160156250000000000e+00
3.864966241560390350e-04,-2.200156250000000036e+00
3.868967241810452803e-04,2.280000000000000249e+00
3.872968242060515799e-04,-2.280156250000000107e+00
3.876969242310578253e-04,1.719999999999999973e+00
3.880970242560640706e-04,2.280000000000000249e+00
3.884971242810703160e-04,-2.280156250000000107e+00
3.888972243060765614e-04,2.280000000000000249e+00
3.892973243310828067e-04,-2.280156250000000107e+00
3.896974243560890521e-04,-2.280156250000000107e+00
3.900975243810952974e-04,2.280000000000000249e+00
3.904976244061015428e-04,-2.280156250000000107e+00
3.908977244311078424e-04,1.880000000000000115e+00
3.912978244561140877e-04,2.320000000000000284e+00
3.916979244811203331e-04,-2.280156250000000107e+00
3.920980245061265784e-04,2.320000000000000284e+00
3.924981245311328238e-04,-1.960156249999999822e+00
3.928982245561390692e-04,-1.960156249999999822e+00
3.932983245811453145e-04,2.320000000000000284e+00
3.936984246061515599e-04,-2.280156250000000107e+00
3.940985246311578595e-04,2.320000000000000284e+00
3.944986246561641048e-04,2.000000000000000000e+00
3.948987246811703502e-04,-2.280156250000000107e+00
3.952988247061765955e-04,2.320000000000000284e+00
3.956989247311828409e-04,-2.280156250000000107e+00
3.960990247561890863e-04,-1.680156250000000018e+00
3.964991247811953316e-04,2.280000000000000249e+00
3.968992248062015770e-04,-2.280156250000000107e+00
3.972993248312078223e-04,2.320000000000000284e+00
3.976994248562141219e-04,2.120000000000000107e+00
3.980995248812203673e-04,-2.280156250000000107e+00
3.984996249062266126e-04,2.280000000000000249e+00
3.988997249312328580e-04,-2.280156250000000107e+00
3.992998249562391033e-04,-2.240156250000000071e+00
3.996999249812453487e-04,2.320000000000000284e+00
4.001000250062515941e-04,-2.280156250000000107e+00
4.005001250312578394e-04,1.800000000000000044e+00
4.009002250562640848e-04,2.320000000000000284e+00
4.013003250812703844e-04,-2.280156250000000107e+00
4.017004251062766297e-04,2.280000000000000249e+00
4.021005251312828751e-04,-2.280156250000000107e+00
4.025006251562891204e-04,-1.000156250000000080e+00
4.029007251812953658e-04,2.280000000000000249e+00
4.033008252063016112e-04,-2.280156250000000107e+00
4.037009252313078565e-04,2.280000000000000249e+00
4.041010252563141019e-04,2.320000000000000284e+00
4.045011252813204014e-04,-2.280156250000000107e+00
4.049012253063266468e-04,2.320000000000000284e+00
4.053013253313328922e-04,-2.280156250000000107e+00
4.057014253563391375e-04,-2.080156249999999929e+00
4.061015253813453829e-04,2.280000000000000249e+00
4.065016254063516282e-04,-2.280156250000000107e+00
4.069017254313578736e-04,2.280000000000000249e+00
4.073018254563641190e-04,-2.320156250000000142e+00
4.077019254813703643e-04,2.280000000000000249e+00
4.081020255063766639e-04,2.200000000000000178e+00
4.085021255313829092e-04,-2.280156250000000107e+00
4.089022255563891546e-04,2.280000000000000249e+00
4.093023255813954000e-04,-2.280156250000000107e+00
4.097024256064016453e-04,-2.160156250000000000e+00
4.101025256314078907e-04,2.280000000000000249e+00
4.105026256564141360e-04,1.320000000000000062e+00
4.109027256814203814e-04,-2.280156250000000107e+00
4.113028257064266268e-04,2.280000000000000249e+00
4.117029257314329263e-04,-2.240156250000000071e+00
4.121030257564391717e-04,2.280000000000000249e+00
4.125031257814454171e-04,-1.720156250000000053e+00
4.129032258064516624e-04,-2.280156250000000107e+00
4.133033258314579078e-04,2.320000000000000284e+00
4.137034258564641531e-04,-2.280156250000000107e+00
4.141035258814703985e-04,2.280000000000000249e+00
4.145036259064766439e-04,2.000000000000000000e+00
4.149037259314828892e-04,-2.280156250000000107e+00
4.153038259564891888e-04,2.200000000000000178e+00
4.157039259814954341e-04,-2.280156250000000107e+00
4.161040260065016795e-04,-2.160156250000000000e+00
4.165041260315079249e-04,2.280000000000000249e+00
4.169042260565141702e-04,-2.120156249999999964e+00
4.173043260815204156e-04,2.280000000000000249e+00
4.177044261065266609e-04,-2.280156250000000107e+00
4.181045261315329063e-04,2.280000000000000249e+00
4.185046261565392059e-04,2.160000000000000142e+00
4.189047261815454512e-04,-2.280156250000000107e+00
4.193048262065516966e-04,2.280000000000000249e+00
4.197049262315579420e-04,-2.280156250000000107e+00
4.201050262565641873e-04,2.280000000000000249e+00
4.205051262815704327e-04,-2.240156250000000071e+00
4.209052263065766780e-04,-2.240156250000000071e+00
4.213053263315829234e-04,2.320000000000000284e+00
4.217054263565891688e-04,-2.280156250000000107e+00
4.221055263815954683e-04,2.280000000000000249e+00
4.225056264066017137e-04,2.280000000000000249e+00
4.229057264316079590e-04,-2.280156250000000107e+00
4.233058264566142044e-04,2.280000000000000249e+00
4.237059264816204498e-04,-2.280156250000000107e+00
4.241060265066266951e-04,-2.280156250000000107e+00
4.245061265316329405e-04,2.320000000000000284e+00
4.249062265566391858e-04,-2.280156250000000107e+00
4.253063265816454312e-04,2.240000000000000213e+00
4.257064266066517308e-04,2.280000000000000249e+00
4.261065266316579761e-04,-2.280156250000000107e+00
4.265066266566642215e-04,2.320000000000000284e+00
4.269067266816704669e-04,-2.280156250000000107e+00
4.273068267066767122e-04,2.280000000000000249e+00
4.277069267316829576e-04,-2.280156250000000107e+00
4.281070267566892029e-04,-2.000156249999999858e+00
4.285071267816954483e-04,2.280000000000000249e+00
4.289072268067017479e-04,-2.280156250000000107e+00
4.293073268317079932e-04,2.320000000000000284e+00
4.297074268567142386e-04,2.280000000000000249e+00
4.301075268817204839e-04,-2.280156250000000107e+00
4.305076269067267293e-04,1.920000000000000151e+00
4.309077269317329747e-04,-2.280156250000000107e+00
4.313078269567392200e-04,2.280000000000000249e+00
4.317079269817454654e-04,-2.280156250000000107e+00
4.321080270067517107e-04,-2.000156249999999858e+00
4.325081270317580103e-04,2.280000000000000249e+00
4.329082270567642557e-04,-2.120156249999999964e+00
4.333083270817705010e-04,2.280000000000000249e+00
4.337084271067767464e-04,-2.240156250000000071e+00
4.341085271317829918e-04,2.280000000000000249e+00
4.345086271567892371e-04,1.479999999999999982e+00
4.349087271817954825e-04,-2.280156250000000107e+00
4.353088272068017278e-04,2.280000000000000249e+00
4.357089272318079732e-04,-2.280156250000000107e+00
4.361090272568142728e-04,-2.000156249999999858e+00
4.365091272818205181e-04,2.280000000000000249e+00
4.369092273068267635e-04,-1.960156249999999822e+00
4.373093273318330088e-04,2.280000000000000249e+00
4.377094273568392542e-04,-2.280156250000000107e+00
4.381095273818454996e-04,2.280000000000000249e+00
4.385096274068517449e-04,2.280000000000000249e+00
4.389097274318579903e-04,-2.280156250000000107e+00
4.393098274568642899e-04,2.080000000000000071e+00
4.397099274818705352e-04,-2.280156250000000107e+00
4.401100275068767806e-04,2.280000000000000249e+00
4.405101275318830259e-04,-2.280156250000000107e+00
4.409102275568892713e-04,-2.240156250000000071e+00
4.413103275818955167e-04,2.280000000000000249e+00
4.417104276069017620e-04,-2.120156249999999964e+00
4.421105276319080074e-04,2.280000000000000249e+00
4.425106276569142527e-04,-2.280156250000000107e+00
4.429107276819205523e-04,2.280000000000000249e+00
4.433108277069267977e-04,-2.280156250000000107e+00
4.437109277319330430e-04,2.280000000000000249e+00
4.441110277569392884e-04,2.280000000000000249e+00
4.445111277819455337e-04,-2.280156250000000107e+00
4.449112278069517791e-04,1.920000000000000151e+00
4.453113278319580245e-04,-2.280156250000000107e+00
4.457114278569642698e-04,2.280000000000000249e+00
4.461115278819705152e-04,-1.840156249999999938e+00
4.465116279069768148e-04,-1.920156250000000009e+00
4.469117279319830601e-04,2.280000000000000249e+00
4.473118279569893055e-04,-2.280156250000000107e+00
4.477119279819955508e-04,2.280000000000000249e+00
4.481120280070017962e-04,1.440000000000000169e+00
4.485121280320080416e-04,-2.280156250000000107e+00
4.489122280570142869e-04,1.920000000000000151e+00
4.493123280820205323e-04,-2.280156250000000107e+00
4.497124281070268318e-04,2.280000000000000249e+00
4.501125281320330772e-04,-2.240156250000000071e+00
4.505126281570393226e-04,-2.200156250000000036e+00
4.509127281820455679e-04,2.280000000000000249e+00
4.513128282070518133e-04,-2.280156250000000107e+00
4.517129282320580586e-04,2.280000000000000249e+00
4.521130282570643040e-04,-2.160156250000000000e+00
4.525131282820705494e-04,2.280000000000000249e+00
4.529132283070767947e-04,-2.280156250000000107e+00
4.533133283320830943e-04,2.000000000000000000e+00
4.537134283570893396e-04,2.040000000000000036e+00
4.541135283820955850e-04,-2.280156250000000107e+00
4.545136284071018304e-04,2.280000000000000249e+00
4.549137284321080757e-04,-2.280156250000000107e+00
4.553138284571143211e-04,2.320000000000000284e+00
4.557139284821205664e-04,-2.240156250000000071e+00
4.561140285071268118e-04,-2.240156250000000071e+00
4.565141285321330572e-04,2.280000000000000249e+00
4.569142285571393567e-04,-2.280156250000000107e+00
4.573143285821456021e-04,2.280000000000000249e+00
4.577144286071518475e-04,-2.280156250000000107e+00
4.581145286321580928e-04,2.280000000000000249e+00
4.585146286571643382e-04,-2.280156250000000107e+00
4.589147286821705835e-04,2.280000000000000249e+00
4.593148287071768289e-04,2.120000000000000107e+00
4.597149287321830743e-04,-2.280156250000000107e+00
4.601150287571893738e-04,2.320000000000000284e+00
4.605151287821956192e-04,-2.280156250000000107e+00
4.609152288072018645e-04,-2.080156249999999929e+00
4.613153288322081099e-04,2.280000000000000249e+00
4.617154288572143553e-04,-1.800156249999999902e+00
4.621155288822206006e-04,2.280000000000000249e+00
4.625156289072268460e-04,-2.280156250000000107e+00
4.629157289322330913e-04,2.280000000000000249e+00
4.633158289572393367e-04,1.959999999999999964e+00
4.637159289822456363e-04,-2.280156250000000107e+00
4.641160290072518816e-04,2.080000000000000071e+00
4.645161290322581270e-04,-2.280156250000000107e+00
4.649162290572643724e-04,2.200000000000000178e+00
4.653163290822706177e-04,-2.280156250000000107e+00
4.657164291072768631e-04,2.280000000000000249e+00
4.661165291322831084e-04,-2.280156250000000107e+00
4.665166291572893538e-04,2.280000000000000249e+00
4.669167291822955992e-04,-1.760156250000000089e+00
4.673168292073018987e-04,-2.320156250000000142e+00
4.677169292323081441e-04,2.280000000000000249e+00
4.681170292573143894e-04,-2.000156249999999858e+00
4.685171292823206348e-04,2.240000000000000213e+00
4.689172293073268802e-04,-2.280156250000000107e+00
4.693173293323331255e-04,2.320000000000000284e+00
4.697174293573393709e-04,-2.280156250000000107e+00
4.701175293823456162e-04,2.280000000000000249e+00
4.705176294073519158e-04,2.080000000000000071e+00
4.709177294323581612e-04,-2.280156250000000107e+00
4.713178294573644065e-04,2.280000000000000249e+00
4.717179294823706519e-04,-2.280156250000000107e+00
4.721180295073768973e-04,2.280000000000000249e+00
4.725181295323831426e-04,-2.280156250000000107e+00
4.729182295573893880e-04,-2.160156250000000000e+00
4.733183295823956333e-04,2.280000000000000249e+00
4.737184296074018787e-04,-2.280156250000000107e+00
4.741185296324081783e-04,2.280000000000000249e+00
4.745186296574144236e-04,-2.280156250000000107e+00
4.749187296824206690e-04,2.040000000000000036e+00
4.753188297074269143e-04,2.120000000000000107e+00
4.757189297324331597e-04,-2.280156250000000107e+00
4.761190297574394051e-04,2.280000000000000249e+00
4.765191297824456504e-04,-2.280156250000000107e+00
4.769192298074518958e-04,2.160000000000000142e+00
4.773193298324581411e-04,-2.280156250000000107e+00
4.777194298574644407e-04,2.280000000000000249e+00
4.781195298824706861e-04,-2.160156250000000000e+00
4.785196299074769314e-04,-2.240156250000000071e+00
4.789197299324831768e-04,2.280000000000000249e+00
4.793198299574894222e-04,-2.280156250000000107e+00
4.797199299824956675e-04,2.280000000000000249e+00
4.801200300075019129e-04,-2.280156250000000107e+00
4.805201300325081582e-04,2.280000000000000249e+00
4.809202300575144578e-04,2.080000000000000071e+00
4.813203300825207032e-04,-2.280156250000000107e+00
4.817204301075269485e-04,2.240000000000000213e+00
4.821205301325331939e-04,-2.280156250000000107e+00
4.825206301575394392e-04,2.280000000000000249e+00
4.829207301825456846e-04,-2.280156250000000107e+00
4.833208302075519300e-04,2.280000000000000249e+00
4.837209302325581753e-04,-2.240156250000000071e+00
4.841210302575644207e-04,-1.120156249999999964e+00
4.845211302825707203e-04,2.280000000000000249e+00
4.849212303075769656e-04,-2.280156250000000107e+00
4.853213303325832110e-04,2.280000000000000249e+00
4.857214303575894563e-04,-2.280156250000000107e+00
4.861215303825957017e-04,2.280000000000000249e+00
4.865216304076019471e-04,3.599999999999999867e-01
4.869217304326081924e-04,-2.280156250000000107e+00
4.873218304576144378e-04,2.280000000000000249e+00
4.877219304826206831e-04,-2.280156250000000107e+00
4.881220305076269827e-04,2.280000000000000249e+00
4.885221305326332281e-04,-2.280156250000000107e+00
4.889222305576394192e-04,2.280000000000000249e+00
4.893223305826457188e-04,-2.280156250000000107e+00
4.897224306076520184e-04,-1.280156249999999885e+00
4.901225306326582095e-04,2.280000000000000249e+00
4.905226306576645091e-04,-2.280156250000000107e+00
4.909227306826707002e-04,2.280000000000000249e+00
4.913228307076769998e-04,-2.280156250000000107e+00
4.917229307326831909e-04,2.280000000000000249e+00
4.921230307576894905e-04,2.240000000000000213e+00
4.925231307826956817e-04,-2.280156250000000107e+00
4.929232308077019812e-04,2.240000000000000213e+00
4.933233308327082808e-04,-2.280156250000000107e+00
4.937234308577144720e-04,2.280000000000000249e+00
4.941235308827207715e-04,-2.280156250000000107e+00
4.945236309077269627e-04,2.280000000000000249e+00
4.949237309327332622e-04,-2.280156250000000107e+00
4.953238309577394534e-04,-1.480156250000000062e+00
4.957239309827457530e-04,2.280000000000000249e+00
4.961240310077519441e-04,-2.280156250000000107e+00
4.965241310327582437e-04,2.280000000000000249e+00
4.969242310577645432e-04,-2.280156250000000107e+00
4.973243310827707344e-04,2.280000000000000249e+00
4.977244311077770340e-04,1.880000000000000115e+00
4.981245311327832251e-04,-2.280156250000000107e+00
4.985246311577895247e-04,2.280000000000000249e+00
4.989247311827957158e-04,-2.280156250000000107e+00
4.993248312078020154e-04,2.280000000000000249e+00
4.997249312328082066e-04,-2.040156249999999893e+00
5.001250312578145061e-04,-2.080156249999999929e+00
5.005251312828208057e-04,2.280000000000000249e+00
5.009252313078269968e-04,-2.280156250000000107e+00
5.013253313328332964e-04,2.320000000000000284e+00
5.017254313578394876e-04,-1.960156249999999822e+00
5.021255313828457871e-04,2.280000000000000249e+00
5.025256314078519783e-04,1.360000000000000098e+00
5.029257314328582779e-04,-2.280156250000000107e+00
5.033258314578644690e-04,2.240000000000000213e+00
5.037259314828707686e-04,-2.280156250000000107e+00
5.041260315078770681e-04,2.280000000000000249e+00
5.045261315328832593e-04,-2.280156250000000107e+00
5.049262315578895589e-04,-1.960156249999999822e+00
5.053263315828957500e-04,2.280000000000000249e+00
5.057264316079020496e-04,-2.040156249999999893e+00
5.061265316329082407e-04,2.280000000000000249e+00
5.065266316579145403e-04,-2.280156250000000107e+00
5.069267316829208399e-04,2.280000000000000249e+00
5.073268317079270310e-04,-2.280156250000000107e+00
5.077269317329333306e-04,2.280000000000000249e+00
5.081270317579395217e-04,2.160000000000000142e+00
5.085271317829458213e-04,-2.280156250000000107e+00
5.089272318079520125e-04,1.920000000000000151e+00
5.093273318329583120e-04,-2.280156250000000107e+00
5.097274318579645032e-04,-2.000156249999999858e+00
5.101275318829708028e-04,2.280000000000000249e+00
5.105276319079771023e-04,-2.280156250000000107e+00
5.109277319329832935e-04,2.280000000000000249e+00
5.113278319579895930e-04,-2.240156250000000071e+00
5.117279319829957842e-04,2.120000000000000107e+00
5.121280320080020838e-04,2.200000000000000178e+00
5.125281320330082749e-04,-2.280156250000000107e+00
5.129282320580145745e-04,2.280000000000000249e+00
5.133283320830207656e-04,-2.280156250000000107e+00
5.137284321080270652e-04,2.280000000000000249e+00
5.141285321330333648e-04,-2.280156250000000107e+00
5.145286321580395559e-04,-9.201562500000000089e-01
5.149287321830458555e-04,2.320000000000000284e+00
5.153288322080520466e-04,-2.320156250000000142e+00
5.157289322330583462e-04,2.280000000000000249e+00
5.161290322580645374e-04,-2.280156250000000107e+00
5.165291322830708369e-04,2.000000000000000000e+00
5.169292323080770281e-04,2.080000000000000071e+00
5.173293323330833277e-04,-2.280156250000000107e+00
5.177294323580896272e-04,1.920000000000000151e+00
5.181295323830958184e-04,-2.280156250000000107e+00
5.185296324081021179e-04,2.280000000000000249e+00
5.189297324331083091e-04,-2.240156250000000071e+00
5.193298324581146087e-04,-1.520156250000000098e+00
5.197299324831207998e-04,2.280000000000000249e+00
5.201300325081270994e-04,-1.920156250000000009e+00
5.205301325331332905e-04,2.280000000000000249e+00
5.209302325581395901e-04,2.000000000000000000e+00
5.213303325831458897e-04,-2.280156250000000107e+00
5.217304326081520808e-04,2.200000000000000178e+00
5.221305326331583804e-04,-2.280156250000000107e+00
5.225306326581645715e-04,2.280000000000000249e+00
5.229307326831708711e-04,-2.280156250000000107e+00
5.233308327081770623e-04,-2.280156250000000107e+00
5.237309327331833618e-04,2.320000000000000284e+00
5.241310327581895530e-04,-2.280156250000000107e+00
5.245311327831958526e-04,2.240000000000000213e+00
5.249312328082021521e-04,2.280000000000000249e+00
5.253313328332083433e-04,-2.280156250000000107e+00
5.257314328582146428e-04,2.280000000000000249e+00
5.261315328832208340e-04,-2.280156250000000107e+00
5.265316329082271336e-04,2.320000000000000284e+00
5.269317329332333247e-04,-2.280156250000000107e+00
5.273318329582396243e-04,-2.080156249999999929e+00
5.277319329832458154e-04,2.320000000000000284e+00
5.281320330082521150e-04,-2.280156250000000107e+00
5.285321330332584146e-04,2.240000000000000213e+00
5.289322330582646057e-04,2.280000000000000249e+00
5.293323330832709053e-04,-2.280156250000000107e+00
5.297324331082770964e-04,2.280000000000000249e+00
5.301325331332833960e-04,-2.280156250000000107e+00
5.305326331582895872e-04,2.280000000000000249e+00
5.309327331832958867e-04,-2.280156250000000107e+00
5.313328332083021863e-04,-2.280156250000000107e+00
5.317329332333083775e-04,2.280000000000000249e+00
5.321330332583146770e-04,-2.000156249999999858e+00
5.325331332833208682e-04,2.280000000000000249e+00
5.329332333083271677e-04,-2.280156250000000107e+00
5.333333333333333589e-04,2.200000000000000178e+00
5.337334333583396585e-04,2.200000000000000178e+00
5.341335333833458496e-04,-2.280156250000000107e+00
5.345336334083521492e-04,-1.920156250000000009e+00
5.349337334333584488e-04,2.280000000000000249e+00
5.353338334583646399e-04,-2.280156250000000107e+00
5.357339334833709395e-04,2.280000000000000249e+00
5.361340335083771306e-04,-2.280156250000000107e+00
5.365341335333834302e-04,1.080000000000000071e+00
5.369342335583896213e-04,2.280000000000000249e+00
5.373343335833959209e-04,-2.320156250000000142e+00
5.377344336084021121e-04,2.280000000000000249e+00
5.381345336334084116e-04,-2.280156250000000107e+00
5.385346336584147112e-04,-2.160156250000000000e+00
5.389347336834209024e-04,2.280000000000000249e+00
5.393348337084272019e-04,-1.960156249999999822e+00
5.397349337334333931e-04,2.280000000000000249e+00
5.401350337584396926e-04,2.240000000000000213e+00
5.405351337834458838e-04,-2.280156250000000107e+00
5.409352338084521834e-04,2.280000000000000249e+00
5.413353338334583745e-04,-2.280156250000000107e+00
5.417354338584646741e-04,-2.160156250000000000e+00
5.421355338834709736e-04,2.280000000000000249e+00
5.425356339084771648e-04,-2.240156250000000071e+00
5.429357339334834644e-04,2.280000000000000249e+00
5.433358339584896555e-04,-2.280156250000000107e+00
5.437359339834959551e-04,2.280000000000000249e+00
5.441360340085021462e-04,1.959999999999999964e+00
5.445361340335084458e-04,-2.280156250000000107e+00
5.449362340585146370e-04,2.280000000000000249e+00
5.453363340835209365e-04,-2.200156250000000036e+00
5.457364341085272361e-04,-2.200156250000000036e+00
5.461365341335334272e-04,2.280000000000000249e+00
5.465366341585397268e-04,-2.280156250000000107e+00
5.469367341835459180e-04,2.320000000000000284e+00
5.473368342085522175e-04,2.200000000000000178e+00
5.477369342335584087e-04,-2.280156250000000107e+00
5.481370342585647083e-04,2.280000000000000249e+00
5.485371342835708994e-04,-2.280156250000000107e+00
5.489372343085771990e-04,-2.160156250000000000e+00
5.493373343335834985e-04,2.280000000000000249e+00
5.497374343585896897e-04,-2.280156250000000107e+00
5.501375343835959893e-04,2.200000000000000178e+00
5.505376344086021804e-04,2.200000000000000178e+00
5.509377344336084800e-04,-2.280156250000000107e+00
5.513378344586146711e-04,2.040000000000000036e+00
5.517379344836209707e-04,-2.280156250000000107e+00
5.521380345086272703e-04,-1.920156250000000009e+00
5.525381345336334614e-04,2.280000000000000249e+00
5.529382345586397610e-04,-2.280156250000000107e+00
5.533383345836459521e-04,2.120000000000000107e+00
5.537384346086522517e-04,2.120000000000000107e+00
5.541385346336584429e-04,-2.280156250000000107e+00
5.545386346586647424e-04,2.320000000000000284e+00
5.549387346836709336e-04,-2.280156250000000107e+00
5.553388347086772332e-04,-2.160156250000000000e+00
5.557389347336835327e-04,2.280000000000000249e+00
5.561390347586897239e-04,-2.280156250000000107e+00
5.565391347836960234e-04,2.280000000000000249e+00
5.569392348087022146e-04,-2.280156250000000107e+00
5.573393348337085142e-04,1.640000000000000124e+00
5.577394348587147053e-04,2.280000000000000249e+00
5.581395348837210049e-04,-2.280156250000000107e+00
5.585396349087271960e-04,-1.000156250000000080e+00
5.589397349337334956e-04,2.280000000000000249e+00
5.593398349587397952e-04,-2.280156250000000107e+00
5.597399349837459863e-04,2.240000000000000213e+00
5.601400350087522859e-04,2.280000000000000249e+00
5.605401350337584770e-04,-2.280156250000000107e+00
5.609402350587647766e-04,1.880000000000000115e+00
5.613403350837709678e-04,-1.960156249999999822e+00
5.617404351087772673e-04,-2.080156249999999929e+00
5.621405351337834585e-04,2.280000000000000249e+00
5.625406351587897581e-04,-2.280156250000000107e+00
5.629407351837960576e-04,2.280000000000000249e+00
5.633408352088022488e-04,2.200000000000000178e+00
5.637409352338085483e-04,-2.280156250000000107e+00
5.641410352588147395e-04,2.280000000000000249e+00
5.645411352838210391e-04,-2.080156249999999929e+00
5.649412353088272302e-04,-2.120156249999999964e+00
5.653413353338335298e-04,2.280000000000000249e+00
5.657414353588397209e-04,-2.240156250000000071e+00
5.661415353838460205e-04,2.040000000000000036e+00
5.665416354088523201e-04,2.080000000000000071e+00
5.669417354338585112e-04,-2.280156250000000107e+00
5.673418354588648108e-04,2.280000000000000249e+00
5.677419354838710019e-04,-2.280156250000000107e+00
5.681420355088773015e-04,-1.920156250000000009e+00
5.685421355338834927e-04,2.320000000000000284e+00
5.689422355588897922e-04,-2.280156250000000107e+00
5.693423355838959834e-04,2.320000000000000284e+00
5.697424356089022830e-04,1.840000000000000080e+00
5.701425356339085825e-04,-2.280156250000000107e+00
5.705426356589147737e-04,2.280000000000000249e+00
5.709427356839210732e-04,-2.280156250000000107e+00
5.713428357089272644e-04,-2.240156250000000071e+00
5.717429357339335640e-04,2.280000000000000249e+00
5.721430357589397551e-04,-2.280156250000000107e+00
5.725431357839460547e-04,2.000000000000000000e+00
5.729432358089523543e-04,2.040000000000000036e+00
5.733433358339585454e-04,-2.280156250000000107e+00
5.737434358589648450e-04,-6.401562499999999822e-01
5.741435358839710361e-04,2.320000000000000284e+00
5.745436359089773357e-04,-2.280156250000000107e+00
5.749437359339835268e-04,2.320000000000000284e+00
5.753438359589898264e-04,-2.280156250000000107e+00
5.757439359839960176e-04,2.320000000000000284e+00
5.761440360090023171e-04,2.240000000000000213e+00
5.765441360340086167e-04,-2.280156250000000107e+00
5.769442360590148079e-04,-9.201562500000000089e-01
5.773443360840211074e-04,2.280000000000000249e+00
5.777444361090272986e-04,-2.280156250000000107e+00
5.781445361340335981e-04,2.280000000000000249e+00
5.785446361590397893e-04,2.280000000000000249e+00
5.789447361840460889e-04,-2.280156250000000107e+00
5.793448362090522800e-04,2.280000000000000249e+00
5.797449362340585796e-04,-2.280156250000000107e+00
5.801450362590648792e-04,-1.960156249999999822e+00
5.805451362840710703e-04,2.320000000000000284e+00
5.809452363090773699e-04,-2.280156250000000107e+00
5.813453363340835610e-04,2.320000000000000284e+00
5.817454363590898606e-04,-2.280156250000000107e+00
5.821455363840960517e-04,1.719999999999999973e+00
5.825456364091023513e-04,2.320000000000000284e+00
5.829457364341085425e-04,-2.280156250000000107e+00
5.833458364591148420e-04,-1.000156250000000080e+00
5.837459364841211416e-04,2.320000000000000284e+00
5.841460365091273328e-04,-2.280156250000000107e+00
5.845461365341336323e-04,2.240000000000000213e+00
5.849462365591398235e-04,2.280000000000000249e+00
5.853463365841461230e-04,-2.240156250000000071e+00
5.857464366091523142e-04,2.280000000000000249e+00
5.861465366341586138e-04,-1.880156249999999973e+00
5.865466366591648049e-04,-1.920156250000000009e+00
5.869467366841711045e-04,2.280000000000000249e+00
5.873468367091774040e-04,-2.280156250000000107e+00
5.877469367341835952e-04,2.280000000000000249e+00
5.881470367591898948e-04,2.280000000000000249e+00
5.885471367841960859e-04,-2.280156250000000107e+00
5.889472368092023855e-04,2.280000000000000249e+00
5.893473368342085766e-04,-2.000156249999999858e+00
5.897474368592148762e-04,-2.000156249999999858e+00
5.901475368842210674e-04,2.320000000000000284e+00
5.905476369092273669e-04,-2.280156250000000107e+00
5.909477369342336665e-04,1.920000000000000151e+00
5.913478369592398576e-04,2.000000000000000000e+00
5.917479369842461572e-04,-2.280156250000000107e+00
5.921480370092523484e-04,2.280000000000000249e+00
5.925481370342586479e-04,-2.280156250000000107e+00
5.929482370592648391e-04,-1.920156250000000009e+00
5.933483370842711387e-04,2.320000000000000284e+00
5.937484371092774382e-04,-2.280156250000000107e+00
5.941485371342836294e-04,2.320000000000000284e+00
5.945486371592899289e-04,1.719999999999999973e+00
5.949487371842961201e-04,-2.280156250000000107e+00
5.953488372093024197e-04,2.320000000000000284e+00
5.957489372343086108e-04,-2.280156250000000107e+00
5.961490372593149104e-04,-2.080156249999999929e+00
5.965491372843211015e-04,2.280000000000000249e+00
5.969492373093274011e-04,-2.280156250000000107e+00
5.973493373343337007e-04,2.280000000000000249e+00
5.977494373593398918e-04,2.280000000000000249e+00
5.981495373843461914e-04,-2.280156250000000107e+00
5.985496374093523825e-04,2.280000000000000249e+00
5.989497374343586821e-04,-1.760156250000000089e+00
5.993498374593648733e-04,-2.280156250000000107e+00
5.997499374843711728e-04,2.280000000000000249e+00
6.001500375093773640e-04,-2.280156250000000107e+00
6.005501375343836636e-04,2.280000000000000249e+00
6.009502375593899631e-04,1.160000000000000142e+00
6.013503375843961543e-04,-2.280156250000000107e+00
6.017504376094024538e-04,2.320000000000000284e+00
6.021505376344086450e-04,-2.280156250000000107e+00
6.025506376594149446e-04,-2.280156250000000107e+00
6.029507376844211357e-04,2.280000000000000249e+00
6.033508377094274353e-04,-2.280156250000000107e+00
6.037509377344336264e-04,2.280000000000000249e+00
6.041510377594399260e-04,2.280000000000000249e+00
6.045511377844462256e-04,-2.280156250000000107e+00
6.049512378094524167e-04,2.320000000000000284e+00
6.053513378344587163e-04,-2.280156250000000107e+00
6.057514378594649074e-04,2.320000000000000284e+00
6.061515378844712070e-04,-2.280156250000000107e+00
6.065516379094773982e-04,-2.240156250000000071e+00
6.069517379344836977e-04,2.280000000000000249e+00
6.073518379594898889e-04,-2.280156250000000107e+00
6.077519379844961885e-04,2.280000000000000249e+00
6.081520380095024880e-04,2.280000000000000249e+00
6.085521380345086792e-04,-2.280156250000000107e+00
6.089522380595149787e-04,-1.720156250000000053e+00
6.093523380845211699e-04,2.280000000000000249e+00
6.097524381095274695e-04,-2.280156250000000107e+00
6.101525381345336606e-04,2.280000000000000249e+00
6.105526381595399602e-04,-2.280156250000000107e+00
6.109527381845461513e-04,1.080000000000000071e+00
6.113528382095524509e-04,2.280000000000000249e+00
6.117529382345587505e-04,-2.280156250000000107e+00
6.121530382595649416e-04,2.320000000000000284e+00
6.125531382845712412e-04,-2.240156250000000071e+00
6.129532383095774323e-04,-2.240156250000000071e+00
6.133533383345837319e-04,2.280000000000000249e+00
6.137534383595899231e-04,-1.920156250000000009e+00
6.141535383845962226e-04,2.240000000000000213e+00
6.145536384096024138e-04,2.280000000000000249e+00
6.149537384346087134e-04,-2.280156250000000107e+00
6.153538384596150129e-04,2.280000000000000249e+00
6.157539384846212041e-04,-2.280156250000000107e+00
6.161540385096275036e-04,-2.080156249999999929e+00
6.165541385346336948e-04,2.280000000000000249e+00
6.169542385596399944e-04,-2.240156250000000071e+00
6.173543385846461855e-04,2.280000000000000249e+00
6.177544386096524851e-04,-2.280156250000000107e+00
6.181545386346587847e-04,2.280000000000000249e+00
6.185546386596649758e-04,-2.280156250000000107e+00
6.189547386846712754e-04,1.840000000000000080e+00
6.193548387096774665e-04,2.280000000000000249e+00
6.197549387346837661e-04,-2.320156250000000142e+00
6.201550387596899572e-04,-2.080156249999999929e+00
6.205551387846962568e-04,2.280000000000000249e+00
6.209552388097024480e-04,-2.000156249999999858e+00
6.213553388347087475e-04,2.280000000000000249e+00
6.217554388597150471e-04,-2.280156250000000107e+00
6.221555388847212383e-04,1.920000000000000151e+00
6.225556389097275378e-04,2.000000000000000000e+00
6.229557389347337290e-04,-2.280156250000000107e+00
6.233558389597400285e-04,2.280000000000000249e+00
6.237559389847462197e-04,-1.800156249999999902e+00
6.241560390097525193e-04,-2.280156250000000107e+00
6.245561390347587104e-04,2.320000000000000284e+00
6.249562390597650100e-04,-2.280156250000000107e+00
6.253563390847713096e-04,2.280000000000000249e+00
6.257564391097775007e-04,-2.280156250000000107e+00
6.261565391347838003e-04,2.200000000000000178e+00
6.265566391597899914e-04,2.200000000000000178e+00
6.269567391847962910e-04,-2.280156250000000107e+00
6.273568392098024821e-04,2.280000000000000249e+00
6.277569392348087817e-04,-1.880156249999999973e+00
6.281570392598149729e-04,-1.920156250000000009e+00
6.285571392848212724e-04,2.320000000000000284e+00
6.289572393098275720e-04,-2.280156250000000107e+00
6.293573393348337632e-04,2.280000000000000249e+00
6.297574393598400627e-04,-2.280156250000000107e+00
6.301575393848462539e-04,2.200000000000000178e+00
6.305576394098525534e-04,2.160000000000000142e+00
6.309577394348587446e-04,-2.280156250000000107e+00
6.313578394598650442e-04,1.959999999999999964e+00
6.317579394848712353e-04,-2.280156250000000107e+00
6.321580395098775349e-04,2.280000000000000249e+00
6.325581395348838344e-04,-2.280156250000000107e+00
6.329582395598900256e-04,-2.280156250000000107e+00
6.333583395848963252e-04,2.280000000000000249e+00
6.337584396099025163e-04,-2.280156250000000107e+00
6.341585396349088159e-04,2.040000000000000036e+00
6.345586396599150070e-04,2.080000000000000071e+00
6.349587396849213066e-04,-2.280156250000000107e+00
6.353588397099274978e-04,2.080000000000000071e+00
6.357589397349337973e-04,-2.280156250000000107e+00
6.361590397599400969e-04,-2.240156250000000071e+00
6.365591397849462880e-04,2.280000000000000249e+00
6.369592398099525876e-04,-2.280156250000000107e+00
6.373593398349587788e-04,2.280000000000000249e+00
6.377594398599650783e-04,-2.280156250000000107e+00
6.381595398849712695e-04,2.280000000000000249e+00
6.385596399099775691e-04,-2.280156250000000107e+00
6.389597399349838686e-04,1.080000000000000071e+00
6.393598399599900598e-04,2.280000000000000249e+00
6.397599399849963593e-04,-2.280156250000000107e+00
6.401600400100025505e-04,2.280000000000000249e+00
6.405601400350088501e-04,-2.280156250000000107e+00
6.409602400600150412e-04,-2.280156250000000107e+00
6.413603400850213408e-04,2.280000000000000249e+00
6.417604401100275319e-04,-2.240156250000000071e+00
6.421605401350338315e-04,2.280000000000000249e+00
6.425606401600401311e-04,-2.280156250000000107e+00
6.429607401850463222e-04,2.280000000000000249e+00
6.433608402100526218e-04,-2.320156250000000142e+00
6.437609402350588129e-04,2.280000000000000249e+00
6.441610402600651125e-04,2.200000000000000178e+00
6.445611402850713037e-04,-2.280156250000000107e+00
6.449612403100776032e-04,2.280000000000000249e+00
6.453613403350837944e-04,-2.280156250000000107e+00
6.457614403600900940e-04,2.280000000000000249e+00
6.461615403850963935e-04,-2.240156250000000071e+00
6.465616404101025847e-04,-2.240156250000000071e+00
6.469617404351088842e-04,2.280000000000000249e+00
6.473618404601150754e-04,-2.280156250000000107e+00
6.477619404851213750e-04,2.280000000000000249e+00
6.481620405101275661e-04,1.680000000000000160e+00
6.485621405351338657e-04,-2.280156250000000107e+00
6.489622405601400568e-04,2.280000000000000249e+00
6.493623405851463564e-04,-2.280156250000000107e+00
6.497624406101526560e-04,2.280000000000000249e+00
6.501625406351588471e-04,-2.280156250000000107e+00
6.505626406601651467e-04,2.320000000000000284e+00
6.509627406851713378e-04,-2.240156250000000071e+00
6.513628407101776374e-04,-2.280156250000000107e+00
6.517629407351838286e-04,2.280000000000000249e+00
6.521630407601901281e-04,-2.280156250000000107e+00
6.525631407851963193e-04,2.280000000000000249e+00
6.529632408102026189e-04,2.240000000000000213e+00
6.533633408352089184e-04,-2.280156250000000107e+00
6.537634408602151096e-04,2.120000000000000107e+00
6.541635408852214091e-04,-2.280156250000000107e+00
6.545636409102276003e-04,2.280000000000000249e+00
6.549637409352338999e-04,-2.280156250000000107e+00
6.553638409602400910e-04,2.320000000000000284e+00
6.557639409852463906e-04,-2.280156250000000107e+00
6.561640410102525817e-04,2.280000000000000249e+00
6.565641410352588813e-04,-2.160156250000000000e+00
6.569642410602651809e-04,-2.200156250000000036e+00
6.573643410852713720e-04,2.280000000000000249e+00
6.577644411102776716e-04,-2.280156250000000107e+00
6.581645411352838627e-04,2.280000000000000249e+00
6.585646411602901623e-04,2.240000000000000213e+00
6.589647411852963535e-04,-2.280156250000000107e+00
6.593648412103026530e-04,2.280000000000000249e+00
6.597649412353089526e-04,-2.280156250000000107e+00
6.601650412603151438e-04,2.280000000000000249e+00
6.605651412853214433e-04,-2.280156250000000107e+00
6.609652413103276345e-04,-2.280156250000000107e+00
6.613653413353339340e-04,2.280000000000000249e+00
6.617654413603401252e-04,-2.280156250000000107e+00
6.621655413853464248e-04,2.280000000000000249e+00
6.625656414103526159e-04,-2.280156250000000107e+00
6.629657414353589155e-04,2.280000000000000249e+00
6.633658414603652151e-04,-2.280156250000000107e+00
6.637659414853714062e-04,2.120000000000000107e+00
6.641660415103777058e-04,2.200000000000000178e+00
6.645661415353838969e-04,-2.280156250000000107e+00
6.649662415603901965e-04,2.120000000000000107e+00
6.653663415853963876e-04,-2.280156250000000107e+00
6.657664416104026872e-04,2.280000000000000249e+00
6.661665416354088784e-04,-2.280156250000000107e+00
6.665666416604151779e-04,2.280000000000000249e+00
6.669667416854214775e-04,-2.280156250000000107e+00
6.673668417104276687e-04,-1.920156250000000009e+00
6.677669417354339682e-04,2.320000000000000284e+00
6.681670417604401594e-04,-2.280156250000000107e+00
6.685671417854464589e-04,2.280000000000000249e+00
6.689672418104526501e-04,-2.280156250000000107e+00
6.693673418354589497e-04,2.280000000000000249e+00
6.697674418604651408e-04,2.120000000000000107e+00
6.701675418854714404e-04,-2.280156250000000107e+00
6.705676419104777400e-04,2.280000000000000249e+00
6.709677419354839311e-04,-2.280156250000000107e+00
6.713678419604902307e-04,2.280000000000000249e+00
6.717679419854964218e-04,-2.280156250000000107e+00
6.721680420105027214e-04,2.240000000000000213e+00
6.725681420355089125e-04,-2.280156250000000107e+00
6.729682420605152121e-04,-2.200156250000000036e+00
6.733683420855214033e-04,2.280000000000000249e+00
6.737684421105277028e-04,-2.280156250000000107e+00
6.741685421355340024e-04,2.280000000000000249e+00
6.745686421605401936e-04,-2.280156250000000107e+00
6.749687421855464931e-04,2.280000000000000249e+00
6.753688422105526843e-04,-2.280156250000000107e+00
6.757689422355589838e-04,2.240000000000000213e+00
6.761690422605651750e-04,2.240000000000000213e+00
6.765691422855714746e-04,-2.280156250000000107e+00
6.769692423105776657e-04,2.280000000000000249e+00
6.773693423355839653e-04,-2.280156250000000107e+00
6.777694423605902648e-04,-2.160156250000000000e+00
6.781695423855964560e-04,2.280000000000000249e+00
6.785696424106027556e-04,-2.280156250000000107e+00
6.789697424356089467e-04,2.240000000000000213e+00
6.793698424606152463e-04,-2.280156250000000107e+00
6.797699424856214374e-04,2.280000000000000249e+00
6.801700425106277370e-04,-2.280156250000000107e+00
6.805701425356340366e-04,2.280000000000000249e+00
6.809702425606402277e-04,-2.280156250000000107e+00
6.813703425856465273e-04,2.280000000000000249e+00
6.817704426106527184e-04,2.200000000000000178e+00
6.821705426356590180e-04,-2.280156250000000107e+00
6.825706426606652092e-04,2.160000000000000142e+00
6.829707426856715087e-04,-2.280156250000000107e+00
6.833708427106776999e-04,2.280000000000000249e+00
6.837709427356839995e-04,-2.160156250000000000e+00
6.841710427606902990e-04,-2.160156250000000000e+00
6.845711427856964902e-04,2.280000000000000249e+00
6.849712428107027897e-04,-2.240156250000000071e+00
6.853713428357089809e-04,2.280000000000000249e+00
6.857714428607152805e-04,-2.280156250000000107e+00
6.861715428857214716e-04,2.280000000000000249e+00
6.865716429107277712e-04,2.280000000000000249e+00
6.869717429357339623e-04,-2.280156250000000107e+00
6.873718429607402619e-04,2.240000000000000213e+00
6.877719429857465615e-04,-2.280156250000000107e+00
6.881720430107527526e-04,2.120000000000000107e+00
6.885721430357590522e-04,-2.280156250000000107e+00
6.889722430607652433e-04,-1.960156249999999822e+00
6.893723430857715429e-04,2.280000000000000249e+00
6.897724431107777341e-04,-2.000156249999999858e+00
6.901725431357840336e-04,2.280000000000000249e+00
6.905726431607902248e-04,-2.280156250000000107e+00
6.909727431857965244e-04,2.280000000000000249e+00
6.913728432108028239e-04,-2.280156250000000107e+00
6.917729432358090151e-04,2.280000000000000249e+00
6.921730432608153146e-04,-2.280156250000000107e+00
6.925731432858215058e-04,2.280000000000000249e+00
6.929732433108278054e-04,1.680000000000000160e+00
6.933733433358339965e-04,-2.280156250000000107e+00
6.937734433608402961e-04,2.080000000000000071e+00
6.941735433858464872e-04,-2.280156250000000107e+00
6.945736434108527868e-04,2.280000000000000249e+00
6.949737434358590864e-04,-2.280156250000000107e+00
6.953738434608652775e-04,-2.040156249999999893e+00
6.957739434858715771e-04,2.280000000000000249e+00
6.961740435108777682e-04,-1.840156249999999938e+00
6.965741435358840678e-04,2.280000000000000249e+00
6.969742435608902590e-04,-2.280156250000000107e+00
6.973743435858965585e-04,2.280000000000000249e+00
6.977744436109027497e-04,2.080000000000000071e+00
6.981745436359090493e-04,-2.280156250000000107e+00
6.985746436609153488e-04,2.280000000000000249e+00
6.989747436859215400e-04,-2.280156250000000107e+00
6.993748437109278395e-04,2.320000000000000284e+00
6.997749437359340307e-04,-2.280156250000000107e+00
7.001750437609403303e-04,2.280000000000000249e+00
7.005751437859465214e-04,-2.200156250000000036e+00
7.009752438109528210e-04,-2.200156250000000036e+00
7.013753438359591206e-04,2.280000000000000249e+00
7.017754438609653117e-04,-2.280156250000000107e+00
7.021755438859716113e-04,2.240000000000000213e+00
7.025756439109778024e-04,2.280000000000000249e+00
7.029757439359841020e-04,-2.280156250000000107e+00
7.033758439609902931e-04,2.280000000000000249e+00
7.037759439859965927e-04,-2.280156250000000107e+00
7.041760440110027839e-04,2.280000000000000249e+00
7.045761440360090834e-04,-2.280156250000000107e+00
7.049762440610153830e-04,2.280000000000000249e+00
7.053763440860215742e-04,-2.280156250000000107e+00
7.057764441110278737e-04,-1.680156250000000018e+00
7.061765441360340649e-04,2.280000000000000249e+00
7.065766441610403644e-04,-2.280156250000000107e+00
7.069767441860465556e-04,2.280000000000000249e+00
7.073768442110528552e-04,-2.280156250000000107e+00
7.077769442360590463e-04,1.800000000000000044e+00
7.081770442610653459e-04,1.880000000000000115e+00
7.085771442860716455e-04,-2.280156250000000107e+00
7.089772443110778366e-04,2.280000000000000249e+00
7.093773443360841362e-04,-2.280156250000000107e+00
7.097774443610903273e-04,-3.601562500000000111e-01
7.101775443860966269e-04,2.280000000000000249e+00
7.105776444111028180e-04,-2.280156250000000107e+00
7.109777444361091176e-04,2.280000000000000249e+00
7.113778444611153088e-04,-2.280156250000000107e+00
7.117779444861216083e-04,2.280000000000000249e+00
7.121780445111279079e-04,-2.280156250000000107e+00
7.125781445361340991e-04,2.280000000000000249e+00
7.129782445611403986e-04,2.200000000000000178e+00
7.133783445861465898e-04,-2.280156250000000107e+00
7.137784446111528893e-04,2.280000000000000249e+00
7.141785446361590805e-04,-2.320156250000000142e+00
7.145786446611653801e-04,-1.800156249999999902e+00
7.149787446861715712e-04,2.280000000000000249e+00
7.153788447111778708e-04,-2.280156250000000107e+00
7.157789447361841704e-04,2.280000000000000249e+00
7.161790447611903615e-04,-2.280156250000000107e+00
7.165791447861966611e-04,2.280000000000000249e+00
7.169792448112028522e-04,-2.280156250000000107e+00
7.173793448362091518e-04,2.280000000000000249e+00
7.177794448612153429e-04,2.240000000000000213e+00
7.181795448862216425e-04,-2.280156250000000107e+00
7.185796449112278337e-04,2.280000000000000249e+00
7.189797449362341332e-04,-2.200156250000000036e+00
7.193798449612404328e-04,-2.200156250000000036e+00
7.197799449862466240e-04,2.320000000000000284e+00
7.201800450112529235e-04,-2.280156250000000107e+00
7.205801450362591147e-04,2.280000000000000249e+00
7.209802450612654142e-04,1.440000000000000169e+00
7.213803450862716054e-04,-2.280156250000000107e+00
7.217804451112779050e-04,2.280000000000000249e+00
7.221805451362840961e-04,-2.280156250000000107e+00
7.225806451612903957e-04,2.280000000000000249e+00
7.229807451862966952e-04,-1.680156250000000018e+00
7.233808452113028864e-04,-2.280156250000000107e+00
7.237809452363091860e-04,2.280000000000000249e+00
7.241810452613153771e-04,-2.280156250000000107e+00
7.245811452863216767e-04,2.320000000000000284e+00
7.249812453113278678e-04,-2.320156250000000142e+00
7.253813453363341674e-04,2.200000000000000178e+00
7.257814453613404670e-04,2.200000000000000178e+00
7.261815453863466581e-04,-2.280156250000000107e+00
7.265816454113529577e-04,2.280000000000000249e+00
7.269817454363591488e-04,-1.760156250000000089e+00
7.273818454613654484e-04,-2.280156250000000107e+00
7.277819454863716396e-04,2.280000000000000249e+00
7.281820455113779391e-04,-2.280156250000000107e+00
7.285821455363841303e-04,2.280000000000000249e+00
7.289822455613904299e-04,2.000000000000000000e+00
7.293823455863967294e-04,-2.280156250000000107e+00
7.297824456114029206e-04,1.920000000000000151e+00
7.301825456364092201e-04,-2.280156250000000107e+00
7.305826456614154113e-04,2.280000000000000249e+00
7.309827456864217109e-04,-2.280156250000000107e+00
7.313828457114279020e-04,-2.040156249999999893e+00
7.317829457364342016e-04,2.280000000000000249e+00
7.321830457614403927e-04,-2.280156250000000107e+00
7.325831457864466923e-04,2.280000000000000249e+00
7.329832458114529919e-04,2.280000000000000249e+00
7.333833458364591830e-04,-2.280156250000000107e+00
7.337834458614654826e-04,2.280000000000000249e+00
7.341835458864716737e-04,-2.280156250000000107e+00
7.345836459114779733e-04,-2.401562499999999878e-01
7.349837459364841645e-04,2.320000000000000284e+00
7.353838459614904640e-04,-2.280156250000000107e+00
7.357839459864966552e-04,2.280000000000000249e+00
7.361840460115029548e-04,1.959999999999999964e+00
7.365841460365092543e-04,-2.280156250000000107e+00
7.369842460615154455e-04,2.280000000000000249e+00
7.373843460865217450e-04,-2.280156250000000107e+00
7.377844461115279362e-04,2.280000000000000249e+00
7.381845461365342358e-04,-2.080156249999999929e+00
7.385846461615404269e-04,-2.080156249999999929e+00
7.389847461865467265e-04,2.280000000000000249e+00
7.393848462115529176e-04,-2.280156250000000107e+00
7.397849462365592172e-04,2.280000000000000249e+00
7.401850462615655168e-04,2.280000000000000249e+00
7.405851462865717079e-04,-2.280156250000000107e+00
7.409852463115780075e-04,2.000000000000000000e+00
7.413853463365841986e-04,-2.280156250000000107e+00
7.417854463615904982e-04,2.320000000000000284e+00
7.421855463865966894e-04,-2.240156250000000071e+00
7.425856464116029889e-04,-2.080156249999999929e+00
7.429857464366091801e-04,2.320000000000000284e+00
7.433858464616154797e-04,-2.280156250000000107e+00
7.437859464866217792e-04,2.000000000000000000e+00
7.441860465116279704e-04,2.000000000000000000e+00
7.445861465366342699e-04,-2.280156250000000107e+00
7.449862465616404611e-04,2.280000000000000249e+00
7.453863465866467607e-04,-2.280156250000000107e+00
7.457864466116529518e-04,-2.200156250000000036e+00
7.461865466366592514e-04,2.280000000000000249e+00
7.465866466616655510e-04,-2.280156250000000107e+00
7.469867466866717421e-04,2.280000000000000249e+00
7.473868467116780417e-04,2.280000000000000249e+00
7.477869467366842328e-04,-2.280156250000000107e+00
7.481870467616905324e-04,2.280000000000000249e+00
7.485871467866967235e-04,-2.160156250000000000e+00
7.489872468117030231e-04,-2.160156250000000000e+00
7.493873468367092143e-04,2.280000000000000249e+00
7.497874468617155138e-04,-1.960156249999999822e+00
7.501875468867218134e-04,2.280000000000000249e+00
7.505876469117280046e-04,2.040000000000000036e+00
7.509877469367343041e-04,-2.280156250000000107e+00
7.513878469617404953e-04,2.280000000000000249e+00
7.517879469867467948e-04,-2.040156249999999893e+00
7.521880470117529860e-04,-2.160156250000000000e+00
7.525881470367592856e-04,2.320000000000000284e+00
7.529882470617654767e-04,-2.280156250000000107e+00
7.533883470867717763e-04,2.280000000000000249e+00
7.537884471117780759e-04,2.240000000000000213e+00
7.541885471367842670e-04,-2.280156250000000107e+00
7.545886471617905666e-04,2.280000000000000249e+00
7.549887471867967577e-04,-2.280156250000000107e+00
7.553888472118030573e-04,2.320000000000000284e+00
7.557889472368092484e-04,-1.680156250000000018e+00
7.561890472618155480e-04,-2.280156250000000107e+00
7.565891472868217392e-04,2.280000000000000249e+00
7.569892473118280387e-04,9.600000000000000755e-01
7.573893473368343383e-04,-2.280156250000000107e+00
7.577894473618405295e-04,2.280000000000000249e+00
7.581895473868468290e-04,-2.240156250000000071e+00
7.585896474118530202e-04,-2.240156250000000071e+00
7.589897474368593197e-04,2.280000000000000249e+00
7.593898474618655109e-04,-1.960156249999999822e+00
7.597899474868718105e-04,2.040000000000000036e+00
7.601900475118780016e-04,2.080000000000000071e+00
7.605901475368843012e-04,-2.280156250000000107e+00
7.609902475618906008e-04,2.280000000000000249e+00
7.613903475868967919e-04,-2.280156250000000107e+00
7.617904476119030915e-04,-2.080156249999999929e+00
7.621905476369092826e-04,2.280000000000000249e+00
7.625906476619155822e-04,-1.920156250000000009e+00
7.629907476869217733e-04,2.160000000000000142e+00
7.633908477119280729e-04,2.200000000000000178e+00
7.637909477369342641e-04,-2.280156250000000107e+00
7.641910477619405636e-04,2.280000000000000249e+00
7.645911477869468632e-04,-2.160156250000000000e+00
7.649912478119530544e-04,-2.160156250000000000e+00
7.653913478369593539e-04,2.280000000000000249e+00
7.657914478619655451e-04,-2.280156250000000107e+00
7.661915478869718446e-04,2.280000000000000249e+00
7.665916479119780358e-04,1.880000000000000115e+00
7.669917479369843354e-04,-2.280156250000000107e+00
7.673918479619906349e-04,2.320000000000000284e+00
7.677919479869968261e-04,-2.280156250000000107e+00
7.681920480120031256e-04,-1.640156249999999982e+00
7.685921480370093168e-04,2.280000000000000249e+00
7.689922480620156164e-04,-2.280156250000000107e+00
7.693923480870218075e-04,2.280000000000000249e+00
7.697924481120281071e-04,2.200000000000000178e+00
7.701925481370342982e-04,-2.280156250000000107e+00
7.705926481620405978e-04,2.320000000000000284e+00
7.709927481870468974e-04,-2.160156250000000000e+00
7.713928482120530885e-04,-2.160156250000000000e+00
7.717929482370593881e-04,2.280000000000000249e+00
7.721930482620655792e-04,-2.320156250000000142e+00
7.725931482870718788e-04,9.200000000000000400e-01
7.729932483120780700e-04,2.280000000000000249e+00
7.733933483370843695e-04,-2.280156250000000107e+00
7.737934483620905607e-04,2.320000000000000284e+00
7.741935483870968603e-04,-2.280156250000000107e+00
7.745936484121031598e-04,-2.080156249999999929e+00
7.749937484371093510e-04,2.280000000000000249e+00
7.753938484621156505e-04,-2.280156250000000107e+00
7.757939484871218417e-04,1.239999999999999991e+00
7.761940485121281413e-04,2.280000000000000249e+00
7.765941485371343324e-04,-2.280156250000000107e+00
7.769942485621406320e-04,-2.200156250000000036e+00
7.773943485871468231e-04,2.320000000000000284e+00
7.777944486121531227e-04,-2.280156250000000107e+00
7.781945486371594223e-04,2.280000000000000249e+00
7.785946486621656134e-04,1.880000000000000115e+00
7.789947486871719130e-04,-2.280156250000000107e+00
7.793948487121781041e-04,2.280000000000000249e+00
7.797949487371844037e-04,-2.280156250000000107e+00
7.801950487621905949e-04,2.280000000000000249e+00
7.805951487871968944e-04,-1.960156249999999822e+00
7.809952488122030856e-04,-1.960156249999999822e+00
7.813953488372093852e-04,2.280000000000000249e+00
7.817954488622156847e-04,7.200000000000000844e-01
7.821955488872218759e-04,-2.280156250000000107e+00
7.825956489122281754e-04,2.280000000000000249e+00
7.829957489372343666e-04,-2.280156250000000107e+00
7.833958489622406662e-04,-2.240156250000000071e+00
7.837959489872468573e-04,2.280000000000000249e+00
7.841960490122531569e-04,-1.920156250000000009e+00
7.845961490372593480e-04,1.959999999999999964e+00
7.849962490622656476e-04,2.000000000000000000e+00
7.853963490872719472e-04,-2.280156250000000107e+00
7.857964491122781383e-04,2.280000000000000249e+00
7.861965491372844379e-04,-2.240156250000000071e+00
7.865966491622906290e-04,-2.200156250000000036e+00
7.869967491872969286e-04,2.280000000000000249e+00
7.873968492123031198e-04,-2.280156250000000107e+00
7.877969492373094193e-04,2.040000000000000036e+00
7.881970492623157189e-04,2.040000000000000036e+00
7.885971492873219101e-04,-2.280156250000000107e+00
7.889972493123282096e-04,2.280000000000000249e+00
7.893973493373344008e-04,-2.040156249999999893e+00
7.897974493623407003e-04,-2.040156249999999893e+00
7.901975493873468915e-04,2.320000000000000284e+00
7.905976494123531911e-04,-2.280156250000000107e+00
7.909977494373593822e-04,2.280000000000000249e+00
7.913978494623656818e-04,1.959999999999999964e+00
7.917979494873719814e-04,-2.280156250000000107e+00
7.921980495123781725e-04,2.280000000000000249e+00
7.925981495373844721e-04,-2.280156250000000107e+00
7.929982495623906632e-04,-1.720156250000000053e+00
7.933983495873969628e-04,2.280000000000000249e+00
7.937984496124031539e-04,-2.280156250000000107e+00
7.941985496374094535e-04,2.280000000000000249e+00
7.945986496624156447e-04,2.120000000000000107e+00
7.949987496874219442e-04,-2.320156250000000142e+00
7.953988497124282438e-04,2.280000000000000249e+00
7.957989497374344350e-04,-2.240156250000000071e+00
7.961990497624407345e-04,-2.280156250000000107e+00
7.965991497874469257e-04,2.320000000000000284e+00
7.969992498124532252e-04,-2.280156250000000107e+00
7.973993498374594164e-04,1.600000000000000089e+00
7.977994498624657160e-04,2.320000000000000284e+00
7.981995498874719071e-04,-2.280156250000000107e+00
7.985996499124782067e-04,2.280000000000000249e+00
7.989997499374845063e-04,-2.240156250000000071e+00
7.993998499624906974e-04,-1.320156249999999920e+00
7.997999499874969970e-04,2.280000000000000249e+00
8.002000500125031881e-04,-2.280156250000000107e+00
8.006001500375094877e-04,2.240000000000000213e+00
8.010002500625156788e-04,2.280000000000000249e+00
8.014003500875219784e-04,-2.280156250000000107e+00
8.018004501125281696e-04,2.320000000000000284e+00
8.022005501375344691e-04,-2.320156250000000142e+00
8.026006501625407687e-04,-2.240156250000000071e+00
8.030007501875469599e-04,2.280000000000000249e+00
8.034008502125532594e-04,-2.280156250000000107e+00
8.038009502375594506e-04,2.280000000000000249e+00
8.042010502625657501e-04,2.040000000000000036e+00
8.046011502875719413e-04,-2.280156250000000107e+00
8.050012503125782409e-04,2.240000000000000213e+00
8.054013503375844320e-04,-2.240156250000000071e+00
8.058014503625907316e-04,2.280000000000000249e+00
8.062015503875970312e-04,-2.200156250000000036e+00
8.066016504126032223e-04,-2.240156250000000071e+00
8.070017504376095219e-04,2.280000000000000249e+00
8.074018504626157130e-04,2.040000000000000036e+00
8.078019504876220126e-04,-2.280156250000000107e+00
8.082020505126282037e-04,2.280000000000000249e+00
8.086021505376345033e-04,-2.280156250000000107e+00
8.090022505626408029e-04,2.280000000000000249e+00
8.094023505876469940e-04,-5.601562500000000222e-01
8.098024506126532936e-04,-2.280156250000000107e+00
8.102025506376594848e-04,2.320000000000000284e+00
8.106026506626657843e-04,1.880000000000000115e+00
8.110027506876719755e-04,-2.280156250000000107e+00
8.114028507126782750e-04,2.280000000000000249e+00
8.118029507376844662e-04,-2.280156250000000107e+00
8.122030507626907658e-04,2.280000000000000249e+00
8.126031507876970653e-04,-2.040156249999999893e+00
8.130032508127032565e-04,-2.040156249999999893e+00
8.134033508377095560e-04,2.280000000000000249e+00
8.138034508627157472e-04,-2.280156250000000107e+00
8.142035508877220468e-04,2.280000000000000249e+00
8.146036509127282379e-04,2.280000000000000249e+00
8.150037509377345375e-04,-2.280156250000000107e+00
8.154038509627407286e-04,2.000000000000000000e+00
8.158039509877470282e-04,-2.280156250000000107e+00
8.162040510127533278e-04,2.280000000000000249e+00
8.166041510377595189e-04,-2.280156250000000107e+00
8.170042510627658185e-04,-1.960156249999999822e+00
8.174043510877720096e-04,2.280000000000000249e+00
8.178044511127783092e-04,-2.280156250000000107e+00
8.182045511377845004e-04,2.240000000000000213e+00
8.186046511627907999e-04,2.280000000000000249e+00
8.190047511877969911e-04,-2.280156250000000107e+00
8.194048512128032907e-04,2.320000000000000284e+00
8.198049512378095902e-04,-2.280156250000000107e+00
8.202050512628157814e-04,-1.720156250000000053e+00
8.206051512878220809e-04,2.320000000000000284e+00
8.210052513128282721e-04,-2.280156250000000107e+00
8.214053513378345717e-04,2.320000000000000284e+00
8.218054513628407628e-04,1.080000000000000071e+00
8.222055513878470624e-04,-2.280156250000000107e+00
8.226056514128532535e-04,2.280000000000000249e+00
8.230057514378595531e-04,-2.280156250000000107e+00
8.234058514628658527e-04,2.280000000000000249e+00
8.238059514878720438e-04,-2.280156250000000107e+00
8.242060515128783434e-04,2.280000000000000249e+00
8.246061515378845345e-04,-1.440156250000000027e+00
8.250062515628908341e-04,-2.280156250000000107e+00
8.254063515878970253e-04,2.280000000000000249e+00
8.258064516129033248e-04,2.040000000000000036e+00
8.262065516379095160e-04,-2.280156250000000107e+00
8.266066516629158156e-04,2.280000000000000249e+00
8.270067516879221151e-04,-2.280156250000000107e+00
8.274068517129283063e-04,2.280000000000000249e+00
8.278069517379346058e-04,-2.280156250000000107e+00
8.282070517629407970e-04,-2.280156250000000107e+00
8.286071517879470966e-04,2.280000000000000249e+00
8.290072518129532877e-04,-2.280156250000000107e+00
8.294073518379595873e-04,2.280000000000000249e+00
8.298074518629657784e-04,-2.280156250000000107e+00
8.302075518879720780e-04,2.280000000000000249e+00
8.306076519129783776e-04,2.200000000000000178e+00
8.310077519379845687e-04,-2.280156250000000107e+00
8.314078519629908683e-04,2.280000000000000249e+00
8.318079519879970594e-04,-2.280156250000000107e+00
8.322080520130033590e-04,-2.200156250000000036e+00
8.326081520380095502e-04,2.280000000000000249e+00
8.330082520630158497e-04,-2.280156250000000107e+00
8.334083520880221493e-04,2.280000000000000249e+00
8.338084521130283405e-04,-2.280156250000000107e+00
8.342085521380346400e-04,1.479999999999999982e+00
8.346086521630408312e-04,2.280000000000000249e+00
8.350087521880471307e-04,-2.280156250000000107e+00
8.354088522130533219e-04,2.280000000000000249e+00
8.358089522380596215e-04,-2.280156250000000107e+00
8.362090522630658126e-04,2.280000000000000249e+00
8.366091522880721122e-04,-2.280156250000000107e+00
8.370092523130784118e-04,-1.920156250000000009e+00
8.374093523380846029e-04,2.280000000000000249e+00
8.378094523630909025e-04,-2.280156250000000107e+00
8.382095523880970936e-04,2.280000000000000249e+00
8.386096524131033932e-04,1.320000000000000062e+00
8.390097524381095843e-04,-2.280156250000000107e+00
8.394098524631158839e-04,2.280000000000000249e+00
8.398099524881220751e-04,-2.280156250000000107e+00
8.402100525131283746e-04,2.280000000000000249e+00
8.406101525381346742e-04,-2.280156250000000107e+00
8.410102525631408654e-04,2.280000000000000249e+00
8.414103525881471649e-04,-2.280156250000000107e+00
8.418104526131533561e-04,-1.920156250000000009e+00
8.422105526381596556e-04,2.280000000000000249e+00
8.426106526631658468e-04,-2.240156250000000071e+00
8.430107526881721464e-04,2.280000000000000249e+00
8.434108527131783375e-04,2.040000000000000036e+00
8.438109527381846371e-04,-2.280156250000000107e+00
8.442110527631909367e-04,2.240000000000000213e+00
8.446111527881971278e-04,-2.280156250000000107e+00
8.450112528132034274e-04,2.280000000000000249e+00
8.454113528382096185e-04,-2.280156250000000107e+00
8.458114528632159181e-04,-2.040156249999999893e+00
8.462115528882221092e-04,2.280000000000000249e+00
8.466116529132284088e-04,-2.120156249999999964e+00
8.470117529382346000e-04,2.280000000000000249e+00
8.474118529632408995e-04,-2.280156250000000107e+00
8.478119529882471991e-04,2.280000000000000249e+00
8.482120530132533903e-04,2.280000000000000249e+00
8.486121530382596898e-04,-2.280156250000000107e+00
8.490122530632658810e-04,2.000000000000000000e+00
8.494123530882721805e-04,-2.280156250000000107e+00
8.498124531132783717e-04,2.280000000000000249e+00
8.502125531382846713e-04,-2.280156250000000107e+00
8.506126531632908624e-04,-2.080156249999999929e+00
8.510127531882971620e-04,2.280000000000000249e+00
8.514128532133034616e-04,-2.280156250000000107e+00
8.518129532383096527e-04,2.280000000000000249e+00
8.522130532633159523e-04,-2.280156250000000107e+00
8.526131532883221434e-04,2.280000000000000249e+00
8.530132533133284430e-04,-2.280156250000000107e+00
8.534133533383346341e-04,2.280000000000000249e+00
8.538134533633409337e-04,2.280000000000000249e+00
8.542135533883472333e-04,-2.280156250000000107e+00
8.546136534133534244e-04,2.280000000000000249e+00
8.550137534383597240e-04,-2.280156250000000107e+00
8.554138534633659152e-04,2.280000000000000249e+00
8.558139534883722147e-04,-2.280156250000000107e+00
8.562140535133784059e-04,-1.200156250000000036e+00
8.566141535383847054e-04,2.280000000000000249e+00
8.570142535633908966e-04,-2.280156250000000107e+00
8.574143535883971962e-04,2.240000000000000213e+00
8.578144536134034957e-04,-2.280156250000000107e+00
8.582145536384096869e-04,2.280000000000000249e+00
8.586146536634159864e-04,7.600000000000000089e-01
8.590147536884221776e-04,-2.280156250000000107e+00
8.594148537134284772e-04,2.280000000000000249e+00
8.598149537384346683e-04,-2.280156250000000107e+00
8.602150537634409679e-04,2.240000000000000213e+00
8.606151537884471590e-04,-2.280156250000000107e+00
8.610152538134534586e-04,2.280000000000000249e+00
8.614153538384597582e-04,-2.280156250000000107e+00
8.618154538634659493e-04,-1.720156250000000053e+00
8.622155538884722489e-04,2.280000000000000249e+00
8.626156539134784400e-04,-2.280156250000000107e+00
8.630157539384847396e-04,2.280000000000000249e+00
8.634158539634909308e-04,-2.280156250000000107e+00
8.638159539884972303e-04,2.160000000000000142e+00
8.642160540135034215e-04,2.200000000000000178e+00
8.646161540385097211e-04,-2.280156250000000107e+00
8.650162540635160206e-04,2.240000000000000213e+00
8.654163540885222118e-04,-2.280156250000000107e+00
8.658164541135285113e-04,2.240000000000000213e+00
8.662165541385347025e-04,-2.280156250000000107e+00
8.666166541635410021e-04,2.280000000000000249e+00
8.670167541885471932e-04,-2.320156250000000142e+00
8.674168542135534928e-04,-1.600156249999999947e+00
8.678169542385596839e-04,2.280000000000000249e+00
8.682170542635659835e-04,-2.280156250000000107e+00
8.686171542885722831e-04,2.280000000000000249e+00
8.690172543135784742e-04,-2.280156250000000107e+00
8.694173543385847738e-04,2.280000000000000249e+00
8.698174543635909649e-04,1.680000000000000160e+00
8.702175543885972645e-04,-2.280156250000000107e+00
8.706176544136034557e-04,1.880000000000000115e+00
8.710177544386097552e-04,-2.280156250000000107e+00
8.714178544636159464e-04,2.280000000000000249e+00
8.718179544886222460e-04,-2.280156250000000107e+00
8.722180545136285455e-04,-2.200156250000000036e+00
8.726181545386347367e-04,2.280000000000000249e+00
8.730182545636410362e-04,-2.040156249999999893e+00
8.734183545886472274e-04,2.280000000000000249e+00
8.738184546136535270e-04,-2.240156250000000071e+00
8.742185546386597181e-04,2.280000000000000249e+00
8.746186546636660177e-04,-2.320156250000000142e+00
8.750187546886723173e-04,2.280000000000000249e+00
8.754188547136785084e-04,2.240000000000000213e+00
8.758189547386848080e-04,-2.280156250000000107e+00
8.762190547636909991e-04,2.280000000000000249e+00
8.766191547886972987e-04,-2.280156250000000107e+00
8.770192548137034898e-04,2.280000000000000249e+00
8.774193548387097894e-04,-2.280156250000000107e+00
8.778194548637159806e-04,2.280000000000000249e+00
8.782195548887222801e-04,-2.280156250000000107e+00
8.786196549137285797e-04,-2.200156250000000036e+00
8.790197549387347709e-04,2.280000000000000249e+00
8.794198549637410704e-04,-2.080156249999999929e+00
8.798199549887472616e-04,2.280000000000000249e+00
8.802200550137535611e-04,-2.280156250000000107e+00
8.806201550387597523e-04,2.280000000000000249e+00
8.810202550637660519e-04,-2.280156250000000107e+00
8.814203550887722430e-04,1.840000000000000080e+00
8.818204551137785426e-04,1.920000000000000151e+00
8.822205551387848422e-04,-2.280156250000000107e+00
8.826206551637910333e-04,2.280000000000000249e+00
8.830207551887973329e-04,-2.280156250000000107e+00
8.834208552138035240e-04,2.280000000000000249e+00
8.838209552388098236e-04,-1.720156250000000053e+00
8.842210552638160147e-04,-2.280156250000000107e+00
8.846211552888223143e-04,2.280000000000000249e+00
8.850212553138285055e-04,-2.280156250000000107e+00
8.854213553388348050e-04,2.280000000000000249e+00
8.858214553638411046e-04,-2.280156250000000107e+00
8.862215553888472958e-04,2.280000000000000249e+00
8.866216554138535953e-04,-2.280156250000000107e+00
8.870217554388597865e-04,1.360000000000000098e+00
8.874218554638660860e-04,2.280000000000000249e+00
8.878219554888722772e-04,-2.280156250000000107e+00
8.882220555138785768e-04,2.240000000000000213e+00
8.886221555388847679e-04,-2.280156250000000107e+00
8.890222555638910675e-04,-1.920156250000000009e+00
8.894223555888973671e-04,2.280000000000000249e+00
8.898224556139035582e-04,2.280000000000000249e+00
8.902225556389098578e-04,-2.240156250000000071e+00
8.906226556639160489e-04,-2.240156250000000071e+00
8.910227556889223485e-04,2.280000000000000249e+00
8.914228557139285396e-04,-1.960156249999999822e+00
8.918229557389348392e-04,2.280000000000000249e+00
8.922230557639410304e-04,-2.280156250000000107e+00
8.926231557889473299e-04,2.000000000000000000e+00
8.930232558139536295e-04,2.120000000000000107e+00
8.934233558389598207e-04,-2.280156250000000107e+00
8.938234558639661202e-04,2.280000000000000249e+00
8.942235558889723114e-04,-2.280156250000000107e+00
8.946236559139786109e-04,2.280000000000000249e+00
8.950237559389848021e-04,-2.240156250000000071e+00
8.954238559639911017e-04,-2.240156250000000071e+00
8.958239559889974012e-04,2.280000000000000249e+00
8.962240560140035924e-04,-2.280156250000000107e+00
8.966241560390098920e-04,2.280000000000000249e+00
8.970242560640160831e-04,2.120000000000000107e+00
8.974243560890223827e-04,-2.280156250000000107e+00
8.978244561140285738e-04,2.200000000000000178e+00
8.982245561390348734e-04,-2.280156250000000107e+00
8.986246561640410645e-04,2.200000000000000178e+00
8.990247561890473641e-04,-2.280156250000000107e+00
8.994248562140536637e-04,2.320000000000000284e+00
8.998249562390598548e-04,-2.280156250000000107e+00
9.002250562640661544e-04,-2.240156250000000071e+00
9.006251562890723456e-04,2.320000000000000284e+00
9.010252563140786451e-04,-2.280156250000000107e+00
9.014253563390848363e-04,2.280000000000000249e+00
9.018254563640911358e-04,-2.280156250000000107e+00
9.022255563890973270e-04,2.280000000000000249e+00
9.026256564141036266e-04,2.040000000000000036e+00
9.030257564391099261e-04,-2.280156250000000107e+00
9.034258564641161173e-04,2.200000000000000178e+00
9.038259564891224168e-04,-2.280156250000000107e+00
9.042260565141286080e-04,2.080000000000000071e+00
9.046261565391349076e-04,-2.280156250000000107e+00
9.050262565641410987e-04,2.280000000000000249e+00
9.054263565891473983e-04,-2.280156250000000107e+00
9.058264566141535894e-04,-1.960156249999999822e+00
9.062265566391598890e-04,2.280000000000000249e+00
9.066266566641661886e-04,-2.280156250000000107e+00
9.070267566891723797e-04,2.280000000000000249e+00
9.074268567141786793e-04,2.200000000000000178e+00
9.078269567391848704e-04,-2.280156250000000107e+00
9.082270567641911700e-04,2.080000000000000071e+00
9.086271567891973612e-04,-2.280156250000000107e+00
9.090272568142036607e-04,2.280000000000000249e+00
9.094273568392098519e-04,-2.280156250000000107e+00
9.098274568642161515e-04,-2.280156250000000107e+00
9.102275568892224510e-04,2.280000000000000249e+00
9.106276569142286422e-04,-2.120156249999999964e+00
9.110277569392349417e-04,2.280000000000000249e+00
9.114278569642411329e-04,-2.280156250000000107e+00
9.118279569892474325e-04,2.240000000000000213e+00
9.122280570142536236e-04,2.240000000000000213e+00
9.126281570392599232e-04,-2.320156250000000142e+00
9.130282570642661143e-04,2.200000000000000178e+00
9.134283570892724139e-04,-2.280156250000000107e+00
9.138284571142787135e-04,2.280000000000000249e+00
9.142285571392849046e-04,-2.280156250000000107e+00
9.146286571642912042e-04,2.280000000000000249e+00
9.150287571892973953e-04,-2.280156250000000107e+00
9.154288572143036949e-04,-2.280156250000000107e+00
9.158289572393098861e-04,2.280000000000000249e+00
9.162290572643161856e-04,-2.320156250000000142e+00
9.166291572893224852e-04,2.280000000000000249e+00
9.170292573143286764e-04,1.239999999999999991e+00
9.174293573393349759e-04,-2.320156250000000142e+00
9.178294573643411671e-04,2.280000000000000249e+00
9.182295573893474666e-04,-2.280156250000000107e+00
9.186296574143536578e-04,2.280000000000000249e+00
9.190297574393599574e-04,-2.320156250000000142e+00
9.194298574643661485e-04,-2.240156250000000071e+00
9.198299574893724481e-04,2.280000000000000249e+00
9.202300575143787477e-04,-2.280156250000000107e+00
9.206301575393849388e-04,2.280000000000000249e+00
9.210302575643912384e-04,1.680000000000000160e+00
9.214303575893974295e-04,-2.280156250000000107e+00
9.218304576144037291e-04,2.320000000000000284e+00
9.222305576394099202e-04,-2.280156250000000107e+00
9.226306576644162198e-04,2.280000000000000249e+00
9.230307576894224110e-04,-2.280156250000000107e+00
9.234308577144287105e-04,-1.240156250000000071e+00
9.238309577394350101e-04,2.280000000000000249e+00
9.242310577644412013e-04,-2.280156250000000107e+00
9.246311577894475008e-04,2.280000000000000249e+00
9.250312578144536920e-04,2.120000000000000107e+00
9.254313578394599915e-04,-2.280156250000000107e+00
9.258314578644661827e-04,2.280000000000000249e+00
9.262315578894724823e-04,-2.280156250000000107e+00
9.266316579144786734e-04,2.280000000000000249e+00
9.270317579394849730e-04,-2.240156250000000071e+00
9.274318579644912726e-04,-2.240156250000000071e+00
9.278319579894974637e-04,2.320000000000000284e+00
9.282320580145037633e-04,-2.280156250000000107e+00
9.286321580395099544e-04,2.280000000000000249e+00
9.290322580645162540e-04,-2.280156250000000107e+00
9.294323580895224451e-04,2.240000000000000213e+00
9.298324581145287447e-04,2.240000000000000213e+00
9.302325581395349359e-04,-2.240156250000000071e+00
9.306326581645412354e-04,2.280000000000000249e+00
9.310327581895475350e-04,-2.040156249999999893e+00
9.314328582145537262e-04,-2.120156249999999964e+00
9.318329582395600257e-04,2.280000000000000249e+00
9.322330582645662169e-04,-2.320156250000000142e+00
9.326331582895725164e-04,2.280000000000000249e+00
9.330332583145787076e-04,1.120000000000000107e+00
9.334333583395850072e-04,-2.280156250000000107e+00
9.338334583645911983e-04,2.280000000000000249e+00
9.342335583895974979e-04,-2.280156250000000107e+00
9.346336584146037975e-04,-2.280156250000000107e+00
9.350337584396099886e-04,2.280000000000000249e+00
9.354338584646162882e-04,-1.960156249999999822e+00
9.358339584896224793e-04,2.280000000000000249e+00
9.362340585146287789e-04,-2.280156250000000107e+00
9.366341585396349700e-04,1.560000000000000053e+00
9.370342585646412696e-04,2.280000000000000249e+00
9.374343585896474608e-04,-2.280156250000000107e+00
9.378344586146537603e-04,2.280000000000000249e+00
9.382345586396600599e-04,-2.160156250000000000e+00
9.386346586646662511e-04,-2.120156249999999964e+00
9.390347586896725506e-04,2.280000000000000249e+00
9.394348587146787418e-04,-2.280156250000000107e+00
9.398349587396850413e-04,2.280000000000000249e+00
9.402350587646912325e-04,-2.280156250000000107e+00
9.406351587896975321e-04,2.280000000000000249e+00
9.410352588147038316e-04,2.320000000000000284e+00
9.414353588397100228e-04,-2.280156250000000107e+00
9.418354588647163224e-04,2.280000000000000249e+00
9.422355588897225135e-04,-1.760156250000000089e+00
9.426356589147288131e-04,-2.280156250000000107e+00
9.430357589397350042e-04,2.280000000000000249e+00
9.434358589647413038e-04,-2.280156250000000107e+00
9.438359589897474949e-04,2.240000000000000213e+00
9.442360590147537945e-04,2.240000000000000213e+00
9.446361590397600941e-04,-2.280156250000000107e+00
9.450362590647662852e-04,2.280000000000000249e+00
9.454363590897725848e-04,-2.280156250000000107e+00
9.458364591147787760e-04,-2.240156250000000071e+00
9.462365591397850755e-04,2.280000000000000249e+00
9.466366591647912667e-04,1.719999999999999973e+00
9.470367591897975662e-04,-2.280156250000000107e+00
9.474368592148037574e-04,2.040000000000000036e+00
9.478369592398100570e-04,-2.240156250000000071e+00
9.482370592648163565e-04,2.280000000000000249e+00
9.486371592898225477e-04,-2.280156250000000107e+00
9.490372593148288472e-04,-2.080156249999999929e+00
9.494373593398350384e-04,2.320000000000000284e+00
9.498374593648413380e-04,-2.280156250000000107e+00
9.502375593898475291e-04,1.959999999999999964e+00
9.506376594148538287e-04,1.959999999999999964e+00
9.510377594398600198e-04,-2.280156250000000107e+00
9.514378594648663194e-04,2.280000000000000249e+00
9.518379594898726190e-04,-2.280156250000000107e+00
9.522380595148788101e-04,-2.240156250000000071e+00
9.526381595398851097e-04,2.320000000000000284e+00
9.530382595648913008e-04,-2.280156250000000107e+00
9.534383595898976004e-04,2.320000000000000284e+00
9.538384596149037916e-04,-2.280156250000000107e+00
9.542385596399100911e-04,1.600000000000000089e+00
9.546386596649162823e-04,2.280000000000000249e+00
9.550387596899225819e-04,-2.280156250000000107e+00
9.554388597149288814e-04,-9.601562500000000444e-01
9.558389597399350726e-04,2.320000000000000284e+00
9.562390597649413721e-04,-2.280156250000000107e+00
9.566391597899475633e-04,2.280000000000000249e+00
9.570392598149538629e-04,2.280000000000000249e+00
9.574393598399600540e-04,-2.280156250000000107e+00
9.578394598649663536e-04,1.920000000000000151e+00
9.582395598899725447e-04,-2.080156249999999929e+00
9.586396599149788443e-04,-2.160156250000000000e+00
9.590397599399851439e-04,2.280000000000000249e+00
9.594398599649913350e-04,-2.280156250000000107e+00
9.598399599899976346e-04,2.280000000000000249e+00
9.602400600150038257e-04,2.120000000000000107e+00
9.606401600400101253e-04,-2.280156250000000107e+00
9.610402600650163165e-04,1.920000000000000151e+00
9.614403600900226160e-04,-2.240156250000000071e+00
9.618404601150289156e-04,-2.240156250000000071e+00
9.622405601400351068e-04,2.320000000000000284e+00
9.626406601650414063e-04,-2.320156250000000142e+00
9.630407601900475975e-04,2.200000000000000178e+00
9.634408602150538970e-04,2.200000000000000178e+00
9.638409602400600882e-04,-2.280156250000000107e+00
9.642410602650663878e-04,2.320000000000000284e+00
9.646411602900725789e-04,-2.280156250000000107e+00
9.650412603150788785e-04,-1.720156250000000053e+00
9.654413603400851781e-04,2.280000000000000249e+00
9.658414603650913692e-04,-2.040156249999999893e+00
9.662415603900976688e-04,2.280000000000000249e+00
9.666416604151038599e-04,1.479999999999999982e+00
9.670417604401101595e-04,-2.280156250000000107e+00
9.674418604651163506e-04,2.280000000000000249e+00
9.678419604901226502e-04,-2.280156250000000107e+00
9.682420605151288414e-04,-2.040156249999999893e+00
9.686421605401351409e-04,2.320000000000000284e+00
9.690422605651414405e-04,-2.280156250000000107e+00
9.694423605901476317e-04,2.200000000000000178e+00
9.698424606151539312e-04,2.240000000000000213e+00
9.702425606401601224e-04,-2.280156250000000107e+00
9.706426606651664219e-04,2.320000000000000284e+00
9.710427606901726131e-04,-1.280156249999999885e+00
9.714428607151789127e-04,-2.280156250000000107e+00
9.718429607401851038e-04,2.320000000000000284e+00
9.722430607651914034e-04,-2.280156250000000107e+00
9.726431607901977030e-04,2.280000000000000249e+00
9.730432608152038941e-04,2.000000000000000000e+00
9.734433608402101937e-04,-2.280156250000000107e+00
9.738434608652163848e-04,2.280000000000000249e+00
9.742435608902226844e-04,-1.520156250000000098e+00
9.746436609152288755e-04,-2.280156250000000107e+00
9.750437609402351751e-04,2.280000000000000249e+00
9.754438609652413663e-04,2.160000000000000142e+00
9.758439609902476658e-04,-2.320156250000000142e+00
9.762440610152539654e-04,2.320000000000000284e+00
9.766441610402601566e-04,-2.280156250000000107e+00
9.770442610652664561e-04,-1.680156250000000018e+00
9.774443610902727557e-04,2.280000000000000249e+00
9.778444611152788384e-04,-2.280156250000000107e+00
9.782445611402851380e-04,2.280000000000000249e+00
9.786446611652914376e-04,-2.280156250000000107e+00
9.790447611902977371e-04,2.040000000000000036e+00
9.794448612153040367e-04,2.080000000000000071e+00
9.798449612403101194e-04,-2.280156250000000107e+00
9.802450612653164190e-04,-4.801562500000000067e-01
9.806451612903227186e-04,2.280000000000000249e+00
9.810452613153290181e-04,-2.280156250000000107e+00
9.814453613403351009e-04,2.280000000000000249e+00
9.818454613653414004e-04,2.280000000000000249e+00
9.822455613903477000e-04,-2.280156250000000107e+00
9.826456614153539996e-04,2.000000000000000000e+00
9.830457614403602992e-04,-2.120156249999999964e+00
9.834458614653663819e-04,-2.160156250000000000e+00
9.838459614903726815e-04,2.320000000000000284e+00
9.842460615153789810e-04,-2.280156250000000107e+00
9.846461615403852806e-04,2.280000000000000249e+00
9.850462615653913633e-04,2.160000000000000142e+00
9.854463615903976629e-04,-2.280156250000000107e+00
9.858464616154039625e-04,2.280000000000000249e+00
9.862465616404102620e-04,-2.160156250000000000e+00
9.866466616654165616e-04,-2.160156250000000000e+00
9.870467616904226443e-04,2.320000000000000284e+00
9.874468617154289439e-04,-2.280156250000000107e+00
9.878469617404352435e-04,2.080000000000000071e+00
9.882470617654415430e-04,2.120000000000000107e+00
9.886471617904476258e-04,-2.280156250000000107e+00
9.890472618154539253e-04,2.280000000000000249e+00
9.894473618404602249e-04,-2.280156250000000107e+00
9.898474618654665245e-04,-1.840156249999999938e+00
9.902475618904728241e-04,2.280000000000000249e+00
9.906476619154789068e-04,-1.920156250000000009e+00
9.910477619404852064e-04,2.280000000000000249e+00
9.914478619654915059e-04,1.600000000000000089e+00
9.918479619904978055e-04,-2.280156250000000107e+00
9.922480620155038882e-04,2.280000000000000249e+00
9.926481620405101878e-04,-2.280156250000000107e+00
9.930482620655164874e-04,-2.040156249999999893e+00
9.934483620905227869e-04,2.280000000000000249e+00
9.938484621155290865e-04,-2.280156250000000107e+00
9.942485621405351692e-04,2.280000000000000249e+00
9.946486621655414688e-04,2.280000000000000249e+00
9.950487621905477684e-04,-2.280156250000000107e+00
9.954488622155540679e-04,2.280000000000000249e+00
9.958489622405601507e-04,-1.600156249999999947e+00
9.962490622655664502e-04,-2.280156250000000107e+00
9.966491622905727498e-04,2.280000000000000249e+00
9.970492623155790494e-04,-2.280156250000000107e+00
9.974493623405853489e-04,2.280000000000000249e+00
9.978494623655914317e-04,1.400000000000000133e+00
9.982495623905977312e-04,-2.280156250000000107e+00
9.986496624156040308e-04,2.320000000000000284e+00
9.990497624406103304e-04,-2.160156250000000000e+00
9.994498624656164131e-04,-2.240156250000000071e+00
9.998499624906227127e-04,2.320000000000000284e+00
1.000250062515629012e-03,-2.280156250000000107e+00
1.000650162540635312e-03,2.280000000000000249e+00
1.001050262565641611e-03,2.240000000000000213e+00
1.001450362590647694e-03,-2.280156250000000107e+00
1.001850462615653994e-03,2.280000000000000249e+00
1.002250562640660293e-03,-2.280156250000000107e+00
1.002650662665666593e-03,-2.080156249999999929e+00
1.003050762690672676e-03,2.280000000000000249e+00
1.003450862715678975e-03,-2.120156249999999964e+00
1.003850962740685275e-03,2.320000000000000284e+00
1.004251062765691574e-03,-2.280156250000000107e+00
1.004651162790697874e-03,2.080000000000000071e+00
1.005051262815703957e-03,2.120000000000000107e+00
1.005451362840710256e-03,-2.280156250000000107e+00
1.005851462865716556e-03,-2.080156249999999929e+00
1.006251562890722855e-03,2.280000000000000249e+00
1.006651662915728938e-03,-2.280156250000000107e+00
1.007051762940735238e-03,2.280000000000000249e+00
1.007451862965741537e-03,3.200000000000000067e-01
1.007851962990747837e-03,-2.280156250000000107e+00
1.008252063015754136e-03,2.280000000000000249e+00
1.008652163040760219e-03,-2.280156250000000107e+00
1.009052263065766519e-03,-2.120156249999999964e+00
1.009452363090772818e-03,2.280000000000000249e+00
1.009852463115779118e-03,-2.040156249999999893e+00
1.010252563140785200e-03,2.280000000000000249e+00
1.010652663165791500e-03,-2.280156250000000107e+00
1.011052763190797800e-03,1.560000000000000053e+00
1.011452863215804099e-03,2.280000000000000249e+00
1.011852963240810399e-03,-2.280156250000000107e+00
1.012253063265816481e-03,2.280000000000000249e+00
1.012653163290822781e-03,-2.080156249999999929e+00
1.013053263315829081e-03,-2.120156249999999964e+00
1.013453363340835380e-03,2.280000000000000249e+00
1.013853463365841680e-03,-2.280156250000000107e+00
1.014253563390847762e-03,2.280000000000000249e+00
1.014653663415854062e-03,-2.280156250000000107e+00
1.015053763440860362e-03,2.280000000000000249e+00
1.015453863465866661e-03,2.280000000000000249e+00
1.015853963490872744e-03,-2.280156250000000107e+00
1.016254063515879043e-03,2.280000000000000249e+00
1.016654163540885343e-03,-1.920156250000000009e+00
1.017054263565891643e-03,-1.960156249999999822e+00
1.017454363590897942e-03,2.280000000000000249e+00
1.017854463615904025e-03,-2.320156250000000142e+00
1.018254563640910325e-03,2.280000000000000249e+00
1.018654663665916624e-03,2.200000000000000178e+00
1.019054763690922924e-03,-2.280156250000000107e+00
1.019454863715929006e-03,2.280000000000000249e+00
1.019854963740935306e-03,-2.280156250000000107e+00
1.020255063765941606e-03,-1.880156249999999973e+00
1.020655163790947905e-03,2.280000000000000249e+00
1.021055263815954205e-03,-2.280156250000000107e+00
1.021455363840960287e-03,2.280000000000000249e+00
1.021855463865966587e-03,1.959999999999999964e+00
1.022255563890972887e-03,-2.280156250000000107e+00
1.022655663915979186e-03,1.959999999999999964e+00
1.023055763940985269e-03,-2.280156250000000107e+00
1.023455863965991568e-03,2.280000000000000249e+00
1.023855963990997868e-03,-2.280156250000000107e+00
1.024256064016004168e-03,-2.280156250000000107e+00
1.024656164041010467e-03,2.280000000000000249e+00
1.025056264066016550e-03,-2.280156250000000107e+00
1.025456364091022849e-03,2.280000000000000249e+00
1.025856464116029149e-03,1.920000000000000151e+00
1.026256564141035449e-03,-2.280156250000000107e+00
1.026656664166041531e-03,2.280000000000000249e+00
1.027056764191047831e-03,-2.280156250000000107e+00
1.027456864216054130e-03,2.280000000000000249e+00
1.027856964241060430e-03,-2.280156250000000107e+00
1.028257064266066730e-03,2.280000000000000249e+00
1.028657164291072812e-03,-1.960156249999999822e+00
1.029057264316079112e-03,-1.960156249999999822e+00
1.029457364341085411e-03,2.280000000000000249e+00
1.029857464366091711e-03,-2.280156250000000107e+00
1.030257564391097794e-03,1.800000000000000044e+00
1.030657664416104093e-03,1.880000000000000115e+00
1.031057764441110393e-03,-2.320156250000000142e+00
1.031457864466116692e-03,2.280000000000000249e+00
1.031857964491122992e-03,-2.280156250000000107e+00
1.032258064516129075e-03,-9.201562500000000089e-01
1.032658164541135374e-03,2.280000000000000249e+00
1.033058264566141674e-03,-2.280156250000000107e+00
1.033458364591147973e-03,2.280000000000000249e+00
1.033858464616154056e-03,1.959999999999999964e+00
1.034258564641160356e-03,-2.280156250000000107e+00
1.034658664666166655e-03,2.240000000000000213e+00
1.035058764691172955e-03,-2.280156250000000107e+00
1.035458864716179254e-03,2.160000000000000142e+00
1.035858964741185337e-03,-2.280156250000000107e+00
1.036259064766191637e-03,-2.080156249999999929e+00
1.036659164791197936e-03,2.280000000000000249e+00
1.037059264816204236e-03,-2.240156250000000071e+00
1.037459364841210319e-03,2.320000000000000284e+00
1.037859464866216618e-03,-2.280156250000000107e+00
1.038259564891222918e-03,2.280000000000000249e+00
1.038659664916229217e-03,-2.280156250000000107e+00
1.039059764941235517e-03,2.280000000000000249e+00
1.039459864966241600e-03,2.280000000000000249e+00
1.039859964991247899e-03,-2.280156250000000107e+00
1.040260065016254199e-03,2.040000000000000036e+00
1.040660165041260498e-03,-2.280156250000000107e+00
1.041060265066266581e-03,2.280000000000000249e+00
1.041460365091272881e-03,-1.840156249999999938e+00
1.041860465116279180e-03,-1.960156249999999822e+00
1.042260565141285480e-03,2.280000000000000249e+00
1.042660665166291779e-03,-2.280156250000000107e+00
1.043060765191297862e-03,2.280000000000000249e+00
1.043460865216304162e-03,1.520000000000000018e+00
1.043860965241310461e-03,-2.280156250000000107e+00
1.044261065266316761e-03,2.280000000000000249e+00
1.044661165291322844e-03,-2.240156250000000071e+00
1.045061265316329143e-03,2.280000000000000249e+00
1.045461365341335443e-03,-2.160156250000000000e+00
1.045861465366341742e-03,-2.160156250000000000e+00
1.046261565391348042e-03,2.280000000000000249e+00
1.046661665416354125e-03,-2.280156250000000107e+00
1.047061765441360424e-03,2.280000000000000249e+00
1.047461865466366724e-03,-1.880156249999999973e+00
1.047861965491373023e-03,2.280000000000000249e+00
1.048262065516379106e-03,1.520000000000000018e+00
1.048662165541385406e-03,-2.240156250000000071e+00
1.049062265566391705e-03,2.280000000000000249e+00
1.049462365591398005e-03,-2.280156250000000107e+00
1.049862465616404304e-03,2.280000000000000249e+00
1.050262565641410387e-03,-2.280156250000000107e+00
1.050662665666416687e-03,-2.000156249999999858e+00
1.051062765691422986e-03,2.320000000000000284e+00
1.051462865716429286e-03,-2.000156249999999858e+00
1.051862965741435368e-03,2.280000000000000249e+00
1.052263065766441668e-03,-2.280156250000000107e+00
1.052663165791447968e-03,2.280000000000000249e+00
1.053063265816454267e-03,-2.280156250000000107e+00
1.053463365841460567e-03,2.240000000000000213e+00
1.053863465866466649e-03,2.040000000000000036e+00
1.054263565891472949e-03,-2.280156250000000107e+00
1.054663665916479249e-03,2.200000000000000178e+00
1.055063765941485548e-03,-2.280156250000000107e+00
1.055463865966491631e-03,2.320000000000000284e+00
1.055863965991497930e-03,-2.080156249999999929e+00
1.056264066016504230e-03,-2.160156250000000000e+00
1.056664166041510530e-03,2.280000000000000249e+00
1.057064266066516829e-03,-2.240156250000000071e+00
1.057464366091522912e-03,2.280000000000000249e+00
1.057864466116529211e-03,1.920000000000000151e+00
1.058264566141535511e-03,-2.280156250000000107e+00
1.058664666166541811e-03,2.160000000000000142e+00
1.059064766191548110e-03,-2.280156250000000107e+00
1.059464866216554193e-03,2.080000000000000071e+00
1.059864966241560492e-03,-2.280156250000000107e+00
1.060265066266566792e-03,2.320000000000000284e+00
1.060665166291573092e-03,-2.280156250000000107e+00
1.061065266316579174e-03,-2.160156250000000000e+00
1.061465366341585474e-03,2.280000000000000249e+00
1.061865466366591773e-03,-2.160156250000000000e+00
1.062265566391598073e-03,2.280000000000000249e+00
1.062665666416604373e-03,-2.280156250000000107e+00
1.063065766441610455e-03,2.280000000000000249e+00
1.063465866466616755e-03,-2.280156250000000107e+00
1.063865966491623054e-03,2.280000000000000249e+00
1.064266066516629354e-03,-2.280156250000000107e+00
1.064666166541635437e-03,2.280000000000000249e+00
1.065066266566641736e-03,1.880000000000000115e+00
1.065466366591648036e-03,-2.280156250000000107e+00
1.065866466616654335e-03,1.880000000000000115e+00
1.066266566641660635e-03,-2.280156250000000107e+00
1.066666666666666718e-03,2.280000000000000249e+00
1.067066766691673017e-03,-2.280156250000000107e+00
1.067466866716679317e-03,-2.080156249999999929e+00
1.067866966741685616e-03,2.280000000000000249e+00
1.068267066766691699e-03,-1.880156249999999973e+00
1.068667166791697999e-03,2.280000000000000249e+00
1.069067266816704298e-03,-2.280156250000000107e+00
1.069467366841710598e-03,2.280000000000000249e+00
1.069867466866716898e-03,1.920000000000000151e+00
1.070267566891722980e-03,-2.280156250000000107e+00
1.070667666916729280e-03,2.280000000000000249e+00
1.071067766941735579e-03,-2.280156250000000107e+00
1.071467866966741879e-03,2.280000000000000249e+00
1.071867966991747962e-03,-2.280156250000000107e+00
1.072268067016754261e-03,2.280000000000000249e+00
1.072668167041760561e-03,-2.280156250000000107e+00
1.073068267066766860e-03,-2.160156250000000000e+00
1.073468367091773160e-03,2.280000000000000249e+00
1.073868467116779243e-03,-2.280156250000000107e+00
1.074268567141785542e-03,2.280000000000000249e+00
1.074668667166791842e-03,1.880000000000000115e+00
1.075068767191798141e-03,-2.280156250000000107e+00
1.075468867216804224e-03,2.200000000000000178e+00
1.075868967241810524e-03,-2.280156250000000107e+00
1.076269067266816823e-03,1.880000000000000115e+00
1.076669167291823123e-03,-2.280156250000000107e+00
1.077069267316829422e-03,2.280000000000000249e+00
1.077469367341835505e-03,-2.280156250000000107e+00
1.077869467366841805e-03,2.320000000000000284e+00
1.078269567391848104e-03,-2.280156250000000107e+00
1.078669667416854404e-03,2.280000000000000249e+00
1.079069767441860487e-03,-2.280156250000000107e+00
1.079469867466866786e-03,-2.240156250000000071e+00
1.079869967491873086e-03,2.280000000000000249e+00
1.080270067516879385e-03,-2.280156250000000107e+00
1.080670167541885685e-03,2.280000000000000249e+00
1.081070267566891768e-03,2.240000000000000213e+00
1.081470367591898067e-03,-2.280156250000000107e+00
1.081870467616904367e-03,2.000000000000000000e+00
1.082270567641910666e-03,-2.280156250000000107e+00
1.082670667666916749e-03,2.280000000000000249e+00
1.083070767691923049e-03,-2.280156250000000107e+00
1.083470867716929348e-03,-2.080156249999999929e+00
1.083870967741935648e-03,2.280000000000000249e+00
1.084271067766941947e-03,-2.200156250000000036e+00
1.084671167791948030e-03,2.280000000000000249e+00
1.085071267816954330e-03,-2.240156250000000071e+00
1.085471367841960629e-03,2.280000000000000249e+00
1.085871467866966929e-03,-2.280156250000000107e+00
1.086271567891973011e-03,2.240000000000000213e+00
1.086671667916979311e-03,1.400000000000000133e+00
1.087071767941985611e-03,-2.280156250000000107e+00
1.087471867966991910e-03,2.280000000000000249e+00
1.087871967991998210e-03,-2.320156250000000142e+00
1.088272068017004292e-03,2.280000000000000249e+00
1.088672168042010592e-03,-2.280156250000000107e+00
1.089072268067016892e-03,2.280000000000000249e+00
1.089472368092023191e-03,-2.280156250000000107e+00
1.089872468117029274e-03,2.280000000000000249e+00
1.090272568142035573e-03,-2.280156250000000107e+00
1.090672668167041873e-03,-2.240156250000000071e+00
1.091072768192048173e-03,2.280000000000000249e+00
1.091472868217054472e-03,-2.280156250000000107e+00
1.091872968242060555e-03,2.240000000000000213e+00
1.092273068267066854e-03,-2.280156250000000107e+00
1.092673168292073154e-03,2.280000000000000249e+00
1.093073268317079454e-03,2.240000000000000213e+00
1.093473368342085536e-03,-2.280156250000000107e+00
1.093873468367091836e-03,2.280000000000000249e+00
1.094273568392098136e-03,-2.280156250000000107e+00
1.094673668417104435e-03,2.320000000000000284e+00
1.095073768442110735e-03,-1.440156250000000027e+00
1.095473868467116817e-03,-2.320156250000000142e+00
1.095873968492123117e-03,2.280000000000000249e+00
1.096274068517129417e-03,-2.280156250000000107e+00
1.096674168542135716e-03,2.280000000000000249e+00
1.097074268567141799e-03,-2.320156250000000142e+00
1.097474368592148098e-03,2.280000000000000249e+00
1.097874468617154398e-03,1.920000000000000151e+00
1.098274568642160698e-03,-2.280156250000000107e+00
1.098674668667166997e-03,2.280000000000000249e+00
1.099074768692173080e-03,-2.280156250000000107e+00
1.099474868717179379e-03,2.280000000000000249e+00
1.099874968742185679e-03,-2.280156250000000107e+00
1.100275068767191979e-03,-2.200156250000000036e+00
1.100675168792198278e-03,2.280000000000000249e+00
1.101075268817204361e-03,-2.280156250000000107e+00
1.101475368842210660e-03,2.280000000000000249e+00
1.101875468867216960e-03,-2.280156250000000107e+00
1.102275568892223260e-03,2.280000000000000249e+00
1.102675668917229342e-03,-2.280156250000000107e+00
1.103075768942235642e-03,2.280000000000000249e+00
1.103475868967241941e-03,2.240000000000000213e+00
1.103875968992248241e-03,-2.280156250000000107e+00
1.104276069017254541e-03,1.880000000000000115e+00
1.104676169042260623e-03,-2.280156250000000107e+00
1.105076269067266923e-03,-1.960156249999999822e+00
1.105476369092273222e-03,2.280000000000000249e+00
1.105876469117279522e-03,-2.280156250000000107e+00
1.106276569142285605e-03,2.280000000000000249e+00
1.106676669167291904e-03,-1.880156249999999973e+00
1.107076769192298204e-03,2.240000000000000213e+00
1.107476869217304503e-03,2.280000000000000249e+00
1.107876969242310803e-03,-2.280156250000000107e+00
1.108277069267316886e-03,2.280000000000000249e+00
1.108677169292323185e-03,-2.280156250000000107e+00
1.109077269317329485e-03,2.280000000000000249e+00
1.109477369342335784e-03,-2.280156250000000107e+00
1.109877469367341867e-03,2.280000000000000249e+00
1.110277569392348167e-03,-1.280156249999999885e+00
1.110677669417354466e-03,-2.280156250000000107e+00
1.111077769442360766e-03,2.280000000000000249e+00
1.111477869467367065e-03,-2.280156250000000107e+00
1.111877969492373148e-03,2.280000000000000249e+00
1.112278069517379448e-03,2.280000000000000249e+00
1.112678169542385747e-03,-2.280156250000000107e+00
1.113078269567392047e-03,2.240000000000000213e+00
1.113478369592398130e-03,-2.280156250000000107e+00
1.113878469617404429e-03,2.280000000000000249e+00
1.114278569642410729e-03,-2.280156250000000107e+00
1.114678669667417028e-03,2.280000000000000249e+00
1.115078769692423328e-03,-2.280156250000000107e+00
1.115478869717429411e-03,-2.240156250000000071e+00
1.115878969742435710e-03,2.280000000000000249e+00
1.116279069767442010e-03,-2.280156250000000107e+00
1.116679169792448309e-03,2.280000000000000249e+00
1.117079269817454392e-03,1.880000000000000115e+00
1.117479369842460692e-03,-2.280156250000000107e+00
1.117879469867466991e-03,2.280000000000000249e+00
1.118279569892473291e-03,-2.240156250000000071e+00
1.118679669917479590e-03,2.280000000000000249e+00
1.119079769942485673e-03,-2.280156250000000107e+00
1.119479869967491973e-03,-2.280156250000000107e+00
1.119879969992498272e-03,2.280000000000000249e+00
1.120280070017504572e-03,-2.280156250000000107e+00
1.120680170042510655e-03,2.280000000000000249e+00
1.121080270067516954e-03,2.240000000000000213e+00
1.121480370092523254e-03,-2.280156250000000107e+00
1.121880470117529553e-03,2.160000000000000142e+00
1.122280570142535853e-03,-2.280156250000000107e+00
1.122680670167541936e-03,2.280000000000000249e+00
1.123080770192548235e-03,-2.160156250000000000e+00
1.123480870217554535e-03,-2.200156250000000036e+00
1.123880970242560834e-03,2.280000000000000249e+00
1.124281070267566917e-03,-2.320156250000000142e+00
1.124681170292573217e-03,2.280000000000000249e+00
1.125081270317579516e-03,2.000000000000000000e+00
1.125481370342585816e-03,-2.280156250000000107e+00
1.125881470367592115e-03,2.280000000000000249e+00
1.126281570392598198e-03,-2.320156250000000142e+00
1.126681670417604498e-03,2.320000000000000284e+00
1.127081770442610797e-03,-2.320156250000000142e+00
1.127481870467617097e-03,2.280000000000000249e+00
1.127881970492623179e-03,-1.720156250000000053e+00
1.128282070517629479e-03,-2.280156250000000107e+00
1.128682170542635779e-03,2.320000000000000284e+00
1.129082270567642078e-03,-2.280156250000000107e+00
1.129482370592648378e-03,1.280000000000000027e+00
1.129882470617654460e-03,2.280000000000000249e+00
1.130282570642660760e-03,-2.280156250000000107e+00
1.130682670667667060e-03,2.280000000000000249e+00
1.131082770692673359e-03,-2.280156250000000107e+00
1.131482870717679442e-03,-1.920156250000000009e+00
1.131882970742685741e-03,2.280000000000000249e+00
1.132283070767692041e-03,-2.280156250000000107e+00
1.132683170792698341e-03,2.160000000000000142e+00
1.133083270817704640e-03,2.160000000000000142e+00
1.133483370842710723e-03,-2.280156250000000107e+00
1.133883470867717022e-03,2.280000000000000249e+00
1.134283570892723322e-03,-2.280156250000000107e+00
1.134683670917729622e-03,2.320000000000000284e+00
1.135083770942735704e-03,-9.201562500000000089e-01
1.135483870967742004e-03,-2.280156250000000107e+00
1.135883970992748303e-03,2.280000000000000249e+00
1.136284071017754603e-03,-2.280156250000000107e+00
1.136684171042760903e-03,1.640000000000000124e+00
1.137084271067766985e-03,2.280000000000000249e+00
1.137484371092773285e-03,-2.280156250000000107e+00
1.137884471117779584e-03,2.280000000000000249e+00
1.138284571142785884e-03,-2.280156250000000107e+00
1.138684671167791967e-03,2.320000000000000284e+00
1.139084771192798266e-03,-2.200156250000000036e+00
1.139484871217804566e-03,-2.240156250000000071e+00
1.139884971242810865e-03,2.280000000000000249e+00
1.140285071267817165e-03,-2.280156250000000107e+00
1.140685171292823248e-03,1.239999999999999991e+00
1.141085271317829547e-03,2.280000000000000249e+00
1.141485371342835847e-03,-2.280156250000000107e+00
1.141885471367842146e-03,2.280000000000000249e+00
1.142285571392848229e-03,-2.120156249999999964e+00
1.142685671417854529e-03,-2.120156249999999964e+00
1.143085771442860828e-03,2.280000000000000249e+00
1.143485871467867128e-03,-2.280156250000000107e+00
1.143885971492873427e-03,2.160000000000000142e+00
1.144286071517879510e-03,2.200000000000000178e+00
1.144686171542885810e-03,-2.240156250000000071e+00
1.145086271567892109e-03,-1.920156250000000009e+00
1.145486371592898409e-03,2.320000000000000284e+00
1.145886471617904709e-03,-1.880156249999999973e+00
1.146286571642910791e-03,2.280000000000000249e+00
1.146686671667917091e-03,-2.280156250000000107e+00
1.147086771692923390e-03,2.280000000000000249e+00
1.147486871717929690e-03,2.200000000000000178e+00
1.147886971742935773e-03,-2.280156250000000107e+00
1.148287071767942072e-03,2.280000000000000249e+00
1.148687171792948372e-03,-1.840156249999999938e+00
1.149087271817954671e-03,-1.920156250000000009e+00
1.149487371842960971e-03,2.280000000000000249e+00
1.149887471867967054e-03,-2.280156250000000107e+00
1.150287571892973353e-03,2.280000000000000249e+00
1.150687671917979653e-03,2.280000000000000249e+00
1.151087771942985952e-03,-2.280156250000000107e+00
1.151487871967992035e-03,2.280000000000000249e+00
1.151887971992998335e-03,-2.280156250000000107e+00
1.152288072018004634e-03,2.280000000000000249e+00
1.152688172043010934e-03,-1.600156249999999947e+00
1.153088272068017233e-03,-2.280156250000000107e+00
1.153488372093023316e-03,2.280000000000000249e+00
1.153888472118029616e-03,1.040000000000000036e+00
1.154288572143035915e-03,-2.280156250000000107e+00
1.154688672168042215e-03,2.280000000000000249e+00
1.155088772193048298e-03,-2.240156250000000071e+00
1.155488872218054597e-03,-2.280156250000000107e+00
1.155888972243060897e-03,2.280000000000000249e+00
1.156289072268067196e-03,-2.000156249999999858e+00
1.156689172293073496e-03,2.040000000000000036e+00
1.157089272318079579e-03,2.120000000000000107e+00
1.157489372343085878e-03,-2.280156250000000107e+00
1.157889472368092178e-03,2.280000000000000249e+00
1.158289572393098477e-03,-2.280156250000000107e+00
1.158689672418104560e-03,-2.000156249999999858e+00
1.159089772443110860e-03,2.280000000000000249e+00
1.159489872468117159e-03,-2.040156249999999893e+00
1.159889972493123459e-03,2.200000000000000178e+00
1.160290072518129758e-03,2.240000000000000213e+00
1.160690172543135841e-03,-2.280156250000000107e+00
1.161090272568142141e-03,2.280000000000000249e+00
1.161490372593148440e-03,-2.240156250000000071e+00
1.161890472618154740e-03,-2.280156250000000107e+00
1.162290572643160822e-03,2.280000000000000249e+00
1.162690672668167122e-03,-2.280156250000000107e+00
1.163090772693173422e-03,2.320000000000000284e+00
1.163490872718179721e-03,-2.280156250000000107e+00
1.163890972743186021e-03,2.040000000000000036e+00
1.164291072768192103e-03,2.120000000000000107e+00
1.164691172793198403e-03,-2.280156250000000107e+00
1.165091272818204703e-03,-1.280156249999999885e+00
1.165491372843211002e-03,2.320000000000000284e+00
1.165891472868217085e-03,-2.280156250000000107e+00
1.166291572893223384e-03,2.320000000000000284e+00
1.166691672918229684e-03,2.000000000000000000e+00
1.167091772943235984e-03,-2.280156250000000107e+00
1.167491872968242283e-03,2.320000000000000284e+00
1.167891972993248366e-03,-2.280156250000000107e+00
1.168292073018254666e-03,-2.280156250000000107e+00
1.168692173043260965e-03,2.280000000000000249e+00
1.169092273068267265e-03,-2.280156250000000107e+00
1.169492373093273347e-03,1.400000000000000133e+00
1.169892473118279647e-03,2.280000000000000249e+00
1.170292573143285947e-03,-2.280156250000000107e+00
1.170692673168292246e-03,2.320000000000000284e+00
1.171092773193298546e-03,-2.280156250000000107e+00
1.171492873218304628e-03,-1.840156249999999938e+00
1.171892973243310928e-03,2.280000000000000249e+00
1.172293073268317228e-03,-2.280156250000000107e+00
1.172693173293323527e-03,1.680000000000000160e+00
1.173093273318329610e-03,2.280000000000000249e+00
1.173493373343335909e-03,-2.280156250000000107e+00
1.173893473368342209e-03,-2.000156249999999858e+00
1.174293573393348509e-03,2.280000000000000249e+00
1.174693673418354808e-03,-2.280156250000000107e+00
1.175093773443360891e-03,2.320000000000000284e+00
1.175493873468367190e-03,1.520000000000000018e+00
1.175893973493373490e-03,-2.280156250000000107e+00
1.176294073518379790e-03,2.320000000000000284e+00
1.176694173543385872e-03,-2.280156250000000107e+00
1.177094273568392172e-03,2.320000000000000284e+00
1.177494373593398471e-03,-2.200156250000000036e+00
1.177894473618404771e-03,-2.200156250000000036e+00
1.178294573643411071e-03,2.280000000000000249e+00
1.178694673668417153e-03,-2.280156250000000107e+00
1.179094773693423453e-03,8.000000000000000444e-01
1.179494873718429752e-03,2.280000000000000249e+00
1.179894973743436052e-03,-2.280156250000000107e+00
1.180295073768442135e-03,-2.200156250000000036e+00
1.180695173793448434e-03,2.280000000000000249e+00
1.181095273818454734e-03,-2.160156250000000000e+00
1.181495373843461033e-03,2.200000000000000178e+00
1.181895473868467333e-03,2.200000000000000178e+00
1.182295573893473416e-03,-2.280156250000000107e+00
1.182695673918479715e-03,2.320000000000000284e+00
1.183095773943486015e-03,-2.280156250000000107e+00
1.183495873968492314e-03,-2.000156249999999858e+00
1.183895973993498397e-03,2.280000000000000249e+00
1.184296074018504697e-03,-1.920156250000000009e+00
1.184696174043510996e-03,2.200000000000000178e+00
1.185096274068517296e-03,2.200000000000000178e+00
1.185496374093523595e-03,-2.280156250000000107e+00
1.185896474118529678e-03,2.280000000000000249e+00
1.186296574143535978e-03,-2.200156250000000036e+00
1.186696674168542277e-03,-2.200156250000000036e+00
1.187096774193548577e-03,2.280000000000000249e+00
1.187496874218554876e-03,-2.280156250000000107e+00
1.187896974243560959e-03,2.320000000000000284e+00
1.188297074268567259e-03,1.719999999999999973e+00
1.188697174293573558e-03,-2.280156250000000107e+00
1.189097274318579858e-03,1.959999999999999964e+00
1.189497374343585941e-03,-2.280156250000000107e+00
1.189897474368592240e-03,-1.480156250000000062e+00
1.190297574393598540e-03,2.320000000000000284e+00
1.190697674418604839e-03,-2.280156250000000107e+00
1.191097774443611139e-03,2.280000000000000249e+00
1.191497874468617222e-03,2.080000000000000071e+00
1.191897974493623521e-03,-2.280156250000000107e+00
1.192298074518629821e-03,2.280000000000000249e+00
1.192698174543636120e-03,-2.280156250000000107e+00
1.193098274568642203e-03,-2.280156250000000107e+00
1.193498374593648503e-03,2.320000000000000284e+00
1.193898474618654802e-03,-2.280156250000000107e+00
1.194298574643661102e-03,1.560000000000000053e+00
1.194698674668667401e-03,2.280000000000000249e+00
1.195098774693673484e-03,-2.280156250000000107e+00
1.195498874718679784e-03,2.280000000000000249e+00
1.195898974743686083e-03,-2.280156250000000107e+00
1.196299074768692383e-03,-1.480156250000000062e+00
1.196699174793698466e-03,2.320000000000000284e+00
1.197099274818704765e-03,-2.280156250000000107e+00
1.197499374843711065e-03,2.160000000000000142e+00
1.197899474868717364e-03,2.120000000000000107e+00
1.198299574893723664e-03,-2.280156250000000107e+00
1.198699674918729747e-03,2.280000000000000249e+00
1.199099774943736046e-03,-2.240156250000000071e+00
1.199499874968742346e-03,-2.240156250000000071e+00
1.199899974993748645e-03,2.280000000000000249e+00
1.200300075018754728e-03,-2.280156250000000107e+00
1.200700175043761028e-03,2.280000000000000249e+00
1.201100275068767327e-03,2.200000000000000178e+00
1.201500375093773627e-03,-2.280156250000000107e+00
1.201900475118779926e-03,2.040000000000000036e+00
1.202300575143786009e-03,-2.280156250000000107e+00
1.202700675168792309e-03,-1.600156249999999947e+00
1.203100775193798608e-03,2.280000000000000249e+00
1.203500875218804908e-03,-2.000156249999999858e+00
1.203900975243810990e-03,2.280000000000000249e+00
1.204301075268817290e-03,2.280000000000000249e+00
1.204701175293823590e-03,-2.280156250000000107e+00
1.205101275318829889e-03,2.280000000000000249e+00
1.205501375343836189e-03,-2.280156250000000107e+00
1.205901475368842271e-03,-8.001562500000000133e-01
1.206301575393848571e-03,2.280000000000000249e+00
1.206701675418854871e-03,-2.280156250000000107e+00
1.207101775443861170e-03,2.280000000000000249e+00
1.207501875468867253e-03,2.280000000000000249e+00
1.207901975493873552e-03,-2.280156250000000107e+00
1.208302075518879852e-03,2.280000000000000249e+00
1.208702175543886152e-03,-2.280156250000000107e+00
1.209102275568892451e-03,2.280000000000000249e+00
1.209502375593898534e-03,-1.120156249999999964e+00
1.209902475618904833e-03,-2.280156250000000107e+00
1.210302575643911133e-03,2.280000000000000249e+00
1.210702675668917433e-03,-2.280156250000000107e+00
1.211102775693923515e-03,1.680000000000000160e+00
1.211502875718929815e-03,2.280000000000000249e+00
1.211902975743936114e-03,-2.280156250000000107e+00
1.212303075768942414e-03,2.320000000000000284e+00
1.212703175793948714e-03,-2.280156250000000107e+00
1.213103275818954796e-03,2.280000000000000249e+00
1.213503375843961096e-03,-2.160156250000000000e+00
1.213903475868967395e-03,-2.200156250000000036e+00
1.214303575893973695e-03,2.280000000000000249e+00
1.214703675918979778e-03,-2.280156250000000107e+00
1.215103775943986077e-03,1.239999999999999991e+00
1.215503875968992377e-03,2.280000000000000249e+00
1.215903975993998676e-03,-2.280156250000000107e+00
1.216304076019004976e-03,2.280000000000000249e+00
1.216704176044011059e-03,-2.240156250000000071e+00
1.217104276069017358e-03,-2.240156250000000071e+00
1.217504376094023658e-03,2.280000000000000249e+00
1.217904476119029957e-03,-2.280156250000000107e+00
1.218304576144036040e-03,2.280000000000000249e+00
1.218704676169042340e-03,2.240000000000000213e+00
1.219104776194048639e-03,-2.280156250000000107e+00
1.219504876219054939e-03,2.280000000000000249e+00
1.219904976244061238e-03,-2.280156250000000107e+00
1.220305076269067321e-03,-2.280156250000000107e+00
1.220705176294073621e-03,2.280000000000000249e+00
1.221105276319079920e-03,-2.280156250000000107e+00
1.221505376344086220e-03,2.280000000000000249e+00
1.221905476369092303e-03,-2.280156250000000107e+00
1.222305576394098602e-03,1.640000000000000124e+00
1.222705676419104902e-03,2.280000000000000249e+00
1.223105776444111201e-03,-2.280156250000000107e+00
1.223505876469117501e-03,2.280000000000000249e+00
1.223905976494123584e-03,-2.240156250000000071e+00
1.224306076519129883e-03,-2.240156250000000071e+00
1.224706176544136183e-03,2.280000000000000249e+00
1.225106276569142482e-03,-2.280156250000000107e+00
1.225506376594148565e-03,2.280000000000000249e+00
1.225906476619154865e-03,-2.280156250000000107e+00
1.226306576644161164e-03,2.280000000000000249e+00
1.226706676669167464e-03,2.000000000000000000e+00
1.227106776694173763e-03,-2.280156250000000107e+00
1.227506876719179846e-03,2.280000000000000249e+00
1.227906976744186146e-03,-2.280156250000000107e+00
1.228307076769192445e-03,-1.240156250000000071e+00
1.228707176794198745e-03,2.280000000000000249e+00
1.229107276819204828e-03,-2.280156250000000107e+00
1.229507376844211127e-03,2.280000000000000249e+00
1.229907476869217427e-03,2.080000000000000071e+00
1.230307576894223726e-03,-2.280156250000000107e+00
1.230707676919230026e-03,2.080000000000000071e+00
1.231107776944236109e-03,-2.280156250000000107e+00
1.231507876969242408e-03,2.280000000000000249e+00
1.231907976994248708e-03,-2.200156250000000036e+00
1.232308077019255007e-03,-2.200156250000000036e+00
1.232708177044261307e-03,2.280000000000000249e+00
1.233108277069267390e-03,-2.280156250000000107e+00
1.233508377094273689e-03,2.280000000000000249e+00
1.233908477119279989e-03,-2.280156250000000107e+00
1.234308577144286288e-03,1.880000000000000115e+00
1.234708677169292371e-03,1.920000000000000151e+00
1.235108777194298671e-03,-2.280156250000000107e+00
1.235508877219304970e-03,2.280000000000000249e+00
1.235908977244311270e-03,-2.320156250000000142e+00
1.236309077269317569e-03,-2.080156249999999929e+00
1.236709177294323652e-03,2.280000000000000249e+00
1.237109277319329952e-03,-2.120156249999999964e+00
1.237509377344336251e-03,2.280000000000000249e+00
1.237909477369342551e-03,-2.280156250000000107e+00
1.238309577394348633e-03,2.280000000000000249e+00
1.238709677419354933e-03,-2.280156250000000107e+00
1.239109777444361233e-03,2.280000000000000249e+00
1.239509877469367532e-03,2.000000000000000000e+00
1.239909977494373832e-03,-2.280156250000000107e+00
1.240310077519379914e-03,2.280000000000000249e+00
1.240710177544386214e-03,-2.280156250000000107e+00
1.241110277569392514e-03,2.280000000000000249e+00
1.241510377594398813e-03,-2.240156250000000071e+00
1.241910477619404896e-03,-2.240156250000000071e+00
1.242310577644411195e-03,2.280000000000000249e+00
1.242710677669417495e-03,-2.280156250000000107e+00
1.243110777694423795e-03,2.280000000000000249e+00
1.243510877719430094e-03,1.760000000000000009e+00
1.243910977744436177e-03,-2.280156250000000107e+00
1.244311077769442477e-03,2.280000000000000249e+00
1.244711177794448776e-03,-2.280156250000000107e+00
1.245111277819455076e-03,2.280000000000000249e+00
1.245511377844461158e-03,-2.280156250000000107e+00
1.245911477869467458e-03,2.280000000000000249e+00
1.246311577894473758e-03,-2.160156250000000000e+00
1.246711677919480057e-03,-2.160156250000000000e+00
1.247111777944486357e-03,2.280000000000000249e+00
1.247511877969492439e-03,-2.280156250000000107e+00
1.247911977994498739e-03,2.200000000000000178e+00
1.248312078019505039e-03,2.200000000000000178e+00
1.248712178044511338e-03,-2.280156250000000107e+00
1.249112278069517421e-03,2.280000000000000249e+00
1.249512378094523720e-03,-2.280156250000000107e+00
1.249912478119530020e-03,2.280000000000000249e+00
1.250312578144536320e-03,-2.240156250000000071e+00
1.250712678169542619e-03,2.280000000000000249e+00
1.251112778194548702e-03,-2.280156250000000107e+00
1.251512878219555001e-03,-1.680156250000000018e+00
1.251912978244561301e-03,2.280000000000000249e+00
1.252313078269567601e-03,-2.280156250000000107e+00
1.252713178294573683e-03,2.280000000000000249e+00
1.253113278319579983e-03,-2.280156250000000107e+00
1.253513378344586282e-03,2.040000000000000036e+00
1.253913478369592582e-03,2.080000000000000071e+00
1.254313578394598882e-03,-2.280156250000000107e+00
1.254713678419604964e-03,2.280000000000000249e+00
1.255113778444611264e-03,-2.280156250000000107e+00
1.255513878469617563e-03,2.280000000000000249e+00
1.255913978494623863e-03,-1.720156250000000053e+00
1.256314078519629946e-03,-2.280156250000000107e+00
1.256714178544636245e-03,2.280000000000000249e+00
1.257114278569642545e-03,-2.280156250000000107e+00
1.257514378594648844e-03,2.280000000000000249e+00
1.257914478619655144e-03,-2.280156250000000107e+00
1.258314578644661227e-03,2.280000000000000249e+00
1.258714678669667526e-03,6.400000000000000133e-01
1.259114778694673826e-03,-2.280156250000000107e+00
1.259514878719680125e-03,2.280000000000000249e+00
1.259914978744686208e-03,-2.280156250000000107e+00
1.260315078769692508e-03,2.280000000000000249e+00
1.260715178794698807e-03,-2.280156250000000107e+00
1.261115278819705107e-03,-2.120156249999999964e+00
1.261515378844711406e-03,2.280000000000000249e+00
1.261915478869717489e-03,-1.960156249999999822e+00
1.262315578894723789e-03,2.280000000000000249e+00
1.262715678919730088e-03,-2.160156250000000000e+00
1.263115778944736388e-03,2.280000000000000249e+00
1.263515878969742471e-03,-2.280156250000000107e+00
1.263915978994748770e-03,2.280000000000000249e+00
1.264316079019755070e-03,-2.280156250000000107e+00
1.264716179044761369e-03,1.800000000000000044e+00
1.265116279069767669e-03,1.880000000000000115e+00
1.265516379094773752e-03,-2.280156250000000107e+00
1.265916479119780051e-03,2.240000000000000213e+00
1.266316579144786351e-03,-2.280156250000000107e+00
1.266716679169792650e-03,2.280000000000000249e+00
1.267116779194798733e-03,-2.200156250000000036e+00
1.267516879219805033e-03,-2.240156250000000071e+00
1.267916979244811332e-03,2.280000000000000249e+00
1.268317079269817632e-03,-2.280156250000000107e+00
1.268717179294823931e-03,2.280000000000000249e+00
1.269117279319830014e-03,2.080000000000000071e+00
1.269517379344836314e-03,-2.280156250000000107e+00
1.269917479369842613e-03,2.280000000000000249e+00
1.270317579394848913e-03,-2.280156250000000107e+00
1.270717679419854996e-03,1.920000000000000151e+00
1.271117779444861295e-03,-2.280156250000000107e+00
1.271517879469867595e-03,2.280000000000000249e+00
1.271917979494873894e-03,-2.280156250000000107e+00
1.272318079519880194e-03,-1.920156250000000009e+00
1.272718179544886277e-03,2.280000000000000249e+00
1.273118279569892576e-03,-2.280156250000000107e+00
1.273518379594898876e-03,2.280000000000000249e+00
1.273918479619905175e-03,-2.280156250000000107e+00
1.274318579644911475e-03,2.280000000000000249e+00
1.274718679669917558e-03,-2.280156250000000107e+00
1.275118779694923857e-03,2.280000000000000249e+00
1.275518879719930157e-03,1.880000000000000115e+00
1.275918979744936456e-03,-2.280156250000000107e+00
1.276319079769942539e-03,1.719999999999999973e+00
1.276719179794948839e-03,-2.280156250000000107e+00
1.277119279819955138e-03,2.240000000000000213e+00
1.277519379844961438e-03,-2.280156250000000107e+00
1.277919479869967737e-03,2.280000000000000249e+00
1.278319579894973820e-03,-2.200156250000000036e+00
1.278719679919980120e-03,-2.240156250000000071e+00
1.279119779944986419e-03,2.280000000000000249e+00
1.279519879969992719e-03,-2.280156250000000107e+00
1.279919979994998801e-03,2.280000000000000249e+00
1.280320080020005101e-03,-2.280156250000000107e+00
1.280720180045011401e-03,2.160000000000000142e+00
1.281120280070017700e-03,2.120000000000000107e+00
1.281520380095024000e-03,-2.280156250000000107e+00
1.281920480120030082e-03,2.280000000000000249e+00
1.282320580145036382e-03,-2.280156250000000107e+00
1.282720680170042682e-03,2.280000000000000249e+00
1.283120780195048981e-03,-2.280156250000000107e+00
1.283520880220055064e-03,2.280000000000000249e+00
1.283920980245061363e-03,-2.080156249999999929e+00
1.284321080270067663e-03,-2.080156249999999929e+00
1.284721180295073963e-03,2.280000000000000249e+00
1.285121280320080262e-03,-2.040156249999999893e+00
1.285521380345086345e-03,2.280000000000000249e+00
1.285921480370092644e-03,-2.280156250000000107e+00
1.286321580395098944e-03,2.280000000000000249e+00
1.286721680420105244e-03,-2.280156250000000107e+00
1.287121780445111326e-03,2.280000000000000249e+00
1.287521880470117626e-03,2.080000000000000071e+00
1.287921980495123925e-03,-2.280156250000000107e+00
1.288322080520130225e-03,2.280000000000000249e+00
1.288722180545136525e-03,-2.280156250000000107e+00
1.289122280570142607e-03,2.280000000000000249e+00
1.289522380595148907e-03,-2.280156250000000107e+00
1.289922480620155206e-03,-2.160156250000000000e+00
1.290322580645161506e-03,2.280000000000000249e+00
1.290722680670167589e-03,-2.200156250000000036e+00
1.291122780695173888e-03,2.280000000000000249e+00
1.291522880720180188e-03,-2.280156250000000107e+00
1.291922980745186487e-03,2.280000000000000249e+00
1.292323080770192787e-03,1.959999999999999964e+00
1.292723180795198870e-03,-2.280156250000000107e+00
1.293123280820205169e-03,2.240000000000000213e+00
1.293523380845211469e-03,-2.280156250000000107e+00
1.293923480870217768e-03,2.280000000000000249e+00
1.294323580895223851e-03,-2.280156250000000107e+00
1.294723680920230151e-03,-1.960156249999999822e+00
1.295123780945236450e-03,2.280000000000000249e+00
1.295523880970242750e-03,2.280000000000000249e+00
1.295923980995249050e-03,-1.760156250000000089e+00
1.296324081020255132e-03,-2.280156250000000107e+00
1.296724181045261432e-03,2.280000000000000249e+00
1.297124281070267731e-03,-2.280156250000000107e+00
1.297524381095274031e-03,1.880000000000000115e+00
1.297924481120280114e-03,1.959999999999999964e+00
1.298324581145286413e-03,-2.280156250000000107e+00
1.298724681170292713e-03,2.280000000000000249e+00
1.299124781195299012e-03,-2.320156250000000142e+00
1.299524881220305312e-03,2.280000000000000249e+00
1.299924981245311395e-03,-2.280156250000000107e+00
1.300325081270317694e-03,-1.920156250000000009e+00
1.300725181295323994e-03,2.280000000000000249e+00
1.301125281320330293e-03,-1.920156250000000009e+00
1.301525381345336376e-03,2.240000000000000213e+00
1.301925481370342676e-03,-2.280156250000000107e+00
1.302325581395348975e-03,2.240000000000000213e+00
1.302725681420355275e-03,-2.280156250000000107e+00
1.303125781445361574e-03,1.640000000000000124e+00
1.303525881470367657e-03,2.280000000000000249e+00
1.303925981495373957e-03,-2.280156250000000107e+00
1.304326081520380256e-03,2.280000000000000249e+00
1.304726181545386556e-03,-2.280156250000000107e+00
1.305126281570392639e-03,2.280000000000000249e+00
1.305526381595398938e-03,-8.001562500000000133e-01
1.305926481620405238e-03,-2.280156250000000107e+00
1.306326581645411537e-03,2.280000000000000249e+00
1.306726681670417837e-03,-2.280156250000000107e+00
1.307126781695423920e-03,2.280000000000000249e+00
1.307526881720430219e-03,-2.280156250000000107e+00
1.307926981745436519e-03,2.280000000000000249e+00
1.308327081770442818e-03,2.040000000000000036e+00
1.308727181795448901e-03,-2.280156250000000107e+00
1.309127281820455201e-03,2.280000000000000249e+00
1.309527381845461500e-03,-2.280156250000000107e+00
1.309927481870467800e-03,-1.280156249999999885e+00
1.310327581895474099e-03,2.280000000000000249e+00
1.310727681920480182e-03,-2.280156250000000107e+00
1.311127781945486482e-03,2.320000000000000284e+00
1.311527881970492781e-03,-2.280156250000000107e+00
1.311927981995499081e-03,2.280000000000000249e+00
1.312328082020505163e-03,-2.280156250000000107e+00
1.312728182045511463e-03,2.280000000000000249e+00
1.313128282070517763e-03,1.880000000000000115e+00
1.313528382095524062e-03,-2.280156250000000107e+00
1.313928482120530362e-03,2.280000000000000249e+00
1.314328582145536444e-03,-2.280156250000000107e+00
1.314728682170542744e-03,-2.040156249999999893e+00
1.315128782195549044e-03,2.280000000000000249e+00
1.315528882220555343e-03,-2.200156250000000036e+00
1.315928982245561643e-03,2.280000000000000249e+00
1.316329082270567725e-03,-2.280156250000000107e+00
1.316729182295574025e-03,2.280000000000000249e+00
1.317129282320580325e-03,2.280000000000000249e+00
1.317529382345586624e-03,-2.280156250000000107e+00
1.317929482370592707e-03,2.280000000000000249e+00
1.318329582395599006e-03,-2.240156250000000071e+00
1.318729682420605306e-03,-2.200156250000000036e+00
1.319129782445611606e-03,2.280000000000000249e+00
1.319529882470617905e-03,-2.280156250000000107e+00
1.319929982495623988e-03,2.280000000000000249e+00
1.320330082520630288e-03,-2.080156249999999929e+00
1.320730182545636587e-03,2.280000000000000249e+00
1.321130282570642887e-03,1.479999999999999982e+00
1.321530382595648969e-03,-2.280156250000000107e+00
1.321930482620655269e-03,2.280000000000000249e+00
1.322330582645661569e-03,-2.280156250000000107e+00
1.322730682670667868e-03,-1.920156250000000009e+00
1.323130782695674168e-03,2.280000000000000249e+00
1.323530882720680250e-03,-2.280156250000000107e+00
1.323930982745686550e-03,2.280000000000000249e+00
1.324331082770692850e-03,-2.280156250000000107e+00
1.324731182795699149e-03,2.280000000000000249e+00
1.325131282820705232e-03,-2.280156250000000107e+00
1.325531382845711531e-03,2.280000000000000249e+00
1.325931482870717831e-03,2.040000000000000036e+00
1.326331582895724131e-03,-2.280156250000000107e+00
1.326731682920730430e-03,2.280000000000000249e+00
1.327131782945736513e-03,-2.280156250000000107e+00
1.327531882970742812e-03,-1.440156250000000027e+00
1.327931982995749112e-03,2.280000000000000249e+00
1.328332083020755412e-03,-2.280156250000000107e+00
1.328732183045761494e-03,2.280000000000000249e+00
1.329132283070767794e-03,2.200000000000000178e+00
1.329532383095774093e-03,-2.280156250000000107e+00
1.329932483120780393e-03,2.280000000000000249e+00
1.330332583145786693e-03,-2.280156250000000107e+00
1.330732683170792775e-03,-2.040156249999999893e+00
1.331132783195799075e-03,2.280000000000000249e+00
1.331532883220805374e-03,-2.280156250000000107e+00
1.331932983245811674e-03,2.280000000000000249e+00
1.332333083270817757e-03,-2.280156250000000107e+00
1.332733183295824056e-03,2.280000000000000249e+00
1.333133283320830356e-03,1.040000000000000036e+00
1.333533383345836655e-03,-2.280156250000000107e+00
1.333933483370842955e-03,2.280000000000000249e+00
1.334333583395849038e-03,-2.280156250000000107e+00
1.334733683420855337e-03,-1.120156249999999964e+00
1.335133783445861637e-03,2.280000000000000249e+00
1.335533883470867936e-03,-2.280156250000000107e+00
1.335933983495874019e-03,2.280000000000000249e+00
1.336334083520880319e-03,-2.280156250000000107e+00
1.336734183545886618e-03,2.280000000000000249e+00
1.337134283570892918e-03,2.080000000000000071e+00
1.337534383595899217e-03,-2.280156250000000107e+00
1.337934483620905300e-03,1.880000000000000115e+00
1.338334583645911600e-03,-2.280156250000000107e+00
1.338734683670917899e-03,-1.200156250000000036e+00
1.339134783695924199e-03,2.280000000000000249e+00
1.339534883720930282e-03,-2.320156250000000142e+00
1.339934983745936581e-03,2.320000000000000284e+00
1.340335083770942881e-03,-2.280156250000000107e+00
1.340735183795949180e-03,1.880000000000000115e+00
1.341135283820955480e-03,1.880000000000000115e+00
1.341535383845961563e-03,-2.320156250000000142e+00
1.341935483870967862e-03,-1.720156250000000053e+00
1.342335583895974162e-03,2.280000000000000249e+00
1.342735683920980461e-03,-2.040156249999999893e+00
1.343135783945986544e-03,2.320000000000000284e+00
1.343535883970992844e-03,2.200000000000000178e+00
1.343935983995999143e-03,-2.280156250000000107e+00
1.344336084021005443e-03,2.280000000000000249e+00
1.344736184046011742e-03,-2.280156250000000107e+00
1.345136284071017825e-03,2.280000000000000249e+00
1.345536384096024125e-03,-2.280156250000000107e+00
1.345936484121030424e-03,-2.240156250000000071e+00
1.346336584146036724e-03,2.280000000000000249e+00
1.346736684171042807e-03,-2.320156250000000142e+00
1.347136784196049106e-03,1.600000000000000089e+00
1.347536884221055406e-03,2.280000000000000249e+00
1.347936984246061705e-03,-2.280156250000000107e+00
1.348337084271068005e-03,2.280000000000000249e+00
1.348737184296074088e-03,-2.280156250000000107e+00
1.349137284321080387e-03,-2.280156250000000107e+00
1.349537384346086687e-03,2.320000000000000284e+00
1.349937484371092986e-03,-2.280156250000000107e+00
1.350337584396099069e-03,2.280000000000000249e+00
1.350737684421105369e-03,-2.280156250000000107e+00
1.351137784446111668e-03,1.479999999999999982e+00
1.351537884471117968e-03,2.280000000000000249e+00
1.351937984496124267e-03,-2.320156250000000142e+00
1.352338084521130350e-03,-1.120156249999999964e+00
1.352738184546136650e-03,2.280000000000000249e+00
1.353138284571142949e-03,-2.280156250000000107e+00
1.353538384596149249e-03,2.240000000000000213e+00
1.353938484621155331e-03,2.240000000000000213e+00
1.354338584646161631e-03,-2.280156250000000107e+00
1.354738684671167931e-03,2.320000000000000284e+00
1.355138784696174230e-03,-2.040156249999999893e+00
1.355538884721180530e-03,-2.160156250000000000e+00
1.355938984746186612e-03,2.320000000000000284e+00
1.356339084771192912e-03,-2.280156250000000107e+00
1.356739184796199212e-03,2.280000000000000249e+00
1.357139284821205511e-03,2.080000000000000071e+00
1.357539384846211594e-03,-2.280156250000000107e+00
1.357939484871217893e-03,2.000000000000000000e+00
1.358339584896224193e-03,-2.280156250000000107e+00
1.358739684921230493e-03,-2.200156250000000036e+00
1.359139784946236792e-03,2.280000000000000249e+00
1.359539884971242875e-03,-2.280156250000000107e+00
1.359939984996249174e-03,2.240000000000000213e+00
1.360340085021255474e-03,2.240000000000000213e+00
1.360740185046261774e-03,-2.280156250000000107e+00
1.361140285071268073e-03,2.280000000000000249e+00
1.361540385096274156e-03,-2.280156250000000107e+00
1.361940485121280455e-03,2.280000000000000249e+00
1.362340585146286755e-03,-2.160156250000000000e+00
1.362740685171293055e-03,-2.160156250000000000e+00
1.363140785196299137e-03,2.280000000000000249e+00
1.363540885221305437e-03,1.160000000000000142e+00
1.363940985246311736e-03,-2.280156250000000107e+00
1.364341085271318036e-03,2.280000000000000249e+00
1.364741185296324336e-03,-2.280156250000000107e+00
1.365141285321330418e-03,-1.920156250000000009e+00
1.365541385346336718e-03,2.280000000000000249e+00
1.365941485371343017e-03,-2.280156250000000107e+00
1.366341585396349317e-03,2.280000000000000249e+00
1.366741685421355400e-03,2.280000000000000249e+00
1.367141785446361699e-03,-2.280156250000000107e+00
1.367541885471367999e-03,2.320000000000000284e+00
1.367941985496374298e-03,-1.640156249999999982e+00
1.368342085521380598e-03,-2.280156250000000107e+00
1.368742185546386681e-03,2.320000000000000284e+00
1.369142285571392980e-03,-2.280156250000000107e+00
1.369542385596399280e-03,2.280000000000000249e+00
1.369942485621405579e-03,1.680000000000000160e+00
1.370342585646411662e-03,-2.240156250000000071e+00
1.370742685671417962e-03,2.280000000000000249e+00
1.371142785696424261e-03,-1.920156250000000009e+00
1.371542885721430561e-03,-1.960156249999999822e+00
1.371942985746436861e-03,2.280000000000000249e+00
1.372343085771442943e-03,1.880000000000000115e+00
1.372743185796449243e-03,-2.280156250000000107e+00
1.373143285821455542e-03,1.920000000000000151e+00
1.373543385846461842e-03,-2.320156250000000142e+00
1.373943485871467925e-03,2.280000000000000249e+00
1.374343585896474224e-03,-2.120156249999999964e+00
1.374743685921480524e-03,-2.120156249999999964e+00
1.375143785946486823e-03,2.280000000000000249e+00
1.375543885971493123e-03,-2.280156250000000107e+00
1.375943985996499206e-03,2.240000000000000213e+00
1.376344086021505505e-03,2.240000000000000213e+00
1.376744186046511805e-03,-2.280156250000000107e+00
1.377144286071518104e-03,2.320000000000000284e+00
1.377544386096524187e-03,-1.200156250000000036e+00
1.377944486121530487e-03,-2.280156250000000107e+00
1.378344586146536786e-03,2.280000000000000249e+00
1.378744686171543086e-03,2.120000000000000107e+00
1.379144786196549385e-03,-2.280156250000000107e+00
1.379544886221555468e-03,2.200000000000000178e+00
1.379944986246561768e-03,-2.280156250000000107e+00
1.380345086271568067e-03,-2.240156250000000071e+00
1.380745186296574367e-03,2.320000000000000284e+00
1.381145286321580450e-03,-2.280156250000000107e+00
1.381545386346586749e-03,2.320000000000000284e+00
1.381945486371593049e-03,1.959999999999999964e+00
1.382345586396599348e-03,-2.280156250000000107e+00
1.382745686421605648e-03,2.040000000000000036e+00
1.383145786446611731e-03,-2.240156250000000071e+00
1.383545886471618030e-03,-2.280156250000000107e+00
1.383945986496624330e-03,2.320000000000000284e+00
1.384346086521630629e-03,-2.280156250000000107e+00
1.384746186546636712e-03,2.200000000000000178e+00
1.385146286571643012e-03,2.280000000000000249e+00
1.385546386596649311e-03,-2.280156250000000107e+00
1.385946486621655611e-03,2.280000000000000249e+00
1.386346586646661910e-03,-2.280156250000000107e+00
1.386746686671667993e-03,-1.680156250000000018e+00
1.387146786696674293e-03,2.280000000000000249e+00
1.387546886721680592e-03,-2.040156249999999893e+00
1.387946986746686892e-03,2.280000000000000249e+00
1.388347086771692974e-03,1.400000000000000133e+00
1.388747186796699274e-03,-2.280156250000000107e+00
1.389147286821705574e-03,2.280000000000000249e+00
1.389547386846711873e-03,-2.280156250000000107e+00
1.389947486871718173e-03,-1.960156249999999822e+00
1.390347586896724255e-03,2.280000000000000249e+00
1.390747686921730555e-03,-2.280156250000000107e+00
1.391147786946736855e-03,2.280000000000000249e+00
1.391547886971743154e-03,2.280000000000000249e+00
1.391947986996749237e-03,-2.320156250000000142e+00
1.392348087021755536e-03,2.280000000000000249e+00
1.392748187046761836e-03,-1.720156250000000053e+00
1.393148287071768136e-03,-2.280156250000000107e+00
1.393548387096774435e-03,2.280000000000000249e+00
1.393948487121780518e-03,-2.280156250000000107e+00
1.394348587146786818e-03,2.280000000000000249e+00
1.394748687171793117e-03,1.479999999999999982e+00
1.395148787196799417e-03,-2.280156250000000107e+00
1.395548887221805499e-03,2.320000000000000284e+00
1.395948987246811799e-03,-2.120156249999999964e+00
1.396349087271818099e-03,-2.160156250000000000e+00
1.396749187296824398e-03,2.280000000000000249e+00
1.397149287321830698e-03,-2.280156250000000107e+00
1.397549387346836780e-03,2.200000000000000178e+00
1.397949487371843080e-03,2.240000000000000213e+00
1.398349587396849380e-03,-2.280156250000000107e+00
1.398749687421855679e-03,2.320000000000000284e+00
1.399149787446861762e-03,-2.280156250000000107e+00
1.399549887471868061e-03,-2.200156250000000036e+00
1.399949987496874361e-03,2.320000000000000284e+00
1.400350087521880661e-03,-1.960156249999999822e+00
1.400750187546886960e-03,2.280000000000000249e+00
1.401150287571893043e-03,1.800000000000000044e+00
1.401550387596899342e-03,-2.280156250000000107e+00
1.401950487621905642e-03,2.320000000000000284e+00
1.402350587646911942e-03,-2.320156250000000142e+00
1.402750687671918241e-03,-2.280156250000000107e+00
1.403150787696924324e-03,2.280000000000000249e+00
1.403550887721930623e-03,-2.280156250000000107e+00
1.403950987746936923e-03,2.280000000000000249e+00
1.404351087771943223e-03,1.120000000000000107e+00
1.404751187796949305e-03,-2.280156250000000107e+00
1.405151287821955605e-03,2.320000000000000284e+00
1.405551387846961904e-03,-2.280156250000000107e+00
1.405951487871968204e-03,-2.280156250000000107e+00
1.406351587896974504e-03,2.280000000000000249e+00
1.406751687921980586e-03,-2.280156250000000107e+00
1.407151787946986886e-03,2.320000000000000284e+00
1.407551887971993185e-03,2.000000000000000111e-01
1.407951987996999485e-03,-2.280156250000000107e+00
1.408352088022005568e-03,2.280000000000000249e+00
1.408752188047011867e-03,-2.280156250000000107e+00
1.409152288072018167e-03,-8.401562499999999378e-01
1.409552388097024466e-03,2.280000000000000249e+00
1.409952488122030766e-03,-2.280156250000000107e+00
1.410352588147036849e-03,2.280000000000000249e+00
1.410752688172043148e-03,-2.280156250000000107e+00
1.411152788197049448e-03,2.280000000000000249e+00
1.411552888222055747e-03,2.080000000000000071e+00
1.411952988247061830e-03,-2.280156250000000107e+00
1.412353088272068130e-03,1.880000000000000115e+00
1.412753188297074429e-03,-2.280156250000000107e+00
1.413153288322080729e-03,-1.280156249999999885e+00
1.413553388347087028e-03,2.320000000000000284e+00
1.413953488372093111e-03,-2.280156250000000107e+00
1.414353588397099411e-03,2.280000000000000249e+00
1.414753688422105710e-03,1.400000000000000133e+00
1.415153788447112010e-03,-2.280156250000000107e+00
1.415553888472118093e-03,1.920000000000000151e+00
1.415953988497124392e-03,-2.280156250000000107e+00
1.416354088522130692e-03,2.280000000000000249e+00
1.416754188547136991e-03,-2.120156249999999964e+00
1.417154288572143291e-03,-2.160156250000000000e+00
1.417554388597149374e-03,2.280000000000000249e+00
1.417954488622155673e-03,1.959999999999999964e+00
1.418354588647161973e-03,-2.280156250000000107e+00
1.418754688672168272e-03,2.040000000000000036e+00
1.419154788697174355e-03,-2.240156250000000071e+00
1.419554888722180655e-03,2.000000000000000000e+00
1.419954988747186954e-03,-2.280156250000000107e+00
1.420355088772193254e-03,-1.760156250000000089e+00
1.420755188797199553e-03,2.280000000000000249e+00
1.421155288822205636e-03,-2.280156250000000107e+00
1.421555388847211936e-03,2.280000000000000249e+00
1.421955488872218235e-03,2.240000000000000213e+00
1.422355588897224535e-03,-2.280156250000000107e+00
1.422755688922230618e-03,1.880000000000000115e+00
1.423155788947236917e-03,-2.280156250000000107e+00
1.423555888972243217e-03,2.280000000000000249e+00
1.423955988997249516e-03,-2.280156250000000107e+00
1.424356089022255816e-03,-2.200156250000000036e+00
1.424756189047261899e-03,2.280000000000000249e+00
1.425156289072268198e-03,-2.240156250000000071e+00
1.425556389097274498e-03,2.280000000000000249e+00
1.425956489122280797e-03,-2.280156250000000107e+00
1.426356589147286880e-03,2.280000000000000249e+00
1.426756689172293180e-03,2.160000000000000142e+00
1.427156789197299479e-03,-2.280156250000000107e+00
1.427556889222305779e-03,2.280000000000000249e+00
1.427956989247312078e-03,-2.160156250000000000e+00
1.428357089272318161e-03,-2.200156250000000036e+00
1.428757189297324461e-03,2.280000000000000249e+00
1.429157289322330760e-03,-2.120156249999999964e+00
1.429557389347337060e-03,2.280000000000000249e+00
1.429957489372343142e-03,2.280000000000000249e+00
1.430357589397349442e-03,-2.280156250000000107e+00
1.430757689422355742e-03,2.280000000000000249e+00
1.431157789447362041e-03,-2.280156250000000107e+00
1.431557889472368341e-03,2.280000000000000249e+00
1.431957989497374423e-03,-2.280156250000000107e+00
1.432358089522380723e-03,-8.401562499999999378e-01
1.432758189547387023e-03,2.280000000000000249e+00
1.433158289572393322e-03,-2.320156250000000142e+00
1.433558389597399405e-03,2.280000000000000249e+00
1.433958489622405704e-03,-2.280156250000000107e+00
1.434358589647412004e-03,1.959999999999999964e+00
1.434758689672418304e-03,2.040000000000000036e+00
1.435158789697424603e-03,-2.280156250000000107e+00
1.435558889722430686e-03,1.880000000000000115e+00
1.435958989747436985e-03,-2.280156250000000107e+00
1.436359089772443285e-03,2.280000000000000249e+00
1.436759189797449585e-03,-2.280156250000000107e+00
1.437159289822455667e-03,2.280000000000000249e+00
1.437559389847461967e-03,-2.040156249999999893e+00
1.437959489872468266e-03,-2.040156249999999893e+00
1.438359589897474566e-03,2.280000000000000249e+00
1.438759689922480866e-03,-2.280156250000000107e+00
1.439159789947486948e-03,2.280000000000000249e+00
1.439559889972493248e-03,2.240000000000000213e+00
1.439959989997499547e-03,-2.280156250000000107e+00
1.440360090022505847e-03,2.280000000000000249e+00
1.440760190047511930e-03,-2.280156250000000107e+00
1.441160290072518229e-03,-2.000156249999999858e+00
1.441560390097524529e-03,2.280000000000000249e+00
1.441960490122530828e-03,-2.160156250000000000e+00
1.442360590147537128e-03,2.280000000000000249e+00
1.442760690172543211e-03,-2.240156250000000071e+00
1.443160790197549510e-03,2.240000000000000213e+00
1.443560890222555810e-03,2.240000000000000213e+00
1.443960990247562109e-03,-2.280156250000000107e+00
1.444361090272568192e-03,2.080000000000000071e+00
1.444761190297574492e-03,-2.280156250000000107e+00
1.445161290322580791e-03,2.280000000000000249e+00
1.445561390347587091e-03,-2.240156250000000071e+00
1.445961490372593390e-03,-2.200156250000000036e+00
1.446361590397599473e-03,2.280000000000000249e+00
1.446761690422605773e-03,-2.280156250000000107e+00
1.447161790447612072e-03,2.280000000000000249e+00
1.447561890472618372e-03,-2.280156250000000107e+00
1.447961990497624672e-03,2.280000000000000249e+00
1.448362090522630754e-03,2.120000000000000107e+00
1.448762190547637054e-03,-2.280156250000000107e+00
1.449162290572643353e-03,2.120000000000000107e+00
1.449562390597649653e-03,-2.280156250000000107e+00
1.449962490622655736e-03,2.080000000000000071e+00
1.450362590647662035e-03,-2.280156250000000107e+00
1.450762690672668335e-03,2.280000000000000249e+00
1.451162790697674634e-03,-2.280156250000000107e+00
1.451562890722680934e-03,-1.960156249999999822e+00
1.451962990747687017e-03,2.280000000000000249e+00
1.452363090772693316e-03,-2.280156250000000107e+00
1.452763190797699616e-03,2.280000000000000249e+00
1.453163290822705915e-03,2.120000000000000107e+00
1.453563390847711998e-03,-2.280156250000000107e+00
1.453963490872718298e-03,1.840000000000000080e+00
1.454363590897724597e-03,-2.280156250000000107e+00
1.454763690922730897e-03,2.280000000000000249e+00
1.455163790947737196e-03,-2.280156250000000107e+00
1.455563890972743279e-03,-2.040156249999999893e+00
1.455963990997749579e-03,2.280000000000000249e+00
1.456364091022755878e-03,-2.200156250000000036e+00
1.456764191047762178e-03,2.280000000000000249e+00
1.457164291072768261e-03,-2.240156250000000071e+00
1.457564391097774560e-03,2.280000000000000249e+00
1.457964491122780860e-03,-2.280156250000000107e+00
1.458364591147787159e-03,2.280000000000000249e+00
1.458764691172793459e-03,1.680000000000000160e+00
1.459164791197799542e-03,-2.280156250000000107e+00
1.459564891222805841e-03,2.280000000000000249e+00
1.459964991247812141e-03,-2.280156250000000107e+00
1.460365091272818440e-03,2.280000000000000249e+00
1.460765191297824523e-03,-2.280156250000000107e+00
1.461165291322830823e-03,2.280000000000000249e+00
1.461565391347837122e-03,-2.280156250000000107e+00
1.461965491372843422e-03,2.280000000000000249e+00
1.462365591397849721e-03,-2.280156250000000107e+00
1.462765691422855804e-03,-2.280156250000000107e+00
1.463165791447862104e-03,2.280000000000000249e+00
1.463565891472868403e-03,-2.280156250000000107e+00
1.463965991497874703e-03,2.280000000000000249e+00
1.464366091522880785e-03,-2.280156250000000107e+00
1.464766191547887085e-03,2.200000000000000178e+00
1.465166291572893385e-03,2.200000000000000178e+00
1.465566391597899684e-03,-2.280156250000000107e+00
1.465966491622905984e-03,2.280000000000000249e+00
1.466366591647912066e-03,-2.320156250000000142e+00
1.466766691672918366e-03,-1.200156250000000036e+00
1.467166791697924666e-03,2.280000000000000249e+00
1.467566891722930965e-03,-2.280156250000000107e+00
1.467966991747937048e-03,2.280000000000000249e+00
1.468367091772943347e-03,-2.280156250000000107e+00
1.468767191797949647e-03,2.280000000000000249e+00
1.469167291822955947e-03,-2.280156250000000107e+00
1.469567391847962246e-03,2.280000000000000249e+00
1.469967491872968329e-03,1.719999999999999973e+00
1.470367591897974629e-03,-2.320156250000000142e+00
1.470767691922980928e-03,2.280000000000000249e+00
1.471167791947987228e-03,-2.320156250000000142e+00
1.471567891972993310e-03,2.280000000000000249e+00
1.471967991997999610e-03,-2.280156250000000107e+00
1.472368092023005910e-03,2.280000000000000249e+00
1.472768192048012209e-03,-2.240156250000000071e+00
1.473168292073018509e-03,-2.240156250000000071e+00
1.473568392098024591e-03,2.280000000000000249e+00
1.473968492123030891e-03,-2.280156250000000107e+00
1.474368592148037191e-03,2.280000000000000249e+00
1.474768692173043490e-03,-2.280156250000000107e+00
1.475168792198049573e-03,2.280000000000000249e+00
1.475568892223055872e-03,-2.280156250000000107e+00
1.475968992248062172e-03,2.280000000000000249e+00
1.476369092273068472e-03,2.000000000000000000e+00
1.476769192298074771e-03,-2.280156250000000107e+00
1.477169292323080854e-03,2.240000000000000213e+00
1.477569392348087153e-03,-2.320156250000000142e+00
1.477969492373093453e-03,-1.960156249999999822e+00
1.478369592398099753e-03,2.280000000000000249e+00
1.478769692423105835e-03,-1.400156249999999991e+00
1.479169792448112135e-03,2.280000000000000249e+00
1.479569892473118434e-03,-2.280156250000000107e+00
1.479969992498124734e-03,2.280000000000000249e+00
1.480370092523131034e-03,-2.280156250000000107e+00
1.480770192548137116e-03,2.280000000000000249e+00
1.481170292573143416e-03,-2.280156250000000107e+00
1.481570392598149715e-03,2.280000000000000249e+00
1.481970492623156015e-03,1.920000000000000151e+00
1.482370592648162098e-03,-2.280156250000000107e+00
1.482770692673168397e-03,2.280000000000000249e+00
1.483170792698174697e-03,-2.280156250000000107e+00
1.483570892723180996e-03,2.280000000000000249e+00
1.483970992748187296e-03,-2.080156249999999929e+00
1.484371092773193379e-03,-2.160156250000000000e+00
1.484771192798199678e-03,2.280000000000000249e+00
1.485171292823205978e-03,-2.240156250000000071e+00
1.485571392848212277e-03,2.280000000000000249e+00
1.485971492873218360e-03,-2.280156250000000107e+00
1.486371592898224660e-03,2.280000000000000249e+00
1.486771692923230959e-03,-2.280156250000000107e+00
1.487171792948237259e-03,2.280000000000000249e+00
1.487571892973243558e-03,1.719999999999999973e+00
1.487971992998249641e-03,-2.280156250000000107e+00
1.488372093023255941e-03,2.280000000000000249e+00
1.488772193048262240e-03,-2.280156250000000107e+00
1.489172293073268540e-03,2.280000000000000249e+00
1.489572393098274839e-03,-2.280156250000000107e+00
1.489972493123280922e-03,-1.920156250000000009e+00
1.490372593148287222e-03,2.280000000000000249e+00
1.490772693173293521e-03,-2.280156250000000107e+00
1.491172793198299821e-03,2.280000000000000249e+00
1.491572893223305904e-03,-2.280156250000000107e+00
1.491972993248312203e-03,2.200000000000000178e+00
1.492373093273318503e-03,2.200000000000000178e+00
1.492773193298324802e-03,-2.280156250000000107e+00
1.493173293323331102e-03,2.280000000000000249e+00
1.493573393348337185e-03,-2.280156250000000107e+00
1.493973493373343484e-03,2.200000000000000178e+00
1.494373593398349784e-03,-2.280156250000000107e+00
1.494773693423356083e-03,2.280000000000000249e+00
1.495173793448362166e-03,-2.080156249999999929e+00
1.495573893473368466e-03,-2.160156250000000000e+00
1.495973993498374765e-03,2.240000000000000213e+00
1.496374093523381065e-03,-2.280156250000000107e+00
1.496774193548387364e-03,2.280000000000000249e+00
1.497174293573393447e-03,-2.280156250000000107e+00
1.497574393598399747e-03,2.280000000000000249e+00
1.497974493623406046e-03,2.280000000000000249e+00
1.498374593648412346e-03,-2.280156250000000107e+00
1.498774693673418429e-03,2.280000000000000249e+00
1.499174793698424728e-03,-2.280156250000000107e+00
1.499574893723431028e-03,2.280000000000000249e+00
1.499974993748437327e-03,-2.280156250000000107e+00
1.500375093773443627e-03,2.280000000000000249e+00
1.500775193798449710e-03,-2.280156250000000107e+00
1.501175293823456009e-03,-2.120156249999999964e+00
1.501575393848462309e-03,2.280000000000000249e+00
1.501975493873468608e-03,-2.280156250000000107e+00
1.502375593898474691e-03,2.320000000000000284e+00
1.502775693923480991e-03,2.240000000000000213e+00
1.503175793948487290e-03,-2.280156250000000107e+00
1.503575893973493590e-03,2.120000000000000107e+00
1.503975993998499889e-03,-2.280156250000000107e+00
1.504376094023505972e-03,2.280000000000000249e+00
1.504776194048512272e-03,-2.280156250000000107e+00
1.505176294073518571e-03,-2.200156250000000036e+00
1.505576394098524871e-03,2.280000000000000249e+00
1.505976494123530953e-03,-2.200156250000000036e+00
1.506376594148537253e-03,2.280000000000000249e+00
1.506776694173543553e-03,-1.920156250000000009e+00
1.507176794198549852e-03,2.240000000000000213e+00
1.507576894223556152e-03,2.200000000000000178e+00
1.507976994248562234e-03,-2.280156250000000107e+00
1.508377094273568534e-03,2.280000000000000249e+00
1.508777194298574834e-03,-2.320156250000000142e+00
1.509177294323581133e-03,2.280000000000000249e+00
1.509577394348587216e-03,-2.280156250000000107e+00
1.509977494373593515e-03,2.280000000000000249e+00
1.510377594398599815e-03,-2.280156250000000107e+00
1.510777694423606115e-03,-2.160156250000000000e+00
1.511177794448612414e-03,2.280000000000000249e+00
1.511577894473618497e-03,-2.160156250000000000e+00
1.511977994498624796e-03,2.280000000000000249e+00
1.512378094523631096e-03,-2.280156250000000107e+00
1.512778194548637396e-03,1.880000000000000115e+00
1.513178294573643478e-03,1.959999999999999964e+00
1.513578394598649778e-03,-2.280156250000000107e+00
1.513978494623656077e-03,2.280000000000000249e+00
1.514378594648662377e-03,-2.280156250000000107e+00
1.514778694673668677e-03,-1.600156249999999947e+00
1.515178794698674759e-03,2.280000000000000249e+00
1.515578894723681059e-03,-2.280156250000000107e+00
1.515978994748687358e-03,2.280000000000000249e+00
1.516379094773693658e-03,-2.280156250000000107e+00
1.516779194798699741e-03,1.719999999999999973e+00
1.517179294823706040e-03,2.280000000000000249e+00
1.517579394848712340e-03,-2.280156250000000107e+00
1.517979494873718639e-03,2.280000000000000249e+00
1.518379594898724939e-03,-2.280156250000000107e+00
1.518779694923731022e-03,2.280000000000000249e+00
1.519179794948737321e-03,-2.280156250000000107e+00
1.519579894973743621e-03,-2.240156250000000071e+00
1.519979994998749920e-03,2.280000000000000249e+00
1.520380095023756003e-03,-2.280156250000000107e+00
1.520780195048762303e-03,2.200000000000000178e+00
1.521180295073768602e-03,2.200000000000000178e+00
1.521580395098774902e-03,-2.320156250000000142e+00
1.521980495123781202e-03,2.280000000000000249e+00
1.522380595148787284e-03,-2.280156250000000107e+00
1.522780695173793584e-03,2.280000000000000249e+00
1.523180795198799883e-03,-2.280156250000000107e+00
1.523580895223806183e-03,-2.240156250000000071e+00
1.523980995248812266e-03,2.280000000000000249e+00
1.524381095273818565e-03,-2.240156250000000071e+00
1.524781195298824865e-03,2.280000000000000249e+00
1.525181295323831164e-03,-2.280156250000000107e+00
1.525581395348837464e-03,2.280000000000000249e+00
1.525981495373843547e-03,2.200000000000000178e+00
1.526381595398849846e-03,-2.280156250000000107e+00
1.526781695423856146e-03,2.280000000000000249e+00
1.527181795448862445e-03,-2.080156249999999929e+00
1.527581895473868528e-03,-2.120156249999999964e+00
1.527981995498874828e-03,2.280000000000000249e+00
1.528382095523881127e-03,-2.040156249999999893e+00
1.528782195548887427e-03,2.240000000000000213e+00
1.529182295573893726e-03,2.240000000000000213e+00
1.529582395598899809e-03,-2.280156250000000107e+00
1.529982495623906109e-03,2.280000000000000249e+00
1.530382595648912408e-03,-2.280156250000000107e+00
1.530782695673918708e-03,2.280000000000000249e+00
1.531182795698925007e-03,-2.280156250000000107e+00
1.531582895723931090e-03,-1.840156249999999938e+00
1.531982995748937390e-03,2.280000000000000249e+00
1.532383095773943689e-03,-2.280156250000000107e+00
1.532783195798949989e-03,2.280000000000000249e+00
1.533183295823956072e-03,1.880000000000000115e+00
1.533583395848962371e-03,-2.280156250000000107e+00
1.533983495873968671e-03,2.280000000000000249e+00
1.534383595898974970e-03,-2.280156250000000107e+00
1.534783695923981270e-03,2.280000000000000249e+00
1.535183795948987353e-03,-2.280156250000000107e+00
1.535583895973993652e-03,-2.240156250000000071e+00
1.535983995998999952e-03,2.280000000000000249e+00
1.536384096024006251e-03,-2.280156250000000107e+00
1.536784196049012334e-03,2.280000000000000249e+00
1.537184296074018634e-03,1.760000000000000009e+00
1.537584396099024933e-03,-2.280156250000000107e+00
1.537984496124031233e-03,2.280000000000000249e+00
1.538384596149037532e-03,-2.280156250000000107e+00
1.538784696174043615e-03,-1.840156249999999938e+00
1.539184796199049915e-03,2.280000000000000249e+00
1.539584896224056214e-03,-2.280156250000000107e+00
1.539984996249062514e-03,2.280000000000000249e+00
1.540385096274068596e-03,2.040000000000000036e+00
1.540785196299074896e-03,-2.280156250000000107e+00
1.541185296324081196e-03,2.280000000000000249e+00
1.541585396349087495e-03,-2.280156250000000107e+00
1.541985496374093795e-03,-2.280156250000000107e+00
1.542385596399099877e-03,2.280000000000000249e+00
1.542785696424106177e-03,-2.280156250000000107e+00
1.543185796449112477e-03,2.280000000000000249e+00
1.543585896474118776e-03,-2.280156250000000107e+00
1.543985996499124859e-03,2.200000000000000178e+00
1.544386096524131158e-03,2.240000000000000213e+00
1.544786196549137458e-03,-2.280156250000000107e+00
1.545186296574143758e-03,-1.280156249999999885e+00
1.545586396599150057e-03,2.320000000000000284e+00
1.545986496624156140e-03,-2.280156250000000107e+00
1.546386596649162440e-03,2.280000000000000249e+00
1.546786696674168739e-03,-2.280156250000000107e+00
1.547186796699175039e-03,2.200000000000000178e+00
1.547586896724181121e-03,2.200000000000000178e+00
1.547986996749187421e-03,-2.280156250000000107e+00
1.548387096774193721e-03,2.280000000000000249e+00
1.548787196799200020e-03,-2.320156250000000142e+00
1.549187296824206320e-03,-1.120156249999999964e+00
1.549587396849212402e-03,2.280000000000000249e+00
1.549987496874218702e-03,-2.280156250000000107e+00
1.550387596899225002e-03,2.280000000000000249e+00
1.550787696924231301e-03,1.280000000000000027e+00
1.551187796949237384e-03,-2.280156250000000107e+00
1.551587896974243683e-03,2.280000000000000249e+00
1.551987996999249983e-03,-2.240156250000000071e+00
1.552388097024256283e-03,-2.240156250000000071e+00
1.552788197049262582e-03,2.320000000000000284e+00
1.553188297074268665e-03,-1.920156250000000009e+00
1.553588397099274964e-03,2.000000000000000000e+00
1.553988497124281264e-03,2.080000000000000071e+00
1.554388597149287564e-03,-2.280156250000000107e+00
1.554788697174293646e-03,2.320000000000000284e+00
1.555188797199299946e-03,-2.280156250000000107e+00
1.555588897224306245e-03,-2.000156249999999858e+00
1.555988997249312545e-03,2.320000000000000284e+00
1.556389097274318845e-03,-2.040156249999999893e+00
1.556789197299324927e-03,2.240000000000000213e+00
1.557189297324331227e-03,2.280000000000000249e+00
1.557589397349337526e-03,-2.280156250000000107e+00
1.557989497374343826e-03,2.280000000000000249e+00
1.558389597399349909e-03,-2.240156250000000071e+00
1.558789697424356208e-03,-2.280156250000000107e+00
1.559189797449362508e-03,2.280000000000000249e+00
1.559589897474368807e-03,-2.280156250000000107e+00
1.559989997499375107e-03,2.280000000000000249e+00
1.560390097524381190e-03,-2.280156250000000107e+00
1.560790197549387489e-03,2.200000000000000178e+00
1.561190297574393789e-03,2.200000000000000178e+00
1.561590397599400088e-03,-2.280156250000000107e+00
1.561990497624406171e-03,-1.000156250000000080e+00
1.562390597649412471e-03,2.280000000000000249e+00
1.562790697674418770e-03,-2.280156250000000107e+00
1.563190797699425070e-03,2.320000000000000284e+00
1.563590897724431369e-03,1.760000000000000009e+00
1.563990997749437452e-03,-2.280156250000000107e+00
1.564391097774443752e-03,2.320000000000000284e+00
1.564791197799450051e-03,-2.280156250000000107e+00
1.565191297824456351e-03,-2.240156250000000071e+00
1.565591397849462434e-03,2.280000000000000249e+00
1.565991497874468733e-03,-2.280156250000000107e+00
1.566391597899475033e-03,1.800000000000000044e+00
1.566791697924481332e-03,2.320000000000000284e+00
1.567191797949487632e-03,-2.280156250000000107e+00
1.567591897974493715e-03,2.320000000000000284e+00
1.567991997999500014e-03,-2.320156250000000142e+00
1.568392098024506314e-03,-1.440156250000000027e+00
1.568792198049512613e-03,2.280000000000000249e+00
1.569192298074518696e-03,-2.280156250000000107e+00
1.569592398099524996e-03,2.040000000000000036e+00
1.569992498124531295e-03,2.040000000000000036e+00
1.570392598149537595e-03,-2.280156250000000107e+00
1.570792698174543894e-03,-1.680156250000000018e+00
1.571192798199549977e-03,2.280000000000000249e+00
1.571592898224556277e-03,-2.040156249999999893e+00
1.571992998249562576e-03,2.320000000000000284e+00
1.572393098274568876e-03,-2.280156250000000107e+00
1.572793198299574959e-03,2.200000000000000178e+00
1.573193298324581258e-03,2.200000000000000178e+00
1.573593398349587558e-03,-2.280156250000000107e+00
1.573993498374593857e-03,2.280000000000000249e+00
1.574393598399600157e-03,-2.280156250000000107e+00
1.574793698424606240e-03,-2.240156250000000071e+00
1.575193798449612539e-03,2.280000000000000249e+00
1.575593898474618839e-03,-2.280156250000000107e+00
1.575993998499625138e-03,1.360000000000000098e+00
1.576394098524631438e-03,2.320000000000000284e+00
1.576794198549637521e-03,-2.280156250000000107e+00
1.577194298574643820e-03,-1.960156249999999822e+00
1.577594398599650120e-03,2.280000000000000249e+00
1.577994498624656419e-03,-2.240156250000000071e+00
1.578394598649662502e-03,2.280000000000000249e+00
1.578794698674668802e-03,2.280000000000000249e+00
1.579194798699675101e-03,-2.280156250000000107e+00
1.579594898724681401e-03,2.320000000000000284e+00
1.579994998749687700e-03,-2.280156250000000107e+00
1.580395098774693783e-03,-1.760156250000000089e+00
1.580795198799700083e-03,2.280000000000000249e+00
1.581195298824706382e-03,-2.200156250000000036e+00
1.581595398849712682e-03,2.280000000000000249e+00
1.581995498874718764e-03,2.280000000000000249e+00
1.582395598899725064e-03,-2.280156250000000107e+00
1.582795698924731364e-03,2.280000000000000249e+00
1.583195798949737663e-03,-2.240156250000000071e+00
1.583595898974743963e-03,-2.280156250000000107e+00
1.583995998999750045e-03,2.320000000000000284e+00
1.584396099024756345e-03,-2.280156250000000107e+00
1.584796199049762645e-03,2.280000000000000249e+00
1.585196299074768944e-03,-2.280156250000000107e+00
1.585596399099775027e-03,2.080000000000000071e+00
1.585996499124781326e-03,2.120000000000000107e+00
1.586396599149787626e-03,-2.280156250000000107e+00
1.586796699174793926e-03,-1.200156250000000036e+00
1.587196799199800225e-03,2.280000000000000249e+00
1.587596899224806308e-03,-2.280156250000000107e+00
1.587996999249812607e-03,2.280000000000000249e+00
1.588397099274818907e-03,1.959999999999999964e+00
1.588797199299825207e-03,-2.240156250000000071e+00
1.589197299324831289e-03,2.280000000000000249e+00
1.589597399349837589e-03,-2.280156250000000107e+00
1.589997499374843888e-03,-2.240156250000000071e+00
1.590397599399850188e-03,2.280000000000000249e+00
1.590797699424856488e-03,-2.280156250000000107e+00
1.591197799449862570e-03,1.680000000000000160e+00
1.591597899474868870e-03,2.280000000000000249e+00
1.591997999499875169e-03,-2.280156250000000107e+00
1.592398099524881469e-03,2.280000000000000249e+00
1.592798199549887552e-03,-2.280156250000000107e+00
1.593198299574893851e-03,-1.440156250000000027e+00
1.593598399599900151e-03,2.280000000000000249e+00
1.593998499624906450e-03,-2.280156250000000107e+00
1.594398599649912750e-03,2.080000000000000071e+00
1.594798699674918833e-03,2.200000000000000178e+00
1.595198799699925132e-03,-2.280156250000000107e+00
1.595598899724931432e-03,2.280000000000000249e+00
1.595998999749937731e-03,-2.200156250000000036e+00
1.596399099774943814e-03,-2.240156250000000071e+00
1.596799199799950114e-03,2.280000000000000249e+00
1.597199299824956413e-03,-2.280156250000000107e+00
1.597599399849962713e-03,2.320000000000000284e+00
1.597999499874969013e-03,2.240000000000000213e+00
1.598399599899975095e-03,-2.280156250000000107e+00
1.598799699924981395e-03,1.880000000000000115e+00
1.599199799949987694e-03,-2.280156250000000107e+00
1.599599899974993994e-03,-1.880156249999999973e+00
1.600000000000000077e-03,2.280000000000000249e+00
